dataset,split,sample_id,source_split,source_sample_name,image_filename,mask_filename,image_relpath,mask_relpath,width,height,source_encoding,source_image,source_mask
YCOR,train,ycor_train_000000,train,iid000000,ycor_train_000000.jpg,ycor_train_000000.png,images/train/ycor_train_000000.jpg,masks/train/ycor_train_000000.png,1024,544,rgb_palette,train/iid000000/rgb.jpg,train/iid000000/labels.png
YCOR,train,ycor_train_000001,train,iid000001,ycor_train_000001.jpg,ycor_train_000001.png,images/train/ycor_train_000001.jpg,masks/train/ycor_train_000001.png,1024,544,rgb_palette,train/iid000001/rgb.jpg,train/iid000001/labels.png
YCOR,train,ycor_train_000002,train,iid000002,ycor_train_000002.jpg,ycor_train_000002.png,images/train/ycor_train_000002.jpg,masks/train/ycor_train_000002.png,1024,544,rgb_palette,train/iid000002/rgb.jpg,train/iid000002/labels.png
YCOR,train,ycor_train_000003,train,iid000003,ycor_train_000003.jpg,ycor_train_000003.png,images/train/ycor_train_000003.jpg,masks/train/ycor_train_000003.png,1024,544,rgb_palette,train/iid000003/rgb.jpg,train/iid000003/labels.png
YCOR,train,ycor_train_000004,train,iid000004,ycor_train_000004.jpg,ycor_train_000004.png,images/train/ycor_train_000004.jpg,masks/train/ycor_train_000004.png,1024,544,rgb_palette,train/iid000004/rgb.jpg,train/iid000004/labels.png
YCOR,train,ycor_train_000005,train,iid000005,ycor_train_000005.jpg,ycor_train_000005.png,images/train/ycor_train_000005.jpg,masks/train/ycor_train_000005.png,1024,544,rgb_palette,train/iid000005/rgb.jpg,train/iid000005/labels.png
YCOR,train,ycor_train_000006,train,iid000006,ycor_train_000006.jpg,ycor_train_000006.png,images/train/ycor_train_000006.jpg,masks/train/ycor_train_000006.png,1024,544,rgb_palette,train/iid000006/rgb.jpg,train/iid000006/labels.png
YCOR,train,ycor_train_000007,train,iid000007,ycor_train_000007.jpg,ycor_train_000007.png,images/train/ycor_train_000007.jpg,masks/train/ycor_train_000007.png,1024,544,rgb_palette,train/iid000007/rgb.jpg,train/iid000007/labels.png
YCOR,train,ycor_train_000008,train,iid000008,ycor_train_000008.jpg,ycor_train_000008.png,images/train/ycor_train_000008.jpg,masks/train/ycor_train_000008.png,1024,544,rgb_palette,train/iid000008/rgb.jpg,train/iid000008/labels.png
YCOR,train,ycor_train_000009,train,iid000009,ycor_train_000009.jpg,ycor_train_000009.png,images/train/ycor_train_000009.jpg,masks/train/ycor_train_000009.png,1024,544,rgb_palette,train/iid000009/rgb.jpg,train/iid000009/labels.png
YCOR,train,ycor_train_000010,train,iid000010,ycor_train_000010.jpg,ycor_train_000010.png,images/train/ycor_train_000010.jpg,masks/train/ycor_train_000010.png,1024,544,rgb_palette,train/iid000010/rgb.jpg,train/iid000010/labels.png
YCOR,train,ycor_train_000011,train,iid000011,ycor_train_000011.jpg,ycor_train_000011.png,images/train/ycor_train_000011.jpg,masks/train/ycor_train_000011.png,1024,544,rgb_palette,train/iid000011/rgb.jpg,train/iid000011/labels.png
YCOR,train,ycor_train_000012,train,iid000012,ycor_train_000012.jpg,ycor_train_000012.png,images/train/ycor_train_000012.jpg,masks/train/ycor_train_000012.png,1024,544,rgb_palette,train/iid000012/rgb.jpg,train/iid000012/labels.png
YCOR,train,ycor_train_000013,train,iid000013,ycor_train_000013.jpg,ycor_train_000013.png,images/train/ycor_train_000013.jpg,masks/train/ycor_train_000013.png,1024,544,rgb_palette,train/iid000013/rgb.jpg,train/iid000013/labels.png
YCOR,train,ycor_train_000014,train,iid000014,ycor_train_000014.jpg,ycor_train_000014.png,images/train/ycor_train_000014.jpg,masks/train/ycor_train_000014.png,1024,544,rgb_palette,train/iid000014/rgb.jpg,train/iid000014/labels.png
YCOR,train,ycor_train_000015,train,iid000015,ycor_train_000015.jpg,ycor_train_000015.png,images/train/ycor_train_000015.jpg,masks/train/ycor_train_000015.png,1024,544,rgb_palette,train/iid000015/rgb.jpg,train/iid000015/labels.png
YCOR,train,ycor_train_000016,train,iid000016,ycor_train_000016.jpg,ycor_train_000016.png,images/train/ycor_train_000016.jpg,masks/train/ycor_train_000016.png,1024,544,rgb_palette,train/iid000016/rgb.jpg,train/iid000016/labels.png
YCOR,train,ycor_train_000017,train,iid000017,ycor_train_000017.jpg,ycor_train_000017.png,images/train/ycor_train_000017.jpg,masks/train/ycor_train_000017.png,1024,544,rgb_palette,train/iid000017/rgb.jpg,train/iid000017/labels.png
YCOR,train,ycor_train_000018,train,iid000018,ycor_train_000018.jpg,ycor_train_000018.png,images/train/ycor_train_000018.jpg,masks/train/ycor_train_000018.png,1024,544,rgb_palette,train/iid000018/rgb.jpg,train/iid000018/labels.png
YCOR,train,ycor_train_000019,train,iid000019,ycor_train_000019.jpg,ycor_train_000019.png,images/train/ycor_train_000019.jpg,masks/train/ycor_train_000019.png,1024,544,rgb_palette,train/iid000019/rgb.jpg,train/iid000019/labels.png
YCOR,train,ycor_train_000020,train,iid000020,ycor_train_000020.jpg,ycor_train_000020.png,images/train/ycor_train_000020.jpg,masks/train/ycor_train_000020.png,1024,544,rgb_palette,train/iid000020/rgb.jpg,train/iid000020/labels.png
YCOR,train,ycor_train_000021,train,iid000021,ycor_train_000021.jpg,ycor_train_000021.png,images/train/ycor_train_000021.jpg,masks/train/ycor_train_000021.png,1024,544,rgb_palette,train/iid000021/rgb.jpg,train/iid000021/labels.png
YCOR,train,ycor_train_000022,train,iid000022,ycor_train_000022.jpg,ycor_train_000022.png,images/train/ycor_train_000022.jpg,masks/train/ycor_train_000022.png,1024,544,rgb_palette,train/iid000022/rgb.jpg,train/iid000022/labels.png
YCOR,train,ycor_train_000023,train,iid000033,ycor_train_000023.jpg,ycor_train_000023.png,images/train/ycor_train_000023.jpg,masks/train/ycor_train_000023.png,1024,544,rgb_palette,train/iid000033/rgb.jpg,train/iid000033/labels.png
YCOR,train,ycor_train_000024,train,iid000034,ycor_train_000024.jpg,ycor_train_000024.png,images/train/ycor_train_000024.jpg,masks/train/ycor_train_000024.png,1024,544,rgb_palette,train/iid000034/rgb.jpg,train/iid000034/labels.png
YCOR,train,ycor_train_000025,train,iid000035,ycor_train_000025.jpg,ycor_train_000025.png,images/train/ycor_train_000025.jpg,masks/train/ycor_train_000025.png,1024,544,rgb_palette,train/iid000035/rgb.jpg,train/iid000035/labels.png
YCOR,train,ycor_train_000026,train,iid000051,ycor_train_000026.jpg,ycor_train_000026.png,images/train/ycor_train_000026.jpg,masks/train/ycor_train_000026.png,1024,544,rgb_palette,train/iid000051/rgb.jpg,train/iid000051/labels.png
YCOR,train,ycor_train_000027,train,iid000052,ycor_train_000027.jpg,ycor_train_000027.png,images/train/ycor_train_000027.jpg,masks/train/ycor_train_000027.png,1024,544,rgb_palette,train/iid000052/rgb.jpg,train/iid000052/labels.png
YCOR,train,ycor_train_000028,train,iid000053,ycor_train_000028.jpg,ycor_train_000028.png,images/train/ycor_train_000028.jpg,masks/train/ycor_train_000028.png,1024,544,rgb_palette,train/iid000053/rgb.jpg,train/iid000053/labels.png
YCOR,train,ycor_train_000029,train,iid000054,ycor_train_000029.jpg,ycor_train_000029.png,images/train/ycor_train_000029.jpg,masks/train/ycor_train_000029.png,1024,544,rgb_palette,train/iid000054/rgb.jpg,train/iid000054/labels.png
YCOR,train,ycor_train_000030,train,iid000055,ycor_train_000030.jpg,ycor_train_000030.png,images/train/ycor_train_000030.jpg,masks/train/ycor_train_000030.png,1024,544,rgb_palette,train/iid000055/rgb.jpg,train/iid000055/labels.png
YCOR,train,ycor_train_000031,train,iid000056,ycor_train_000031.jpg,ycor_train_000031.png,images/train/ycor_train_000031.jpg,masks/train/ycor_train_000031.png,1024,544,rgb_palette,train/iid000056/rgb.jpg,train/iid000056/labels.png
YCOR,train,ycor_train_000032,train,iid000057,ycor_train_000032.jpg,ycor_train_000032.png,images/train/ycor_train_000032.jpg,masks/train/ycor_train_000032.png,1024,544,rgb_palette,train/iid000057/rgb.jpg,train/iid000057/labels.png
YCOR,train,ycor_train_000033,train,iid000058,ycor_train_000033.jpg,ycor_train_000033.png,images/train/ycor_train_000033.jpg,masks/train/ycor_train_000033.png,1024,544,rgb_palette,train/iid000058/rgb.jpg,train/iid000058/labels.png
YCOR,train,ycor_train_000034,train,iid000059,ycor_train_000034.jpg,ycor_train_000034.png,images/train/ycor_train_000034.jpg,masks/train/ycor_train_000034.png,1024,544,rgb_palette,train/iid000059/rgb.jpg,train/iid000059/labels.png
YCOR,train,ycor_train_000035,train,iid000060,ycor_train_000035.jpg,ycor_train_000035.png,images/train/ycor_train_000035.jpg,masks/train/ycor_train_000035.png,1024,544,rgb_palette,train/iid000060/rgb.jpg,train/iid000060/labels.png
YCOR,train,ycor_train_000036,train,iid000061,ycor_train_000036.jpg,ycor_train_000036.png,images/train/ycor_train_000036.jpg,masks/train/ycor_train_000036.png,1024,544,rgb_palette,train/iid000061/rgb.jpg,train/iid000061/labels.png
YCOR,train,ycor_train_000037,train,iid000062,ycor_train_000037.jpg,ycor_train_000037.png,images/train/ycor_train_000037.jpg,masks/train/ycor_train_000037.png,1024,544,rgb_palette,train/iid000062/rgb.jpg,train/iid000062/labels.png
YCOR,train,ycor_train_000038,train,iid000063,ycor_train_000038.jpg,ycor_train_000038.png,images/train/ycor_train_000038.jpg,masks/train/ycor_train_000038.png,1024,544,rgb_palette,train/iid000063/rgb.jpg,train/iid000063/labels.png
YCOR,train,ycor_train_000039,train,iid000064,ycor_train_000039.jpg,ycor_train_000039.png,images/train/ycor_train_000039.jpg,masks/train/ycor_train_000039.png,1024,544,rgb_palette,train/iid000064/rgb.jpg,train/iid000064/labels.png
YCOR,train,ycor_train_000040,train,iid000065,ycor_train_000040.jpg,ycor_train_000040.png,images/train/ycor_train_000040.jpg,masks/train/ycor_train_000040.png,1024,544,rgb_palette,train/iid000065/rgb.jpg,train/iid000065/labels.png
YCOR,train,ycor_train_000041,train,iid000068,ycor_train_000041.jpg,ycor_train_000041.png,images/train/ycor_train_000041.jpg,masks/train/ycor_train_000041.png,1024,544,rgb_palette,train/iid000068/rgb.jpg,train/iid000068/labels.png
YCOR,train,ycor_train_000042,train,iid000069,ycor_train_000042.jpg,ycor_train_000042.png,images/train/ycor_train_000042.jpg,masks/train/ycor_train_000042.png,1024,544,rgb_palette,train/iid000069/rgb.jpg,train/iid000069/labels.png
YCOR,train,ycor_train_000043,train,iid000070,ycor_train_000043.jpg,ycor_train_000043.png,images/train/ycor_train_000043.jpg,masks/train/ycor_train_000043.png,1024,544,rgb_palette,train/iid000070/rgb.jpg,train/iid000070/labels.png
YCOR,train,ycor_train_000044,train,iid000071,ycor_train_000044.jpg,ycor_train_000044.png,images/train/ycor_train_000044.jpg,masks/train/ycor_train_000044.png,1024,544,rgb_palette,train/iid000071/rgb.jpg,train/iid000071/labels.png
YCOR,train,ycor_train_000045,train,iid000085,ycor_train_000045.jpg,ycor_train_000045.png,images/train/ycor_train_000045.jpg,masks/train/ycor_train_000045.png,1024,544,rgb_palette,train/iid000085/rgb.jpg,train/iid000085/labels.png
YCOR,train,ycor_train_000046,train,iid000086,ycor_train_000046.jpg,ycor_train_000046.png,images/train/ycor_train_000046.jpg,masks/train/ycor_train_000046.png,1024,544,rgb_palette,train/iid000086/rgb.jpg,train/iid000086/labels.png
YCOR,train,ycor_train_000047,train,iid000087,ycor_train_000047.jpg,ycor_train_000047.png,images/train/ycor_train_000047.jpg,masks/train/ycor_train_000047.png,1024,544,rgb_palette,train/iid000087/rgb.jpg,train/iid000087/labels.png
YCOR,train,ycor_train_000048,train,iid000088,ycor_train_000048.jpg,ycor_train_000048.png,images/train/ycor_train_000048.jpg,masks/train/ycor_train_000048.png,1024,544,rgb_palette,train/iid000088/rgb.jpg,train/iid000088/labels.png
YCOR,train,ycor_train_000049,train,iid000089,ycor_train_000049.jpg,ycor_train_000049.png,images/train/ycor_train_000049.jpg,masks/train/ycor_train_000049.png,1024,544,rgb_palette,train/iid000089/rgb.jpg,train/iid000089/labels.png
YCOR,train,ycor_train_000050,train,iid000090,ycor_train_000050.jpg,ycor_train_000050.png,images/train/ycor_train_000050.jpg,masks/train/ycor_train_000050.png,1024,544,rgb_palette,train/iid000090/rgb.jpg,train/iid000090/labels.png
YCOR,train,ycor_train_000051,train,iid000091,ycor_train_000051.jpg,ycor_train_000051.png,images/train/ycor_train_000051.jpg,masks/train/ycor_train_000051.png,1024,544,rgb_palette,train/iid000091/rgb.jpg,train/iid000091/labels.png
YCOR,train,ycor_train_000052,train,iid000092,ycor_train_000052.jpg,ycor_train_000052.png,images/train/ycor_train_000052.jpg,masks/train/ycor_train_000052.png,1024,544,rgb_palette,train/iid000092/rgb.jpg,train/iid000092/labels.png
YCOR,train,ycor_train_000053,train,iid000093,ycor_train_000053.jpg,ycor_train_000053.png,images/train/ycor_train_000053.jpg,masks/train/ycor_train_000053.png,1024,544,rgb_palette,train/iid000093/rgb.jpg,train/iid000093/labels.png
YCOR,train,ycor_train_000054,train,iid000094,ycor_train_000054.jpg,ycor_train_000054.png,images/train/ycor_train_000054.jpg,masks/train/ycor_train_000054.png,1024,544,rgb_palette,train/iid000094/rgb.jpg,train/iid000094/labels.png
YCOR,train,ycor_train_000055,train,iid000095,ycor_train_000055.jpg,ycor_train_000055.png,images/train/ycor_train_000055.jpg,masks/train/ycor_train_000055.png,1024,544,rgb_palette,train/iid000095/rgb.jpg,train/iid000095/labels.png
YCOR,train,ycor_train_000056,train,iid000096,ycor_train_000056.jpg,ycor_train_000056.png,images/train/ycor_train_000056.jpg,masks/train/ycor_train_000056.png,1024,544,rgb_palette,train/iid000096/rgb.jpg,train/iid000096/labels.png
YCOR,train,ycor_train_000057,train,iid000097,ycor_train_000057.jpg,ycor_train_000057.png,images/train/ycor_train_000057.jpg,masks/train/ycor_train_000057.png,1024,544,rgb_palette,train/iid000097/rgb.jpg,train/iid000097/labels.png
YCOR,train,ycor_train_000058,train,iid000099,ycor_train_000058.jpg,ycor_train_000058.png,images/train/ycor_train_000058.jpg,masks/train/ycor_train_000058.png,1024,544,rgb_palette,train/iid000099/rgb.jpg,train/iid000099/labels.png
YCOR,train,ycor_train_000059,train,iid000100,ycor_train_000059.jpg,ycor_train_000059.png,images/train/ycor_train_000059.jpg,masks/train/ycor_train_000059.png,1024,544,rgb_palette,train/iid000100/rgb.jpg,train/iid000100/labels.png
YCOR,train,ycor_train_000060,train,iid000101,ycor_train_000060.jpg,ycor_train_000060.png,images/train/ycor_train_000060.jpg,masks/train/ycor_train_000060.png,1024,544,rgb_palette,train/iid000101/rgb.jpg,train/iid000101/labels.png
YCOR,train,ycor_train_000061,train,iid000102,ycor_train_000061.jpg,ycor_train_000061.png,images/train/ycor_train_000061.jpg,masks/train/ycor_train_000061.png,1024,544,rgb_palette,train/iid000102/rgb.jpg,train/iid000102/labels.png
YCOR,train,ycor_train_000062,train,iid000103,ycor_train_000062.jpg,ycor_train_000062.png,images/train/ycor_train_000062.jpg,masks/train/ycor_train_000062.png,1024,544,rgb_palette,train/iid000103/rgb.jpg,train/iid000103/labels.png
YCOR,train,ycor_train_000063,train,iid000104,ycor_train_000063.jpg,ycor_train_000063.png,images/train/ycor_train_000063.jpg,masks/train/ycor_train_000063.png,1024,544,rgb_palette,train/iid000104/rgb.jpg,train/iid000104/labels.png
YCOR,train,ycor_train_000064,train,iid000105,ycor_train_000064.jpg,ycor_train_000064.png,images/train/ycor_train_000064.jpg,masks/train/ycor_train_000064.png,1024,544,rgb_palette,train/iid000105/rgb.jpg,train/iid000105/labels.png
YCOR,train,ycor_train_000065,train,iid000106,ycor_train_000065.jpg,ycor_train_000065.png,images/train/ycor_train_000065.jpg,masks/train/ycor_train_000065.png,1024,544,rgb_palette,train/iid000106/rgb.jpg,train/iid000106/labels.png
YCOR,train,ycor_train_000066,train,iid000107,ycor_train_000066.jpg,ycor_train_000066.png,images/train/ycor_train_000066.jpg,masks/train/ycor_train_000066.png,1024,544,rgb_palette,train/iid000107/rgb.jpg,train/iid000107/labels.png
YCOR,train,ycor_train_000067,train,iid000108,ycor_train_000067.jpg,ycor_train_000067.png,images/train/ycor_train_000067.jpg,masks/train/ycor_train_000067.png,1024,544,rgb_palette,train/iid000108/rgb.jpg,train/iid000108/labels.png
YCOR,train,ycor_train_000068,train,iid000109,ycor_train_000068.jpg,ycor_train_000068.png,images/train/ycor_train_000068.jpg,masks/train/ycor_train_000068.png,1024,544,rgb_palette,train/iid000109/rgb.jpg,train/iid000109/labels.png
YCOR,train,ycor_train_000069,train,iid000110,ycor_train_000069.jpg,ycor_train_000069.png,images/train/ycor_train_000069.jpg,masks/train/ycor_train_000069.png,1024,544,rgb_palette,train/iid000110/rgb.jpg,train/iid000110/labels.png
YCOR,train,ycor_train_000070,train,iid000111,ycor_train_000070.jpg,ycor_train_000070.png,images/train/ycor_train_000070.jpg,masks/train/ycor_train_000070.png,1024,544,rgb_palette,train/iid000111/rgb.jpg,train/iid000111/labels.png
YCOR,train,ycor_train_000071,train,iid000112,ycor_train_000071.jpg,ycor_train_000071.png,images/train/ycor_train_000071.jpg,masks/train/ycor_train_000071.png,1024,544,rgb_palette,train/iid000112/rgb.jpg,train/iid000112/labels.png
YCOR,train,ycor_train_000072,train,iid000113,ycor_train_000072.jpg,ycor_train_000072.png,images/train/ycor_train_000072.jpg,masks/train/ycor_train_000072.png,1024,544,rgb_palette,train/iid000113/rgb.jpg,train/iid000113/labels.png
YCOR,train,ycor_train_000073,train,iid000114,ycor_train_000073.jpg,ycor_train_000073.png,images/train/ycor_train_000073.jpg,masks/train/ycor_train_000073.png,1024,544,rgb_palette,train/iid000114/rgb.jpg,train/iid000114/labels.png
YCOR,train,ycor_train_000074,train,iid000115,ycor_train_000074.jpg,ycor_train_000074.png,images/train/ycor_train_000074.jpg,masks/train/ycor_train_000074.png,1024,544,rgb_palette,train/iid000115/rgb.jpg,train/iid000115/labels.png
YCOR,train,ycor_train_000075,train,iid000116,ycor_train_000075.jpg,ycor_train_000075.png,images/train/ycor_train_000075.jpg,masks/train/ycor_train_000075.png,1024,544,rgb_palette,train/iid000116/rgb.jpg,train/iid000116/labels.png
YCOR,train,ycor_train_000076,train,iid000117,ycor_train_000076.jpg,ycor_train_000076.png,images/train/ycor_train_000076.jpg,masks/train/ycor_train_000076.png,1024,544,rgb_palette,train/iid000117/rgb.jpg,train/iid000117/labels.png
YCOR,train,ycor_train_000077,train,iid000118,ycor_train_000077.jpg,ycor_train_000077.png,images/train/ycor_train_000077.jpg,masks/train/ycor_train_000077.png,1024,544,rgb_palette,train/iid000118/rgb.jpg,train/iid000118/labels.png
YCOR,train,ycor_train_000078,train,iid000119,ycor_train_000078.jpg,ycor_train_000078.png,images/train/ycor_train_000078.jpg,masks/train/ycor_train_000078.png,1024,544,rgb_palette,train/iid000119/rgb.jpg,train/iid000119/labels.png
YCOR,train,ycor_train_000079,train,iid000120,ycor_train_000079.jpg,ycor_train_000079.png,images/train/ycor_train_000079.jpg,masks/train/ycor_train_000079.png,1024,544,rgb_palette,train/iid000120/rgb.jpg,train/iid000120/labels.png
YCOR,train,ycor_train_000080,train,iid000121,ycor_train_000080.jpg,ycor_train_000080.png,images/train/ycor_train_000080.jpg,masks/train/ycor_train_000080.png,1024,544,rgb_palette,train/iid000121/rgb.jpg,train/iid000121/labels.png
YCOR,train,ycor_train_000081,train,iid000122,ycor_train_000081.jpg,ycor_train_000081.png,images/train/ycor_train_000081.jpg,masks/train/ycor_train_000081.png,1024,544,rgb_palette,train/iid000122/rgb.jpg,train/iid000122/labels.png
YCOR,train,ycor_train_000082,train,iid000123,ycor_train_000082.jpg,ycor_train_000082.png,images/train/ycor_train_000082.jpg,masks/train/ycor_train_000082.png,1024,544,rgb_palette,train/iid000123/rgb.jpg,train/iid000123/labels.png
YCOR,train,ycor_train_000083,train,iid000124,ycor_train_000083.jpg,ycor_train_000083.png,images/train/ycor_train_000083.jpg,masks/train/ycor_train_000083.png,1024,544,rgb_palette,train/iid000124/rgb.jpg,train/iid000124/labels.png
YCOR,train,ycor_train_000084,train,iid000125,ycor_train_000084.jpg,ycor_train_000084.png,images/train/ycor_train_000084.jpg,masks/train/ycor_train_000084.png,1024,544,rgb_palette,train/iid000125/rgb.jpg,train/iid000125/labels.png
YCOR,train,ycor_train_000085,train,iid000126,ycor_train_000085.jpg,ycor_train_000085.png,images/train/ycor_train_000085.jpg,masks/train/ycor_train_000085.png,1024,544,rgb_palette,train/iid000126/rgb.jpg,train/iid000126/labels.png
YCOR,train,ycor_train_000086,train,iid000127,ycor_train_000086.jpg,ycor_train_000086.png,images/train/ycor_train_000086.jpg,masks/train/ycor_train_000086.png,1024,544,rgb_palette,train/iid000127/rgb.jpg,train/iid000127/labels.png
YCOR,train,ycor_train_000087,train,iid000128,ycor_train_000087.jpg,ycor_train_000087.png,images/train/ycor_train_000087.jpg,masks/train/ycor_train_000087.png,1024,544,rgb_palette,train/iid000128/rgb.jpg,train/iid000128/labels.png
YCOR,train,ycor_train_000088,train,iid000129,ycor_train_000088.jpg,ycor_train_000088.png,images/train/ycor_train_000088.jpg,masks/train/ycor_train_000088.png,1024,544,rgb_palette,train/iid000129/rgb.jpg,train/iid000129/labels.png
YCOR,train,ycor_train_000089,train,iid000131,ycor_train_000089.jpg,ycor_train_000089.png,images/train/ycor_train_000089.jpg,masks/train/ycor_train_000089.png,1024,544,rgb_palette,train/iid000131/rgb.jpg,train/iid000131/labels.png
YCOR,train,ycor_train_000090,train,iid000132,ycor_train_000090.jpg,ycor_train_000090.png,images/train/ycor_train_000090.jpg,masks/train/ycor_train_000090.png,1024,544,rgb_palette,train/iid000132/rgb.jpg,train/iid000132/labels.png
YCOR,train,ycor_train_000091,train,iid000133,ycor_train_000091.jpg,ycor_train_000091.png,images/train/ycor_train_000091.jpg,masks/train/ycor_train_000091.png,1024,544,rgb_palette,train/iid000133/rgb.jpg,train/iid000133/labels.png
YCOR,train,ycor_train_000092,train,iid000134,ycor_train_000092.jpg,ycor_train_000092.png,images/train/ycor_train_000092.jpg,masks/train/ycor_train_000092.png,1024,544,rgb_palette,train/iid000134/rgb.jpg,train/iid000134/labels.png
YCOR,train,ycor_train_000093,train,iid000135,ycor_train_000093.jpg,ycor_train_000093.png,images/train/ycor_train_000093.jpg,masks/train/ycor_train_000093.png,1024,544,rgb_palette,train/iid000135/rgb.jpg,train/iid000135/labels.png
YCOR,train,ycor_train_000094,train,iid000152,ycor_train_000094.jpg,ycor_train_000094.png,images/train/ycor_train_000094.jpg,masks/train/ycor_train_000094.png,1024,544,rgb_palette,train/iid000152/rgb.jpg,train/iid000152/labels.png
YCOR,train,ycor_train_000095,train,iid000153,ycor_train_000095.jpg,ycor_train_000095.png,images/train/ycor_train_000095.jpg,masks/train/ycor_train_000095.png,1024,544,rgb_palette,train/iid000153/rgb.jpg,train/iid000153/labels.png
YCOR,train,ycor_train_000096,train,iid000154,ycor_train_000096.jpg,ycor_train_000096.png,images/train/ycor_train_000096.jpg,masks/train/ycor_train_000096.png,1024,544,rgb_palette,train/iid000154/rgb.jpg,train/iid000154/labels.png
YCOR,train,ycor_train_000097,train,iid000155,ycor_train_000097.jpg,ycor_train_000097.png,images/train/ycor_train_000097.jpg,masks/train/ycor_train_000097.png,1024,544,rgb_palette,train/iid000155/rgb.jpg,train/iid000155/labels.png
YCOR,train,ycor_train_000098,train,iid000156,ycor_train_000098.jpg,ycor_train_000098.png,images/train/ycor_train_000098.jpg,masks/train/ycor_train_000098.png,1024,544,rgb_palette,train/iid000156/rgb.jpg,train/iid000156/labels.png
YCOR,train,ycor_train_000099,train,iid000157,ycor_train_000099.jpg,ycor_train_000099.png,images/train/ycor_train_000099.jpg,masks/train/ycor_train_000099.png,1024,544,rgb_palette,train/iid000157/rgb.jpg,train/iid000157/labels.png
YCOR,train,ycor_train_000100,train,iid000158,ycor_train_000100.jpg,ycor_train_000100.png,images/train/ycor_train_000100.jpg,masks/train/ycor_train_000100.png,1024,544,rgb_palette,train/iid000158/rgb.jpg,train/iid000158/labels.png
YCOR,train,ycor_train_000101,train,iid000159,ycor_train_000101.jpg,ycor_train_000101.png,images/train/ycor_train_000101.jpg,masks/train/ycor_train_000101.png,1024,544,rgb_palette,train/iid000159/rgb.jpg,train/iid000159/labels.png
YCOR,train,ycor_train_000102,train,iid000160,ycor_train_000102.jpg,ycor_train_000102.png,images/train/ycor_train_000102.jpg,masks/train/ycor_train_000102.png,1024,544,rgb_palette,train/iid000160/rgb.jpg,train/iid000160/labels.png
YCOR,train,ycor_train_000103,train,iid000161,ycor_train_000103.jpg,ycor_train_000103.png,images/train/ycor_train_000103.jpg,masks/train/ycor_train_000103.png,1024,544,rgb_palette,train/iid000161/rgb.jpg,train/iid000161/labels.png
YCOR,train,ycor_train_000104,train,iid000162,ycor_train_000104.jpg,ycor_train_000104.png,images/train/ycor_train_000104.jpg,masks/train/ycor_train_000104.png,1024,544,rgb_palette,train/iid000162/rgb.jpg,train/iid000162/labels.png
YCOR,train,ycor_train_000105,train,iid000163,ycor_train_000105.jpg,ycor_train_000105.png,images/train/ycor_train_000105.jpg,masks/train/ycor_train_000105.png,1024,544,rgb_palette,train/iid000163/rgb.jpg,train/iid000163/labels.png
YCOR,train,ycor_train_000106,train,iid000164,ycor_train_000106.jpg,ycor_train_000106.png,images/train/ycor_train_000106.jpg,masks/train/ycor_train_000106.png,1024,544,rgb_palette,train/iid000164/rgb.jpg,train/iid000164/labels.png
YCOR,train,ycor_train_000107,train,iid000165,ycor_train_000107.jpg,ycor_train_000107.png,images/train/ycor_train_000107.jpg,masks/train/ycor_train_000107.png,1024,544,rgb_palette,train/iid000165/rgb.jpg,train/iid000165/labels.png
YCOR,train,ycor_train_000108,train,iid000166,ycor_train_000108.jpg,ycor_train_000108.png,images/train/ycor_train_000108.jpg,masks/train/ycor_train_000108.png,1024,544,rgb_palette,train/iid000166/rgb.jpg,train/iid000166/labels.png
YCOR,train,ycor_train_000109,train,iid000167,ycor_train_000109.jpg,ycor_train_000109.png,images/train/ycor_train_000109.jpg,masks/train/ycor_train_000109.png,1024,544,rgb_palette,train/iid000167/rgb.jpg,train/iid000167/labels.png
YCOR,train,ycor_train_000110,train,iid000168,ycor_train_000110.jpg,ycor_train_000110.png,images/train/ycor_train_000110.jpg,masks/train/ycor_train_000110.png,1024,544,rgb_palette,train/iid000168/rgb.jpg,train/iid000168/labels.png
YCOR,train,ycor_train_000111,train,iid000169,ycor_train_000111.jpg,ycor_train_000111.png,images/train/ycor_train_000111.jpg,masks/train/ycor_train_000111.png,1024,544,rgb_palette,train/iid000169/rgb.jpg,train/iid000169/labels.png
YCOR,train,ycor_train_000112,train,iid000170,ycor_train_000112.jpg,ycor_train_000112.png,images/train/ycor_train_000112.jpg,masks/train/ycor_train_000112.png,1024,544,rgb_palette,train/iid000170/rgb.jpg,train/iid000170/labels.png
YCOR,train,ycor_train_000113,train,iid000171,ycor_train_000113.jpg,ycor_train_000113.png,images/train/ycor_train_000113.jpg,masks/train/ycor_train_000113.png,1024,544,rgb_palette,train/iid000171/rgb.jpg,train/iid000171/labels.png
YCOR,train,ycor_train_000114,train,iid000172,ycor_train_000114.jpg,ycor_train_000114.png,images/train/ycor_train_000114.jpg,masks/train/ycor_train_000114.png,1024,544,rgb_palette,train/iid000172/rgb.jpg,train/iid000172/labels.png
YCOR,train,ycor_train_000115,train,iid000173,ycor_train_000115.jpg,ycor_train_000115.png,images/train/ycor_train_000115.jpg,masks/train/ycor_train_000115.png,1024,544,rgb_palette,train/iid000173/rgb.jpg,train/iid000173/labels.png
YCOR,train,ycor_train_000116,train,iid000174,ycor_train_000116.jpg,ycor_train_000116.png,images/train/ycor_train_000116.jpg,masks/train/ycor_train_000116.png,1024,544,rgb_palette,train/iid000174/rgb.jpg,train/iid000174/labels.png
YCOR,train,ycor_train_000117,train,iid000175,ycor_train_000117.jpg,ycor_train_000117.png,images/train/ycor_train_000117.jpg,masks/train/ycor_train_000117.png,1024,544,rgb_palette,train/iid000175/rgb.jpg,train/iid000175/labels.png
YCOR,train,ycor_train_000118,train,iid000176,ycor_train_000118.jpg,ycor_train_000118.png,images/train/ycor_train_000118.jpg,masks/train/ycor_train_000118.png,1024,544,rgb_palette,train/iid000176/rgb.jpg,train/iid000176/labels.png
YCOR,train,ycor_train_000119,train,iid000177,ycor_train_000119.jpg,ycor_train_000119.png,images/train/ycor_train_000119.jpg,masks/train/ycor_train_000119.png,1024,544,rgb_palette,train/iid000177/rgb.jpg,train/iid000177/labels.png
YCOR,train,ycor_train_000120,train,iid000178,ycor_train_000120.jpg,ycor_train_000120.png,images/train/ycor_train_000120.jpg,masks/train/ycor_train_000120.png,1024,544,rgb_palette,train/iid000178/rgb.jpg,train/iid000178/labels.png
YCOR,train,ycor_train_000121,train,iid000179,ycor_train_000121.jpg,ycor_train_000121.png,images/train/ycor_train_000121.jpg,masks/train/ycor_train_000121.png,1024,544,rgb_palette,train/iid000179/rgb.jpg,train/iid000179/labels.png
YCOR,train,ycor_train_000122,train,iid000180,ycor_train_000122.jpg,ycor_train_000122.png,images/train/ycor_train_000122.jpg,masks/train/ycor_train_000122.png,1024,544,rgb_palette,train/iid000180/rgb.jpg,train/iid000180/labels.png
YCOR,train,ycor_train_000123,train,iid000181,ycor_train_000123.jpg,ycor_train_000123.png,images/train/ycor_train_000123.jpg,masks/train/ycor_train_000123.png,1024,544,rgb_palette,train/iid000181/rgb.jpg,train/iid000181/labels.png
YCOR,train,ycor_train_000124,train,iid000182,ycor_train_000124.jpg,ycor_train_000124.png,images/train/ycor_train_000124.jpg,masks/train/ycor_train_000124.png,1024,544,rgb_palette,train/iid000182/rgb.jpg,train/iid000182/labels.png
YCOR,train,ycor_train_000125,train,iid000183,ycor_train_000125.jpg,ycor_train_000125.png,images/train/ycor_train_000125.jpg,masks/train/ycor_train_000125.png,1024,544,rgb_palette,train/iid000183/rgb.jpg,train/iid000183/labels.png
YCOR,train,ycor_train_000126,train,iid000184,ycor_train_000126.jpg,ycor_train_000126.png,images/train/ycor_train_000126.jpg,masks/train/ycor_train_000126.png,1024,544,rgb_palette,train/iid000184/rgb.jpg,train/iid000184/labels.png
YCOR,train,ycor_train_000127,train,iid000185,ycor_train_000127.jpg,ycor_train_000127.png,images/train/ycor_train_000127.jpg,masks/train/ycor_train_000127.png,1024,544,rgb_palette,train/iid000185/rgb.jpg,train/iid000185/labels.png
YCOR,train,ycor_train_000128,train,iid000186,ycor_train_000128.jpg,ycor_train_000128.png,images/train/ycor_train_000128.jpg,masks/train/ycor_train_000128.png,1024,544,rgb_palette,train/iid000186/rgb.jpg,train/iid000186/labels.png
YCOR,train,ycor_train_000129,train,iid000187,ycor_train_000129.jpg,ycor_train_000129.png,images/train/ycor_train_000129.jpg,masks/train/ycor_train_000129.png,1024,544,rgb_palette,train/iid000187/rgb.jpg,train/iid000187/labels.png
YCOR,train,ycor_train_000130,train,iid000188,ycor_train_000130.jpg,ycor_train_000130.png,images/train/ycor_train_000130.jpg,masks/train/ycor_train_000130.png,1024,544,rgb_palette,train/iid000188/rgb.jpg,train/iid000188/labels.png
YCOR,train,ycor_train_000131,train,iid000189,ycor_train_000131.jpg,ycor_train_000131.png,images/train/ycor_train_000131.jpg,masks/train/ycor_train_000131.png,1024,544,rgb_palette,train/iid000189/rgb.jpg,train/iid000189/labels.png
YCOR,train,ycor_train_000132,train,iid000190,ycor_train_000132.jpg,ycor_train_000132.png,images/train/ycor_train_000132.jpg,masks/train/ycor_train_000132.png,1024,544,rgb_palette,train/iid000190/rgb.jpg,train/iid000190/labels.png
YCOR,train,ycor_train_000133,train,iid000191,ycor_train_000133.jpg,ycor_train_000133.png,images/train/ycor_train_000133.jpg,masks/train/ycor_train_000133.png,1024,544,rgb_palette,train/iid000191/rgb.jpg,train/iid000191/labels.png
YCOR,train,ycor_train_000134,train,iid000192,ycor_train_000134.jpg,ycor_train_000134.png,images/train/ycor_train_000134.jpg,masks/train/ycor_train_000134.png,1024,544,rgb_palette,train/iid000192/rgb.jpg,train/iid000192/labels.png
YCOR,train,ycor_train_000135,train,iid000193,ycor_train_000135.jpg,ycor_train_000135.png,images/train/ycor_train_000135.jpg,masks/train/ycor_train_000135.png,1024,544,rgb_palette,train/iid000193/rgb.jpg,train/iid000193/labels.png
YCOR,train,ycor_train_000136,train,iid000194,ycor_train_000136.jpg,ycor_train_000136.png,images/train/ycor_train_000136.jpg,masks/train/ycor_train_000136.png,1024,544,rgb_palette,train/iid000194/rgb.jpg,train/iid000194/labels.png
YCOR,train,ycor_train_000137,train,iid000195,ycor_train_000137.jpg,ycor_train_000137.png,images/train/ycor_train_000137.jpg,masks/train/ycor_train_000137.png,1024,544,rgb_palette,train/iid000195/rgb.jpg,train/iid000195/labels.png
YCOR,train,ycor_train_000138,train,iid000196,ycor_train_000138.jpg,ycor_train_000138.png,images/train/ycor_train_000138.jpg,masks/train/ycor_train_000138.png,1024,544,rgb_palette,train/iid000196/rgb.jpg,train/iid000196/labels.png
YCOR,train,ycor_train_000139,train,iid000197,ycor_train_000139.jpg,ycor_train_000139.png,images/train/ycor_train_000139.jpg,masks/train/ycor_train_000139.png,1024,544,rgb_palette,train/iid000197/rgb.jpg,train/iid000197/labels.png
YCOR,train,ycor_train_000140,train,iid000198,ycor_train_000140.jpg,ycor_train_000140.png,images/train/ycor_train_000140.jpg,masks/train/ycor_train_000140.png,1024,544,rgb_palette,train/iid000198/rgb.jpg,train/iid000198/labels.png
YCOR,train,ycor_train_000141,train,iid000199,ycor_train_000141.jpg,ycor_train_000141.png,images/train/ycor_train_000141.jpg,masks/train/ycor_train_000141.png,1024,544,rgb_palette,train/iid000199/rgb.jpg,train/iid000199/labels.png
YCOR,train,ycor_train_000142,train,iid000200,ycor_train_000142.jpg,ycor_train_000142.png,images/train/ycor_train_000142.jpg,masks/train/ycor_train_000142.png,1024,544,rgb_palette,train/iid000200/rgb.jpg,train/iid000200/labels.png
YCOR,train,ycor_train_000143,train,iid000201,ycor_train_000143.jpg,ycor_train_000143.png,images/train/ycor_train_000143.jpg,masks/train/ycor_train_000143.png,1024,544,rgb_palette,train/iid000201/rgb.jpg,train/iid000201/labels.png
YCOR,train,ycor_train_000144,train,iid000202,ycor_train_000144.jpg,ycor_train_000144.png,images/train/ycor_train_000144.jpg,masks/train/ycor_train_000144.png,1024,544,rgb_palette,train/iid000202/rgb.jpg,train/iid000202/labels.png
YCOR,train,ycor_train_000145,train,iid000203,ycor_train_000145.jpg,ycor_train_000145.png,images/train/ycor_train_000145.jpg,masks/train/ycor_train_000145.png,1024,544,rgb_palette,train/iid000203/rgb.jpg,train/iid000203/labels.png
YCOR,train,ycor_train_000146,train,iid000204,ycor_train_000146.jpg,ycor_train_000146.png,images/train/ycor_train_000146.jpg,masks/train/ycor_train_000146.png,1024,544,rgb_palette,train/iid000204/rgb.jpg,train/iid000204/labels.png
YCOR,train,ycor_train_000147,train,iid000205,ycor_train_000147.jpg,ycor_train_000147.png,images/train/ycor_train_000147.jpg,masks/train/ycor_train_000147.png,1024,544,rgb_palette,train/iid000205/rgb.jpg,train/iid000205/labels.png
YCOR,train,ycor_train_000148,train,iid000206,ycor_train_000148.jpg,ycor_train_000148.png,images/train/ycor_train_000148.jpg,masks/train/ycor_train_000148.png,1024,544,rgb_palette,train/iid000206/rgb.jpg,train/iid000206/labels.png
YCOR,train,ycor_train_000149,train,iid000207,ycor_train_000149.jpg,ycor_train_000149.png,images/train/ycor_train_000149.jpg,masks/train/ycor_train_000149.png,1024,544,rgb_palette,train/iid000207/rgb.jpg,train/iid000207/labels.png
YCOR,train,ycor_train_000150,train,iid000208,ycor_train_000150.jpg,ycor_train_000150.png,images/train/ycor_train_000150.jpg,masks/train/ycor_train_000150.png,1024,544,rgb_palette,train/iid000208/rgb.jpg,train/iid000208/labels.png
YCOR,train,ycor_train_000151,train,iid000209,ycor_train_000151.jpg,ycor_train_000151.png,images/train/ycor_train_000151.jpg,masks/train/ycor_train_000151.png,1024,544,rgb_palette,train/iid000209/rgb.jpg,train/iid000209/labels.png
YCOR,train,ycor_train_000152,train,iid000210,ycor_train_000152.jpg,ycor_train_000152.png,images/train/ycor_train_000152.jpg,masks/train/ycor_train_000152.png,1024,544,rgb_palette,train/iid000210/rgb.jpg,train/iid000210/labels.png
YCOR,train,ycor_train_000153,train,iid000211,ycor_train_000153.jpg,ycor_train_000153.png,images/train/ycor_train_000153.jpg,masks/train/ycor_train_000153.png,1024,544,rgb_palette,train/iid000211/rgb.jpg,train/iid000211/labels.png
YCOR,train,ycor_train_000154,train,iid000212,ycor_train_000154.jpg,ycor_train_000154.png,images/train/ycor_train_000154.jpg,masks/train/ycor_train_000154.png,1024,544,rgb_palette,train/iid000212/rgb.jpg,train/iid000212/labels.png
YCOR,train,ycor_train_000155,train,iid000213,ycor_train_000155.jpg,ycor_train_000155.png,images/train/ycor_train_000155.jpg,masks/train/ycor_train_000155.png,1024,544,rgb_palette,train/iid000213/rgb.jpg,train/iid000213/labels.png
YCOR,train,ycor_train_000156,train,iid000214,ycor_train_000156.jpg,ycor_train_000156.png,images/train/ycor_train_000156.jpg,masks/train/ycor_train_000156.png,1024,544,rgb_palette,train/iid000214/rgb.jpg,train/iid000214/labels.png
YCOR,train,ycor_train_000157,train,iid000215,ycor_train_000157.jpg,ycor_train_000157.png,images/train/ycor_train_000157.jpg,masks/train/ycor_train_000157.png,1024,544,rgb_palette,train/iid000215/rgb.jpg,train/iid000215/labels.png
YCOR,train,ycor_train_000158,train,iid000216,ycor_train_000158.jpg,ycor_train_000158.png,images/train/ycor_train_000158.jpg,masks/train/ycor_train_000158.png,1024,544,rgb_palette,train/iid000216/rgb.jpg,train/iid000216/labels.png
YCOR,train,ycor_train_000159,train,iid000217,ycor_train_000159.jpg,ycor_train_000159.png,images/train/ycor_train_000159.jpg,masks/train/ycor_train_000159.png,1024,544,rgb_palette,train/iid000217/rgb.jpg,train/iid000217/labels.png
YCOR,train,ycor_train_000160,train,iid000218,ycor_train_000160.jpg,ycor_train_000160.png,images/train/ycor_train_000160.jpg,masks/train/ycor_train_000160.png,1024,544,rgb_palette,train/iid000218/rgb.jpg,train/iid000218/labels.png
YCOR,train,ycor_train_000161,train,iid000219,ycor_train_000161.jpg,ycor_train_000161.png,images/train/ycor_train_000161.jpg,masks/train/ycor_train_000161.png,1024,544,rgb_palette,train/iid000219/rgb.jpg,train/iid000219/labels.png
YCOR,train,ycor_train_000162,train,iid000220,ycor_train_000162.jpg,ycor_train_000162.png,images/train/ycor_train_000162.jpg,masks/train/ycor_train_000162.png,1024,544,rgb_palette,train/iid000220/rgb.jpg,train/iid000220/labels.png
YCOR,train,ycor_train_000163,train,iid000221,ycor_train_000163.jpg,ycor_train_000163.png,images/train/ycor_train_000163.jpg,masks/train/ycor_train_000163.png,1024,544,rgb_palette,train/iid000221/rgb.jpg,train/iid000221/labels.png
YCOR,train,ycor_train_000164,train,iid000222,ycor_train_000164.jpg,ycor_train_000164.png,images/train/ycor_train_000164.jpg,masks/train/ycor_train_000164.png,1024,544,rgb_palette,train/iid000222/rgb.jpg,train/iid000222/labels.png
YCOR,train,ycor_train_000165,train,iid000223,ycor_train_000165.jpg,ycor_train_000165.png,images/train/ycor_train_000165.jpg,masks/train/ycor_train_000165.png,1024,544,rgb_palette,train/iid000223/rgb.jpg,train/iid000223/labels.png
YCOR,train,ycor_train_000166,train,iid000224,ycor_train_000166.jpg,ycor_train_000166.png,images/train/ycor_train_000166.jpg,masks/train/ycor_train_000166.png,1024,544,rgb_palette,train/iid000224/rgb.jpg,train/iid000224/labels.png
YCOR,train,ycor_train_000167,train,iid000225,ycor_train_000167.jpg,ycor_train_000167.png,images/train/ycor_train_000167.jpg,masks/train/ycor_train_000167.png,1024,544,rgb_palette,train/iid000225/rgb.jpg,train/iid000225/labels.png
YCOR,train,ycor_train_000168,train,iid000226,ycor_train_000168.jpg,ycor_train_000168.png,images/train/ycor_train_000168.jpg,masks/train/ycor_train_000168.png,1024,544,rgb_palette,train/iid000226/rgb.jpg,train/iid000226/labels.png
YCOR,train,ycor_train_000169,train,iid000227,ycor_train_000169.jpg,ycor_train_000169.png,images/train/ycor_train_000169.jpg,masks/train/ycor_train_000169.png,1024,544,rgb_palette,train/iid000227/rgb.jpg,train/iid000227/labels.png
YCOR,train,ycor_train_000170,train,iid000228,ycor_train_000170.jpg,ycor_train_000170.png,images/train/ycor_train_000170.jpg,masks/train/ycor_train_000170.png,1024,544,rgb_palette,train/iid000228/rgb.jpg,train/iid000228/labels.png
YCOR,train,ycor_train_000171,train,iid000229,ycor_train_000171.jpg,ycor_train_000171.png,images/train/ycor_train_000171.jpg,masks/train/ycor_train_000171.png,1024,544,rgb_palette,train/iid000229/rgb.jpg,train/iid000229/labels.png
YCOR,train,ycor_train_000172,train,iid000230,ycor_train_000172.jpg,ycor_train_000172.png,images/train/ycor_train_000172.jpg,masks/train/ycor_train_000172.png,1024,544,rgb_palette,train/iid000230/rgb.jpg,train/iid000230/labels.png
YCOR,train,ycor_train_000173,train,iid000237,ycor_train_000173.jpg,ycor_train_000173.png,images/train/ycor_train_000173.jpg,masks/train/ycor_train_000173.png,1024,544,rgb_palette,train/iid000237/rgb.jpg,train/iid000237/labels.png
YCOR,train,ycor_train_000174,train,iid000238,ycor_train_000174.jpg,ycor_train_000174.png,images/train/ycor_train_000174.jpg,masks/train/ycor_train_000174.png,1024,544,rgb_palette,train/iid000238/rgb.jpg,train/iid000238/labels.png
YCOR,train,ycor_train_000175,train,iid000239,ycor_train_000175.jpg,ycor_train_000175.png,images/train/ycor_train_000175.jpg,masks/train/ycor_train_000175.png,1024,544,rgb_palette,train/iid000239/rgb.jpg,train/iid000239/labels.png
YCOR,train,ycor_train_000176,train,iid000240,ycor_train_000176.jpg,ycor_train_000176.png,images/train/ycor_train_000176.jpg,masks/train/ycor_train_000176.png,1024,544,rgb_palette,train/iid000240/rgb.jpg,train/iid000240/labels.png
YCOR,train,ycor_train_000177,train,iid000241,ycor_train_000177.jpg,ycor_train_000177.png,images/train/ycor_train_000177.jpg,masks/train/ycor_train_000177.png,1024,544,rgb_palette,train/iid000241/rgb.jpg,train/iid000241/labels.png
YCOR,train,ycor_train_000178,train,iid000242,ycor_train_000178.jpg,ycor_train_000178.png,images/train/ycor_train_000178.jpg,masks/train/ycor_train_000178.png,1024,544,rgb_palette,train/iid000242/rgb.jpg,train/iid000242/labels.png
YCOR,train,ycor_train_000179,train,iid000246,ycor_train_000179.jpg,ycor_train_000179.png,images/train/ycor_train_000179.jpg,masks/train/ycor_train_000179.png,1024,544,rgb_palette,train/iid000246/rgb.jpg,train/iid000246/labels.png
YCOR,train,ycor_train_000180,train,iid000247,ycor_train_000180.jpg,ycor_train_000180.png,images/train/ycor_train_000180.jpg,masks/train/ycor_train_000180.png,1024,544,rgb_palette,train/iid000247/rgb.jpg,train/iid000247/labels.png
YCOR,train,ycor_train_000181,train,iid000248,ycor_train_000181.jpg,ycor_train_000181.png,images/train/ycor_train_000181.jpg,masks/train/ycor_train_000181.png,1024,544,rgb_palette,train/iid000248/rgb.jpg,train/iid000248/labels.png
YCOR,train,ycor_train_000182,train,iid000249,ycor_train_000182.jpg,ycor_train_000182.png,images/train/ycor_train_000182.jpg,masks/train/ycor_train_000182.png,1024,544,rgb_palette,train/iid000249/rgb.jpg,train/iid000249/labels.png
YCOR,train,ycor_train_000183,train,iid000250,ycor_train_000183.jpg,ycor_train_000183.png,images/train/ycor_train_000183.jpg,masks/train/ycor_train_000183.png,1024,544,rgb_palette,train/iid000250/rgb.jpg,train/iid000250/labels.png
YCOR,train,ycor_train_000184,train,iid000251,ycor_train_000184.jpg,ycor_train_000184.png,images/train/ycor_train_000184.jpg,masks/train/ycor_train_000184.png,1024,544,rgb_palette,train/iid000251/rgb.jpg,train/iid000251/labels.png
YCOR,train,ycor_train_000185,train,iid000252,ycor_train_000185.jpg,ycor_train_000185.png,images/train/ycor_train_000185.jpg,masks/train/ycor_train_000185.png,1024,544,rgb_palette,train/iid000252/rgb.jpg,train/iid000252/labels.png
YCOR,train,ycor_train_000186,train,iid000253,ycor_train_000186.jpg,ycor_train_000186.png,images/train/ycor_train_000186.jpg,masks/train/ycor_train_000186.png,1024,544,rgb_palette,train/iid000253/rgb.jpg,train/iid000253/labels.png
YCOR,train,ycor_train_000187,train,iid000254,ycor_train_000187.jpg,ycor_train_000187.png,images/train/ycor_train_000187.jpg,masks/train/ycor_train_000187.png,1024,544,rgb_palette,train/iid000254/rgb.jpg,train/iid000254/labels.png
YCOR,train,ycor_train_000188,train,iid000255,ycor_train_000188.jpg,ycor_train_000188.png,images/train/ycor_train_000188.jpg,masks/train/ycor_train_000188.png,1024,544,rgb_palette,train/iid000255/rgb.jpg,train/iid000255/labels.png
YCOR,train,ycor_train_000189,train,iid000256,ycor_train_000189.jpg,ycor_train_000189.png,images/train/ycor_train_000189.jpg,masks/train/ycor_train_000189.png,1024,544,rgb_palette,train/iid000256/rgb.jpg,train/iid000256/labels.png
YCOR,train,ycor_train_000190,train,iid000257,ycor_train_000190.jpg,ycor_train_000190.png,images/train/ycor_train_000190.jpg,masks/train/ycor_train_000190.png,1024,544,rgb_palette,train/iid000257/rgb.jpg,train/iid000257/labels.png
YCOR,train,ycor_train_000191,train,iid000262,ycor_train_000191.jpg,ycor_train_000191.png,images/train/ycor_train_000191.jpg,masks/train/ycor_train_000191.png,1024,544,rgb_palette,train/iid000262/rgb.jpg,train/iid000262/labels.png
YCOR,train,ycor_train_000192,train,iid000263,ycor_train_000192.jpg,ycor_train_000192.png,images/train/ycor_train_000192.jpg,masks/train/ycor_train_000192.png,1024,544,rgb_palette,train/iid000263/rgb.jpg,train/iid000263/labels.png
YCOR,train,ycor_train_000193,train,iid000264,ycor_train_000193.jpg,ycor_train_000193.png,images/train/ycor_train_000193.jpg,masks/train/ycor_train_000193.png,1024,544,rgb_palette,train/iid000264/rgb.jpg,train/iid000264/labels.png
YCOR,train,ycor_train_000194,train,iid000265,ycor_train_000194.jpg,ycor_train_000194.png,images/train/ycor_train_000194.jpg,masks/train/ycor_train_000194.png,1024,544,rgb_palette,train/iid000265/rgb.jpg,train/iid000265/labels.png
YCOR,train,ycor_train_000195,train,iid000266,ycor_train_000195.jpg,ycor_train_000195.png,images/train/ycor_train_000195.jpg,masks/train/ycor_train_000195.png,1024,544,rgb_palette,train/iid000266/rgb.jpg,train/iid000266/labels.png
YCOR,train,ycor_train_000196,train,iid000267,ycor_train_000196.jpg,ycor_train_000196.png,images/train/ycor_train_000196.jpg,masks/train/ycor_train_000196.png,1024,544,rgb_palette,train/iid000267/rgb.jpg,train/iid000267/labels.png
YCOR,train,ycor_train_000197,train,iid000268,ycor_train_000197.jpg,ycor_train_000197.png,images/train/ycor_train_000197.jpg,masks/train/ycor_train_000197.png,1024,544,rgb_palette,train/iid000268/rgb.jpg,train/iid000268/labels.png
YCOR,train,ycor_train_000198,train,iid000269,ycor_train_000198.jpg,ycor_train_000198.png,images/train/ycor_train_000198.jpg,masks/train/ycor_train_000198.png,1024,544,rgb_palette,train/iid000269/rgb.jpg,train/iid000269/labels.png
YCOR,train,ycor_train_000199,train,iid000270,ycor_train_000199.jpg,ycor_train_000199.png,images/train/ycor_train_000199.jpg,masks/train/ycor_train_000199.png,1024,544,rgb_palette,train/iid000270/rgb.jpg,train/iid000270/labels.png
YCOR,train,ycor_train_000200,train,iid000271,ycor_train_000200.jpg,ycor_train_000200.png,images/train/ycor_train_000200.jpg,masks/train/ycor_train_000200.png,1024,544,rgb_palette,train/iid000271/rgb.jpg,train/iid000271/labels.png
YCOR,train,ycor_train_000201,train,iid000272,ycor_train_000201.jpg,ycor_train_000201.png,images/train/ycor_train_000201.jpg,masks/train/ycor_train_000201.png,1024,544,rgb_palette,train/iid000272/rgb.jpg,train/iid000272/labels.png
YCOR,train,ycor_train_000202,train,iid000273,ycor_train_000202.jpg,ycor_train_000202.png,images/train/ycor_train_000202.jpg,masks/train/ycor_train_000202.png,1024,544,rgb_palette,train/iid000273/rgb.jpg,train/iid000273/labels.png
YCOR,train,ycor_train_000203,train,iid000274,ycor_train_000203.jpg,ycor_train_000203.png,images/train/ycor_train_000203.jpg,masks/train/ycor_train_000203.png,1024,544,rgb_palette,train/iid000274/rgb.jpg,train/iid000274/labels.png
YCOR,train,ycor_train_000204,train,iid000275,ycor_train_000204.jpg,ycor_train_000204.png,images/train/ycor_train_000204.jpg,masks/train/ycor_train_000204.png,1024,544,rgb_palette,train/iid000275/rgb.jpg,train/iid000275/labels.png
YCOR,train,ycor_train_000205,train,iid000276,ycor_train_000205.jpg,ycor_train_000205.png,images/train/ycor_train_000205.jpg,masks/train/ycor_train_000205.png,1024,544,rgb_palette,train/iid000276/rgb.jpg,train/iid000276/labels.png
YCOR,train,ycor_train_000206,train,iid000277,ycor_train_000206.jpg,ycor_train_000206.png,images/train/ycor_train_000206.jpg,masks/train/ycor_train_000206.png,1024,544,rgb_palette,train/iid000277/rgb.jpg,train/iid000277/labels.png
YCOR,train,ycor_train_000207,train,iid000278,ycor_train_000207.jpg,ycor_train_000207.png,images/train/ycor_train_000207.jpg,masks/train/ycor_train_000207.png,1024,544,rgb_palette,train/iid000278/rgb.jpg,train/iid000278/labels.png
YCOR,train,ycor_train_000208,train,iid000279,ycor_train_000208.jpg,ycor_train_000208.png,images/train/ycor_train_000208.jpg,masks/train/ycor_train_000208.png,1024,544,rgb_palette,train/iid000279/rgb.jpg,train/iid000279/labels.png
YCOR,train,ycor_train_000209,train,iid000280,ycor_train_000209.jpg,ycor_train_000209.png,images/train/ycor_train_000209.jpg,masks/train/ycor_train_000209.png,1024,544,rgb_palette,train/iid000280/rgb.jpg,train/iid000280/labels.png
YCOR,train,ycor_train_000210,train,iid000281,ycor_train_000210.jpg,ycor_train_000210.png,images/train/ycor_train_000210.jpg,masks/train/ycor_train_000210.png,1024,544,rgb_palette,train/iid000281/rgb.jpg,train/iid000281/labels.png
YCOR,train,ycor_train_000211,train,iid000282,ycor_train_000211.jpg,ycor_train_000211.png,images/train/ycor_train_000211.jpg,masks/train/ycor_train_000211.png,1024,544,rgb_palette,train/iid000282/rgb.jpg,train/iid000282/labels.png
YCOR,train,ycor_train_000212,train,iid000283,ycor_train_000212.jpg,ycor_train_000212.png,images/train/ycor_train_000212.jpg,masks/train/ycor_train_000212.png,1024,544,rgb_palette,train/iid000283/rgb.jpg,train/iid000283/labels.png
YCOR,train,ycor_train_000213,train,iid000284,ycor_train_000213.jpg,ycor_train_000213.png,images/train/ycor_train_000213.jpg,masks/train/ycor_train_000213.png,1024,544,rgb_palette,train/iid000284/rgb.jpg,train/iid000284/labels.png
YCOR,train,ycor_train_000214,train,iid000285,ycor_train_000214.jpg,ycor_train_000214.png,images/train/ycor_train_000214.jpg,masks/train/ycor_train_000214.png,1024,544,rgb_palette,train/iid000285/rgb.jpg,train/iid000285/labels.png
YCOR,train,ycor_train_000215,train,iid000286,ycor_train_000215.jpg,ycor_train_000215.png,images/train/ycor_train_000215.jpg,masks/train/ycor_train_000215.png,1024,544,rgb_palette,train/iid000286/rgb.jpg,train/iid000286/labels.png
YCOR,train,ycor_train_000216,train,iid000287,ycor_train_000216.jpg,ycor_train_000216.png,images/train/ycor_train_000216.jpg,masks/train/ycor_train_000216.png,1024,544,rgb_palette,train/iid000287/rgb.jpg,train/iid000287/labels.png
YCOR,train,ycor_train_000217,train,iid000288,ycor_train_000217.jpg,ycor_train_000217.png,images/train/ycor_train_000217.jpg,masks/train/ycor_train_000217.png,1024,544,rgb_palette,train/iid000288/rgb.jpg,train/iid000288/labels.png
YCOR,train,ycor_train_000218,train,iid000289,ycor_train_000218.jpg,ycor_train_000218.png,images/train/ycor_train_000218.jpg,masks/train/ycor_train_000218.png,1024,544,rgb_palette,train/iid000289/rgb.jpg,train/iid000289/labels.png
YCOR,train,ycor_train_000219,train,iid000290,ycor_train_000219.jpg,ycor_train_000219.png,images/train/ycor_train_000219.jpg,masks/train/ycor_train_000219.png,1024,544,rgb_palette,train/iid000290/rgb.jpg,train/iid000290/labels.png
YCOR,train,ycor_train_000220,train,iid000291,ycor_train_000220.jpg,ycor_train_000220.png,images/train/ycor_train_000220.jpg,masks/train/ycor_train_000220.png,1024,544,rgb_palette,train/iid000291/rgb.jpg,train/iid000291/labels.png
YCOR,train,ycor_train_000221,train,iid000292,ycor_train_000221.jpg,ycor_train_000221.png,images/train/ycor_train_000221.jpg,masks/train/ycor_train_000221.png,1024,544,rgb_palette,train/iid000292/rgb.jpg,train/iid000292/labels.png
YCOR,train,ycor_train_000222,train,iid000293,ycor_train_000222.jpg,ycor_train_000222.png,images/train/ycor_train_000222.jpg,masks/train/ycor_train_000222.png,1024,544,rgb_palette,train/iid000293/rgb.jpg,train/iid000293/labels.png
YCOR,train,ycor_train_000223,train,iid000294,ycor_train_000223.jpg,ycor_train_000223.png,images/train/ycor_train_000223.jpg,masks/train/ycor_train_000223.png,1024,544,rgb_palette,train/iid000294/rgb.jpg,train/iid000294/labels.png
YCOR,train,ycor_train_000224,train,iid000295,ycor_train_000224.jpg,ycor_train_000224.png,images/train/ycor_train_000224.jpg,masks/train/ycor_train_000224.png,1024,544,rgb_palette,train/iid000295/rgb.jpg,train/iid000295/labels.png
YCOR,train,ycor_train_000225,train,iid000296,ycor_train_000225.jpg,ycor_train_000225.png,images/train/ycor_train_000225.jpg,masks/train/ycor_train_000225.png,1024,544,rgb_palette,train/iid000296/rgb.jpg,train/iid000296/labels.png
YCOR,train,ycor_train_000226,train,iid000297,ycor_train_000226.jpg,ycor_train_000226.png,images/train/ycor_train_000226.jpg,masks/train/ycor_train_000226.png,1024,544,rgb_palette,train/iid000297/rgb.jpg,train/iid000297/labels.png
YCOR,train,ycor_train_000227,train,iid000298,ycor_train_000227.jpg,ycor_train_000227.png,images/train/ycor_train_000227.jpg,masks/train/ycor_train_000227.png,1024,544,rgb_palette,train/iid000298/rgb.jpg,train/iid000298/labels.png
YCOR,train,ycor_train_000228,train,iid000300,ycor_train_000228.jpg,ycor_train_000228.png,images/train/ycor_train_000228.jpg,masks/train/ycor_train_000228.png,1024,544,rgb_palette,train/iid000300/rgb.jpg,train/iid000300/labels.png
YCOR,train,ycor_train_000229,train,iid000301,ycor_train_000229.jpg,ycor_train_000229.png,images/train/ycor_train_000229.jpg,masks/train/ycor_train_000229.png,1024,544,rgb_palette,train/iid000301/rgb.jpg,train/iid000301/labels.png
YCOR,train,ycor_train_000230,train,iid000302,ycor_train_000230.jpg,ycor_train_000230.png,images/train/ycor_train_000230.jpg,masks/train/ycor_train_000230.png,1024,544,rgb_palette,train/iid000302/rgb.jpg,train/iid000302/labels.png
YCOR,train,ycor_train_000231,train,iid000303,ycor_train_000231.jpg,ycor_train_000231.png,images/train/ycor_train_000231.jpg,masks/train/ycor_train_000231.png,1024,544,rgb_palette,train/iid000303/rgb.jpg,train/iid000303/labels.png
YCOR,train,ycor_train_000232,train,iid000304,ycor_train_000232.jpg,ycor_train_000232.png,images/train/ycor_train_000232.jpg,masks/train/ycor_train_000232.png,1024,544,rgb_palette,train/iid000304/rgb.jpg,train/iid000304/labels.png
YCOR,train,ycor_train_000233,train,iid000305,ycor_train_000233.jpg,ycor_train_000233.png,images/train/ycor_train_000233.jpg,masks/train/ycor_train_000233.png,1024,544,rgb_palette,train/iid000305/rgb.jpg,train/iid000305/labels.png
YCOR,train,ycor_train_000234,train,iid000306,ycor_train_000234.jpg,ycor_train_000234.png,images/train/ycor_train_000234.jpg,masks/train/ycor_train_000234.png,1024,544,rgb_palette,train/iid000306/rgb.jpg,train/iid000306/labels.png
YCOR,train,ycor_train_000235,train,iid000307,ycor_train_000235.jpg,ycor_train_000235.png,images/train/ycor_train_000235.jpg,masks/train/ycor_train_000235.png,1024,544,rgb_palette,train/iid000307/rgb.jpg,train/iid000307/labels.png
YCOR,train,ycor_train_000236,train,iid000308,ycor_train_000236.jpg,ycor_train_000236.png,images/train/ycor_train_000236.jpg,masks/train/ycor_train_000236.png,1024,544,rgb_palette,train/iid000308/rgb.jpg,train/iid000308/labels.png
YCOR,train,ycor_train_000237,train,iid000309,ycor_train_000237.jpg,ycor_train_000237.png,images/train/ycor_train_000237.jpg,masks/train/ycor_train_000237.png,1024,544,rgb_palette,train/iid000309/rgb.jpg,train/iid000309/labels.png
YCOR,train,ycor_train_000238,train,iid000310,ycor_train_000238.jpg,ycor_train_000238.png,images/train/ycor_train_000238.jpg,masks/train/ycor_train_000238.png,1024,544,rgb_palette,train/iid000310/rgb.jpg,train/iid000310/labels.png
YCOR,train,ycor_train_000239,train,iid000311,ycor_train_000239.jpg,ycor_train_000239.png,images/train/ycor_train_000239.jpg,masks/train/ycor_train_000239.png,1024,544,rgb_palette,train/iid000311/rgb.jpg,train/iid000311/labels.png
YCOR,train,ycor_train_000240,train,iid000312,ycor_train_000240.jpg,ycor_train_000240.png,images/train/ycor_train_000240.jpg,masks/train/ycor_train_000240.png,1024,544,rgb_palette,train/iid000312/rgb.jpg,train/iid000312/labels.png
YCOR,train,ycor_train_000241,train,iid000313,ycor_train_000241.jpg,ycor_train_000241.png,images/train/ycor_train_000241.jpg,masks/train/ycor_train_000241.png,1024,544,rgb_palette,train/iid000313/rgb.jpg,train/iid000313/labels.png
YCOR,train,ycor_train_000242,train,iid000314,ycor_train_000242.jpg,ycor_train_000242.png,images/train/ycor_train_000242.jpg,masks/train/ycor_train_000242.png,1024,544,rgb_palette,train/iid000314/rgb.jpg,train/iid000314/labels.png
YCOR,train,ycor_train_000243,train,iid000315,ycor_train_000243.jpg,ycor_train_000243.png,images/train/ycor_train_000243.jpg,masks/train/ycor_train_000243.png,1024,544,rgb_palette,train/iid000315/rgb.jpg,train/iid000315/labels.png
YCOR,train,ycor_train_000244,train,iid000316,ycor_train_000244.jpg,ycor_train_000244.png,images/train/ycor_train_000244.jpg,masks/train/ycor_train_000244.png,1024,544,rgb_palette,train/iid000316/rgb.jpg,train/iid000316/labels.png
YCOR,train,ycor_train_000245,train,iid000317,ycor_train_000245.jpg,ycor_train_000245.png,images/train/ycor_train_000245.jpg,masks/train/ycor_train_000245.png,1024,544,rgb_palette,train/iid000317/rgb.jpg,train/iid000317/labels.png
YCOR,train,ycor_train_000246,train,iid000318,ycor_train_000246.jpg,ycor_train_000246.png,images/train/ycor_train_000246.jpg,masks/train/ycor_train_000246.png,1024,544,rgb_palette,train/iid000318/rgb.jpg,train/iid000318/labels.png
YCOR,train,ycor_train_000247,train,iid000319,ycor_train_000247.jpg,ycor_train_000247.png,images/train/ycor_train_000247.jpg,masks/train/ycor_train_000247.png,1024,544,rgb_palette,train/iid000319/rgb.jpg,train/iid000319/labels.png
YCOR,train,ycor_train_000248,train,iid000320,ycor_train_000248.jpg,ycor_train_000248.png,images/train/ycor_train_000248.jpg,masks/train/ycor_train_000248.png,1024,544,rgb_palette,train/iid000320/rgb.jpg,train/iid000320/labels.png
YCOR,train,ycor_train_000249,train,iid000321,ycor_train_000249.jpg,ycor_train_000249.png,images/train/ycor_train_000249.jpg,masks/train/ycor_train_000249.png,1024,544,rgb_palette,train/iid000321/rgb.jpg,train/iid000321/labels.png
YCOR,train,ycor_train_000250,train,iid000322,ycor_train_000250.jpg,ycor_train_000250.png,images/train/ycor_train_000250.jpg,masks/train/ycor_train_000250.png,1024,544,rgb_palette,train/iid000322/rgb.jpg,train/iid000322/labels.png
YCOR,train,ycor_train_000251,train,iid000323,ycor_train_000251.jpg,ycor_train_000251.png,images/train/ycor_train_000251.jpg,masks/train/ycor_train_000251.png,1024,544,rgb_palette,train/iid000323/rgb.jpg,train/iid000323/labels.png
YCOR,train,ycor_train_000252,train,iid000324,ycor_train_000252.jpg,ycor_train_000252.png,images/train/ycor_train_000252.jpg,masks/train/ycor_train_000252.png,1024,544,rgb_palette,train/iid000324/rgb.jpg,train/iid000324/labels.png
YCOR,train,ycor_train_000253,train,iid000325,ycor_train_000253.jpg,ycor_train_000253.png,images/train/ycor_train_000253.jpg,masks/train/ycor_train_000253.png,1024,544,rgb_palette,train/iid000325/rgb.jpg,train/iid000325/labels.png
YCOR,train,ycor_train_000254,train,iid000326,ycor_train_000254.jpg,ycor_train_000254.png,images/train/ycor_train_000254.jpg,masks/train/ycor_train_000254.png,1024,544,rgb_palette,train/iid000326/rgb.jpg,train/iid000326/labels.png
YCOR,train,ycor_train_000255,train,iid000327,ycor_train_000255.jpg,ycor_train_000255.png,images/train/ycor_train_000255.jpg,masks/train/ycor_train_000255.png,1024,544,rgb_palette,train/iid000327/rgb.jpg,train/iid000327/labels.png
YCOR,train,ycor_train_000256,train,iid000328,ycor_train_000256.jpg,ycor_train_000256.png,images/train/ycor_train_000256.jpg,masks/train/ycor_train_000256.png,1024,544,rgb_palette,train/iid000328/rgb.jpg,train/iid000328/labels.png
YCOR,train,ycor_train_000257,train,iid000329,ycor_train_000257.jpg,ycor_train_000257.png,images/train/ycor_train_000257.jpg,masks/train/ycor_train_000257.png,1024,544,rgb_palette,train/iid000329/rgb.jpg,train/iid000329/labels.png
YCOR,train,ycor_train_000258,train,iid000330,ycor_train_000258.jpg,ycor_train_000258.png,images/train/ycor_train_000258.jpg,masks/train/ycor_train_000258.png,1024,544,rgb_palette,train/iid000330/rgb.jpg,train/iid000330/labels.png
YCOR,train,ycor_train_000259,train,iid000331,ycor_train_000259.jpg,ycor_train_000259.png,images/train/ycor_train_000259.jpg,masks/train/ycor_train_000259.png,1024,544,rgb_palette,train/iid000331/rgb.jpg,train/iid000331/labels.png
YCOR,train,ycor_train_000260,train,iid000332,ycor_train_000260.jpg,ycor_train_000260.png,images/train/ycor_train_000260.jpg,masks/train/ycor_train_000260.png,1024,544,rgb_palette,train/iid000332/rgb.jpg,train/iid000332/labels.png
YCOR,train,ycor_train_000261,train,iid000333,ycor_train_000261.jpg,ycor_train_000261.png,images/train/ycor_train_000261.jpg,masks/train/ycor_train_000261.png,1024,544,rgb_palette,train/iid000333/rgb.jpg,train/iid000333/labels.png
YCOR,train,ycor_train_000262,train,iid000334,ycor_train_000262.jpg,ycor_train_000262.png,images/train/ycor_train_000262.jpg,masks/train/ycor_train_000262.png,1024,544,rgb_palette,train/iid000334/rgb.jpg,train/iid000334/labels.png
YCOR,train,ycor_train_000263,train,iid000335,ycor_train_000263.jpg,ycor_train_000263.png,images/train/ycor_train_000263.jpg,masks/train/ycor_train_000263.png,1024,544,rgb_palette,train/iid000335/rgb.jpg,train/iid000335/labels.png
YCOR,train,ycor_train_000264,train,iid000336,ycor_train_000264.jpg,ycor_train_000264.png,images/train/ycor_train_000264.jpg,masks/train/ycor_train_000264.png,1024,544,rgb_palette,train/iid000336/rgb.jpg,train/iid000336/labels.png
YCOR,train,ycor_train_000265,train,iid000337,ycor_train_000265.jpg,ycor_train_000265.png,images/train/ycor_train_000265.jpg,masks/train/ycor_train_000265.png,1024,544,rgb_palette,train/iid000337/rgb.jpg,train/iid000337/labels.png
YCOR,train,ycor_train_000266,train,iid000338,ycor_train_000266.jpg,ycor_train_000266.png,images/train/ycor_train_000266.jpg,masks/train/ycor_train_000266.png,1024,544,rgb_palette,train/iid000338/rgb.jpg,train/iid000338/labels.png
YCOR,train,ycor_train_000267,train,iid000339,ycor_train_000267.jpg,ycor_train_000267.png,images/train/ycor_train_000267.jpg,masks/train/ycor_train_000267.png,1024,544,rgb_palette,train/iid000339/rgb.jpg,train/iid000339/labels.png
YCOR,train,ycor_train_000268,train,iid000340,ycor_train_000268.jpg,ycor_train_000268.png,images/train/ycor_train_000268.jpg,masks/train/ycor_train_000268.png,1024,544,rgb_palette,train/iid000340/rgb.jpg,train/iid000340/labels.png
YCOR,train,ycor_train_000269,train,iid000341,ycor_train_000269.jpg,ycor_train_000269.png,images/train/ycor_train_000269.jpg,masks/train/ycor_train_000269.png,1024,544,rgb_palette,train/iid000341/rgb.jpg,train/iid000341/labels.png
YCOR,train,ycor_train_000270,train,iid000342,ycor_train_000270.jpg,ycor_train_000270.png,images/train/ycor_train_000270.jpg,masks/train/ycor_train_000270.png,1024,544,rgb_palette,train/iid000342/rgb.jpg,train/iid000342/labels.png
YCOR,train,ycor_train_000271,train,iid000343,ycor_train_000271.jpg,ycor_train_000271.png,images/train/ycor_train_000271.jpg,masks/train/ycor_train_000271.png,1024,544,rgb_palette,train/iid000343/rgb.jpg,train/iid000343/labels.png
YCOR,train,ycor_train_000272,train,iid000344,ycor_train_000272.jpg,ycor_train_000272.png,images/train/ycor_train_000272.jpg,masks/train/ycor_train_000272.png,1024,544,rgb_palette,train/iid000344/rgb.jpg,train/iid000344/labels.png
YCOR,train,ycor_train_000273,train,iid000345,ycor_train_000273.jpg,ycor_train_000273.png,images/train/ycor_train_000273.jpg,masks/train/ycor_train_000273.png,1024,544,rgb_palette,train/iid000345/rgb.jpg,train/iid000345/labels.png
YCOR,train,ycor_train_000274,train,iid000346,ycor_train_000274.jpg,ycor_train_000274.png,images/train/ycor_train_000274.jpg,masks/train/ycor_train_000274.png,1024,544,rgb_palette,train/iid000346/rgb.jpg,train/iid000346/labels.png
YCOR,train,ycor_train_000275,train,iid000347,ycor_train_000275.jpg,ycor_train_000275.png,images/train/ycor_train_000275.jpg,masks/train/ycor_train_000275.png,1024,544,rgb_palette,train/iid000347/rgb.jpg,train/iid000347/labels.png
YCOR,train,ycor_train_000276,train,iid000348,ycor_train_000276.jpg,ycor_train_000276.png,images/train/ycor_train_000276.jpg,masks/train/ycor_train_000276.png,1024,544,rgb_palette,train/iid000348/rgb.jpg,train/iid000348/labels.png
YCOR,train,ycor_train_000277,train,iid000349,ycor_train_000277.jpg,ycor_train_000277.png,images/train/ycor_train_000277.jpg,masks/train/ycor_train_000277.png,1024,544,rgb_palette,train/iid000349/rgb.jpg,train/iid000349/labels.png
YCOR,train,ycor_train_000278,train,iid000350,ycor_train_000278.jpg,ycor_train_000278.png,images/train/ycor_train_000278.jpg,masks/train/ycor_train_000278.png,1024,544,rgb_palette,train/iid000350/rgb.jpg,train/iid000350/labels.png
YCOR,train,ycor_train_000279,train,iid000351,ycor_train_000279.jpg,ycor_train_000279.png,images/train/ycor_train_000279.jpg,masks/train/ycor_train_000279.png,1024,544,rgb_palette,train/iid000351/rgb.jpg,train/iid000351/labels.png
YCOR,train,ycor_train_000280,train,iid000352,ycor_train_000280.jpg,ycor_train_000280.png,images/train/ycor_train_000280.jpg,masks/train/ycor_train_000280.png,1024,544,rgb_palette,train/iid000352/rgb.jpg,train/iid000352/labels.png
YCOR,train,ycor_train_000281,train,iid000353,ycor_train_000281.jpg,ycor_train_000281.png,images/train/ycor_train_000281.jpg,masks/train/ycor_train_000281.png,1024,544,rgb_palette,train/iid000353/rgb.jpg,train/iid000353/labels.png
YCOR,train,ycor_train_000282,train,iid000354,ycor_train_000282.jpg,ycor_train_000282.png,images/train/ycor_train_000282.jpg,masks/train/ycor_train_000282.png,1024,544,rgb_palette,train/iid000354/rgb.jpg,train/iid000354/labels.png
YCOR,train,ycor_train_000283,train,iid000357,ycor_train_000283.jpg,ycor_train_000283.png,images/train/ycor_train_000283.jpg,masks/train/ycor_train_000283.png,1024,544,rgb_palette,train/iid000357/rgb.jpg,train/iid000357/labels.png
YCOR,train,ycor_train_000284,train,iid000358,ycor_train_000284.jpg,ycor_train_000284.png,images/train/ycor_train_000284.jpg,masks/train/ycor_train_000284.png,1024,544,rgb_palette,train/iid000358/rgb.jpg,train/iid000358/labels.png
YCOR,train,ycor_train_000285,train,iid000359,ycor_train_000285.jpg,ycor_train_000285.png,images/train/ycor_train_000285.jpg,masks/train/ycor_train_000285.png,1024,544,rgb_palette,train/iid000359/rgb.jpg,train/iid000359/labels.png
YCOR,train,ycor_train_000286,train,iid000360,ycor_train_000286.jpg,ycor_train_000286.png,images/train/ycor_train_000286.jpg,masks/train/ycor_train_000286.png,1024,544,rgb_palette,train/iid000360/rgb.jpg,train/iid000360/labels.png
YCOR,train,ycor_train_000287,train,iid000362,ycor_train_000287.jpg,ycor_train_000287.png,images/train/ycor_train_000287.jpg,masks/train/ycor_train_000287.png,1024,544,rgb_palette,train/iid000362/rgb.jpg,train/iid000362/labels.png
YCOR,train,ycor_train_000288,train,iid000368,ycor_train_000288.jpg,ycor_train_000288.png,images/train/ycor_train_000288.jpg,masks/train/ycor_train_000288.png,1024,544,rgb_palette,train/iid000368/rgb.jpg,train/iid000368/labels.png
YCOR,train,ycor_train_000289,train,iid000369,ycor_train_000289.jpg,ycor_train_000289.png,images/train/ycor_train_000289.jpg,masks/train/ycor_train_000289.png,1024,544,rgb_palette,train/iid000369/rgb.jpg,train/iid000369/labels.png
YCOR,train,ycor_train_000290,train,iid000370,ycor_train_000290.jpg,ycor_train_000290.png,images/train/ycor_train_000290.jpg,masks/train/ycor_train_000290.png,1024,544,rgb_palette,train/iid000370/rgb.jpg,train/iid000370/labels.png
YCOR,train,ycor_train_000291,train,iid000371,ycor_train_000291.jpg,ycor_train_000291.png,images/train/ycor_train_000291.jpg,masks/train/ycor_train_000291.png,1024,544,rgb_palette,train/iid000371/rgb.jpg,train/iid000371/labels.png
YCOR,train,ycor_train_000292,train,iid000372,ycor_train_000292.jpg,ycor_train_000292.png,images/train/ycor_train_000292.jpg,masks/train/ycor_train_000292.png,1024,544,rgb_palette,train/iid000372/rgb.jpg,train/iid000372/labels.png
YCOR,train,ycor_train_000293,train,iid000373,ycor_train_000293.jpg,ycor_train_000293.png,images/train/ycor_train_000293.jpg,masks/train/ycor_train_000293.png,1024,544,rgb_palette,train/iid000373/rgb.jpg,train/iid000373/labels.png
YCOR,train,ycor_train_000294,train,iid000374,ycor_train_000294.jpg,ycor_train_000294.png,images/train/ycor_train_000294.jpg,masks/train/ycor_train_000294.png,1024,544,rgb_palette,train/iid000374/rgb.jpg,train/iid000374/labels.png
YCOR,train,ycor_train_000295,train,iid000375,ycor_train_000295.jpg,ycor_train_000295.png,images/train/ycor_train_000295.jpg,masks/train/ycor_train_000295.png,1024,544,rgb_palette,train/iid000375/rgb.jpg,train/iid000375/labels.png
YCOR,train,ycor_train_000296,train,iid000376,ycor_train_000296.jpg,ycor_train_000296.png,images/train/ycor_train_000296.jpg,masks/train/ycor_train_000296.png,1024,544,rgb_palette,train/iid000376/rgb.jpg,train/iid000376/labels.png
YCOR,train,ycor_train_000297,train,iid000377,ycor_train_000297.jpg,ycor_train_000297.png,images/train/ycor_train_000297.jpg,masks/train/ycor_train_000297.png,1024,544,rgb_palette,train/iid000377/rgb.jpg,train/iid000377/labels.png
YCOR,train,ycor_train_000298,train,iid000378,ycor_train_000298.jpg,ycor_train_000298.png,images/train/ycor_train_000298.jpg,masks/train/ycor_train_000298.png,1024,544,rgb_palette,train/iid000378/rgb.jpg,train/iid000378/labels.png
YCOR,train,ycor_train_000299,train,iid000379,ycor_train_000299.jpg,ycor_train_000299.png,images/train/ycor_train_000299.jpg,masks/train/ycor_train_000299.png,1024,544,rgb_palette,train/iid000379/rgb.jpg,train/iid000379/labels.png
YCOR,train,ycor_train_000300,train,iid000380,ycor_train_000300.jpg,ycor_train_000300.png,images/train/ycor_train_000300.jpg,masks/train/ycor_train_000300.png,1024,544,rgb_palette,train/iid000380/rgb.jpg,train/iid000380/labels.png
YCOR,train,ycor_train_000301,train,iid000382,ycor_train_000301.jpg,ycor_train_000301.png,images/train/ycor_train_000301.jpg,masks/train/ycor_train_000301.png,1024,544,rgb_palette,train/iid000382/rgb.jpg,train/iid000382/labels.png
YCOR,train,ycor_train_000302,train,iid000383,ycor_train_000302.jpg,ycor_train_000302.png,images/train/ycor_train_000302.jpg,masks/train/ycor_train_000302.png,1024,544,rgb_palette,train/iid000383/rgb.jpg,train/iid000383/labels.png
YCOR,train,ycor_train_000303,train,iid000384,ycor_train_000303.jpg,ycor_train_000303.png,images/train/ycor_train_000303.jpg,masks/train/ycor_train_000303.png,1024,544,rgb_palette,train/iid000384/rgb.jpg,train/iid000384/labels.png
YCOR,train,ycor_train_000304,train,iid000385,ycor_train_000304.jpg,ycor_train_000304.png,images/train/ycor_train_000304.jpg,masks/train/ycor_train_000304.png,1024,544,rgb_palette,train/iid000385/rgb.jpg,train/iid000385/labels.png
YCOR,train,ycor_train_000305,train,iid000386,ycor_train_000305.jpg,ycor_train_000305.png,images/train/ycor_train_000305.jpg,masks/train/ycor_train_000305.png,1024,544,rgb_palette,train/iid000386/rgb.jpg,train/iid000386/labels.png
YCOR,train,ycor_train_000306,train,iid000387,ycor_train_000306.jpg,ycor_train_000306.png,images/train/ycor_train_000306.jpg,masks/train/ycor_train_000306.png,1024,544,rgb_palette,train/iid000387/rgb.jpg,train/iid000387/labels.png
YCOR,train,ycor_train_000307,train,iid000388,ycor_train_000307.jpg,ycor_train_000307.png,images/train/ycor_train_000307.jpg,masks/train/ycor_train_000307.png,1024,544,rgb_palette,train/iid000388/rgb.jpg,train/iid000388/labels.png
YCOR,train,ycor_train_000308,train,iid000389,ycor_train_000308.jpg,ycor_train_000308.png,images/train/ycor_train_000308.jpg,masks/train/ycor_train_000308.png,1024,544,rgb_palette,train/iid000389/rgb.jpg,train/iid000389/labels.png
YCOR,train,ycor_train_000309,train,iid000390,ycor_train_000309.jpg,ycor_train_000309.png,images/train/ycor_train_000309.jpg,masks/train/ycor_train_000309.png,1024,544,rgb_palette,train/iid000390/rgb.jpg,train/iid000390/labels.png
YCOR,train,ycor_train_000310,train,iid000391,ycor_train_000310.jpg,ycor_train_000310.png,images/train/ycor_train_000310.jpg,masks/train/ycor_train_000310.png,1024,544,rgb_palette,train/iid000391/rgb.jpg,train/iid000391/labels.png
YCOR,train,ycor_train_000311,train,iid000392,ycor_train_000311.jpg,ycor_train_000311.png,images/train/ycor_train_000311.jpg,masks/train/ycor_train_000311.png,1024,544,rgb_palette,train/iid000392/rgb.jpg,train/iid000392/labels.png
YCOR,train,ycor_train_000312,train,iid000393,ycor_train_000312.jpg,ycor_train_000312.png,images/train/ycor_train_000312.jpg,masks/train/ycor_train_000312.png,1024,544,rgb_palette,train/iid000393/rgb.jpg,train/iid000393/labels.png
YCOR,train,ycor_train_000313,train,iid000394,ycor_train_000313.jpg,ycor_train_000313.png,images/train/ycor_train_000313.jpg,masks/train/ycor_train_000313.png,1024,544,rgb_palette,train/iid000394/rgb.jpg,train/iid000394/labels.png
YCOR,train,ycor_train_000314,train,iid000395,ycor_train_000314.jpg,ycor_train_000314.png,images/train/ycor_train_000314.jpg,masks/train/ycor_train_000314.png,1024,544,rgb_palette,train/iid000395/rgb.jpg,train/iid000395/labels.png
YCOR,train,ycor_train_000315,train,iid000396,ycor_train_000315.jpg,ycor_train_000315.png,images/train/ycor_train_000315.jpg,masks/train/ycor_train_000315.png,1024,544,rgb_palette,train/iid000396/rgb.jpg,train/iid000396/labels.png
YCOR,train,ycor_train_000316,train,iid000397,ycor_train_000316.jpg,ycor_train_000316.png,images/train/ycor_train_000316.jpg,masks/train/ycor_train_000316.png,1024,544,rgb_palette,train/iid000397/rgb.jpg,train/iid000397/labels.png
YCOR,train,ycor_train_000317,train,iid000398,ycor_train_000317.jpg,ycor_train_000317.png,images/train/ycor_train_000317.jpg,masks/train/ycor_train_000317.png,1024,544,rgb_palette,train/iid000398/rgb.jpg,train/iid000398/labels.png
YCOR,train,ycor_train_000318,train,iid000399,ycor_train_000318.jpg,ycor_train_000318.png,images/train/ycor_train_000318.jpg,masks/train/ycor_train_000318.png,1024,544,rgb_palette,train/iid000399/rgb.jpg,train/iid000399/labels.png
YCOR,train,ycor_train_000319,train,iid000412,ycor_train_000319.jpg,ycor_train_000319.png,images/train/ycor_train_000319.jpg,masks/train/ycor_train_000319.png,1024,544,rgb_palette,train/iid000412/rgb.jpg,train/iid000412/labels.png
YCOR,train,ycor_train_000320,train,iid000413,ycor_train_000320.jpg,ycor_train_000320.png,images/train/ycor_train_000320.jpg,masks/train/ycor_train_000320.png,1024,544,rgb_palette,train/iid000413/rgb.jpg,train/iid000413/labels.png
YCOR,train,ycor_train_000321,train,iid000414,ycor_train_000321.jpg,ycor_train_000321.png,images/train/ycor_train_000321.jpg,masks/train/ycor_train_000321.png,1024,544,rgb_palette,train/iid000414/rgb.jpg,train/iid000414/labels.png
YCOR,train,ycor_train_000322,train,iid000415,ycor_train_000322.jpg,ycor_train_000322.png,images/train/ycor_train_000322.jpg,masks/train/ycor_train_000322.png,1024,544,rgb_palette,train/iid000415/rgb.jpg,train/iid000415/labels.png
YCOR,train,ycor_train_000323,train,iid000416,ycor_train_000323.jpg,ycor_train_000323.png,images/train/ycor_train_000323.jpg,masks/train/ycor_train_000323.png,1024,544,rgb_palette,train/iid000416/rgb.jpg,train/iid000416/labels.png
YCOR,train,ycor_train_000324,train,iid000417,ycor_train_000324.jpg,ycor_train_000324.png,images/train/ycor_train_000324.jpg,masks/train/ycor_train_000324.png,1024,544,rgb_palette,train/iid000417/rgb.jpg,train/iid000417/labels.png
YCOR,train,ycor_train_000325,train,iid000418,ycor_train_000325.jpg,ycor_train_000325.png,images/train/ycor_train_000325.jpg,masks/train/ycor_train_000325.png,1024,544,rgb_palette,train/iid000418/rgb.jpg,train/iid000418/labels.png
YCOR,train,ycor_train_000326,train,iid000419,ycor_train_000326.jpg,ycor_train_000326.png,images/train/ycor_train_000326.jpg,masks/train/ycor_train_000326.png,1024,544,rgb_palette,train/iid000419/rgb.jpg,train/iid000419/labels.png
YCOR,train,ycor_train_000327,train,iid000420,ycor_train_000327.jpg,ycor_train_000327.png,images/train/ycor_train_000327.jpg,masks/train/ycor_train_000327.png,1024,544,rgb_palette,train/iid000420/rgb.jpg,train/iid000420/labels.png
YCOR,train,ycor_train_000328,train,iid000421,ycor_train_000328.jpg,ycor_train_000328.png,images/train/ycor_train_000328.jpg,masks/train/ycor_train_000328.png,1024,544,rgb_palette,train/iid000421/rgb.jpg,train/iid000421/labels.png
YCOR,train,ycor_train_000329,train,iid000422,ycor_train_000329.jpg,ycor_train_000329.png,images/train/ycor_train_000329.jpg,masks/train/ycor_train_000329.png,1024,544,rgb_palette,train/iid000422/rgb.jpg,train/iid000422/labels.png
YCOR,train,ycor_train_000330,train,iid000423,ycor_train_000330.jpg,ycor_train_000330.png,images/train/ycor_train_000330.jpg,masks/train/ycor_train_000330.png,1024,544,rgb_palette,train/iid000423/rgb.jpg,train/iid000423/labels.png
YCOR,train,ycor_train_000331,train,iid000424,ycor_train_000331.jpg,ycor_train_000331.png,images/train/ycor_train_000331.jpg,masks/train/ycor_train_000331.png,1024,544,rgb_palette,train/iid000424/rgb.jpg,train/iid000424/labels.png
YCOR,train,ycor_train_000332,train,iid000425,ycor_train_000332.jpg,ycor_train_000332.png,images/train/ycor_train_000332.jpg,masks/train/ycor_train_000332.png,1024,544,rgb_palette,train/iid000425/rgb.jpg,train/iid000425/labels.png
YCOR,train,ycor_train_000333,train,iid000426,ycor_train_000333.jpg,ycor_train_000333.png,images/train/ycor_train_000333.jpg,masks/train/ycor_train_000333.png,1024,544,rgb_palette,train/iid000426/rgb.jpg,train/iid000426/labels.png
YCOR,train,ycor_train_000334,train,iid000427,ycor_train_000334.jpg,ycor_train_000334.png,images/train/ycor_train_000334.jpg,masks/train/ycor_train_000334.png,1024,544,rgb_palette,train/iid000427/rgb.jpg,train/iid000427/labels.png
YCOR,train,ycor_train_000335,train,iid000428,ycor_train_000335.jpg,ycor_train_000335.png,images/train/ycor_train_000335.jpg,masks/train/ycor_train_000335.png,1024,544,rgb_palette,train/iid000428/rgb.jpg,train/iid000428/labels.png
YCOR,train,ycor_train_000336,train,iid000429,ycor_train_000336.jpg,ycor_train_000336.png,images/train/ycor_train_000336.jpg,masks/train/ycor_train_000336.png,1024,544,rgb_palette,train/iid000429/rgb.jpg,train/iid000429/labels.png
YCOR,train,ycor_train_000337,train,iid000430,ycor_train_000337.jpg,ycor_train_000337.png,images/train/ycor_train_000337.jpg,masks/train/ycor_train_000337.png,1024,544,rgb_palette,train/iid000430/rgb.jpg,train/iid000430/labels.png
YCOR,train,ycor_train_000338,train,iid000431,ycor_train_000338.jpg,ycor_train_000338.png,images/train/ycor_train_000338.jpg,masks/train/ycor_train_000338.png,1024,544,rgb_palette,train/iid000431/rgb.jpg,train/iid000431/labels.png
YCOR,train,ycor_train_000339,train,iid000432,ycor_train_000339.jpg,ycor_train_000339.png,images/train/ycor_train_000339.jpg,masks/train/ycor_train_000339.png,1024,544,rgb_palette,train/iid000432/rgb.jpg,train/iid000432/labels.png
YCOR,train,ycor_train_000340,train,iid000433,ycor_train_000340.jpg,ycor_train_000340.png,images/train/ycor_train_000340.jpg,masks/train/ycor_train_000340.png,1024,544,rgb_palette,train/iid000433/rgb.jpg,train/iid000433/labels.png
YCOR,train,ycor_train_000341,train,iid000434,ycor_train_000341.jpg,ycor_train_000341.png,images/train/ycor_train_000341.jpg,masks/train/ycor_train_000341.png,1024,544,rgb_palette,train/iid000434/rgb.jpg,train/iid000434/labels.png
YCOR,train,ycor_train_000342,train,iid000435,ycor_train_000342.jpg,ycor_train_000342.png,images/train/ycor_train_000342.jpg,masks/train/ycor_train_000342.png,1024,544,rgb_palette,train/iid000435/rgb.jpg,train/iid000435/labels.png
YCOR,train,ycor_train_000343,train,iid000436,ycor_train_000343.jpg,ycor_train_000343.png,images/train/ycor_train_000343.jpg,masks/train/ycor_train_000343.png,1024,544,rgb_palette,train/iid000436/rgb.jpg,train/iid000436/labels.png
YCOR,train,ycor_train_000344,train,iid000437,ycor_train_000344.jpg,ycor_train_000344.png,images/train/ycor_train_000344.jpg,masks/train/ycor_train_000344.png,1024,544,rgb_palette,train/iid000437/rgb.jpg,train/iid000437/labels.png
YCOR,train,ycor_train_000345,train,iid000438,ycor_train_000345.jpg,ycor_train_000345.png,images/train/ycor_train_000345.jpg,masks/train/ycor_train_000345.png,1024,544,rgb_palette,train/iid000438/rgb.jpg,train/iid000438/labels.png
YCOR,train,ycor_train_000346,train,iid000439,ycor_train_000346.jpg,ycor_train_000346.png,images/train/ycor_train_000346.jpg,masks/train/ycor_train_000346.png,1024,544,rgb_palette,train/iid000439/rgb.jpg,train/iid000439/labels.png
YCOR,train,ycor_train_000347,train,iid000440,ycor_train_000347.jpg,ycor_train_000347.png,images/train/ycor_train_000347.jpg,masks/train/ycor_train_000347.png,1024,544,rgb_palette,train/iid000440/rgb.jpg,train/iid000440/labels.png
YCOR,train,ycor_train_000348,train,iid000441,ycor_train_000348.jpg,ycor_train_000348.png,images/train/ycor_train_000348.jpg,masks/train/ycor_train_000348.png,1024,544,rgb_palette,train/iid000441/rgb.jpg,train/iid000441/labels.png
YCOR,train,ycor_train_000349,train,iid000442,ycor_train_000349.jpg,ycor_train_000349.png,images/train/ycor_train_000349.jpg,masks/train/ycor_train_000349.png,1024,544,rgb_palette,train/iid000442/rgb.jpg,train/iid000442/labels.png
YCOR,train,ycor_train_000350,train,iid000443,ycor_train_000350.jpg,ycor_train_000350.png,images/train/ycor_train_000350.jpg,masks/train/ycor_train_000350.png,1024,544,rgb_palette,train/iid000443/rgb.jpg,train/iid000443/labels.png
YCOR,train,ycor_train_000351,train,iid000444,ycor_train_000351.jpg,ycor_train_000351.png,images/train/ycor_train_000351.jpg,masks/train/ycor_train_000351.png,1024,544,rgb_palette,train/iid000444/rgb.jpg,train/iid000444/labels.png
YCOR,train,ycor_train_000352,train,iid000445,ycor_train_000352.jpg,ycor_train_000352.png,images/train/ycor_train_000352.jpg,masks/train/ycor_train_000352.png,1024,544,rgb_palette,train/iid000445/rgb.jpg,train/iid000445/labels.png
YCOR,train,ycor_train_000353,train,iid000446,ycor_train_000353.jpg,ycor_train_000353.png,images/train/ycor_train_000353.jpg,masks/train/ycor_train_000353.png,1024,544,rgb_palette,train/iid000446/rgb.jpg,train/iid000446/labels.png
YCOR,train,ycor_train_000354,train,iid000447,ycor_train_000354.jpg,ycor_train_000354.png,images/train/ycor_train_000354.jpg,masks/train/ycor_train_000354.png,1024,544,rgb_palette,train/iid000447/rgb.jpg,train/iid000447/labels.png
YCOR,train,ycor_train_000355,train,iid000448,ycor_train_000355.jpg,ycor_train_000355.png,images/train/ycor_train_000355.jpg,masks/train/ycor_train_000355.png,1024,544,rgb_palette,train/iid000448/rgb.jpg,train/iid000448/labels.png
YCOR,train,ycor_train_000356,train,iid000449,ycor_train_000356.jpg,ycor_train_000356.png,images/train/ycor_train_000356.jpg,masks/train/ycor_train_000356.png,1024,544,rgb_palette,train/iid000449/rgb.jpg,train/iid000449/labels.png
YCOR,train,ycor_train_000357,train,iid000450,ycor_train_000357.jpg,ycor_train_000357.png,images/train/ycor_train_000357.jpg,masks/train/ycor_train_000357.png,1024,544,rgb_palette,train/iid000450/rgb.jpg,train/iid000450/labels.png
YCOR,train,ycor_train_000358,train,iid000451,ycor_train_000358.jpg,ycor_train_000358.png,images/train/ycor_train_000358.jpg,masks/train/ycor_train_000358.png,1024,544,rgb_palette,train/iid000451/rgb.jpg,train/iid000451/labels.png
YCOR,train,ycor_train_000359,train,iid000452,ycor_train_000359.jpg,ycor_train_000359.png,images/train/ycor_train_000359.jpg,masks/train/ycor_train_000359.png,1024,544,rgb_palette,train/iid000452/rgb.jpg,train/iid000452/labels.png
YCOR,train,ycor_train_000360,train,iid000453,ycor_train_000360.jpg,ycor_train_000360.png,images/train/ycor_train_000360.jpg,masks/train/ycor_train_000360.png,1024,544,rgb_palette,train/iid000453/rgb.jpg,train/iid000453/labels.png
YCOR,train,ycor_train_000361,train,iid000454,ycor_train_000361.jpg,ycor_train_000361.png,images/train/ycor_train_000361.jpg,masks/train/ycor_train_000361.png,1024,544,rgb_palette,train/iid000454/rgb.jpg,train/iid000454/labels.png
YCOR,train,ycor_train_000362,train,iid000455,ycor_train_000362.jpg,ycor_train_000362.png,images/train/ycor_train_000362.jpg,masks/train/ycor_train_000362.png,1024,544,rgb_palette,train/iid000455/rgb.jpg,train/iid000455/labels.png
YCOR,train,ycor_train_000363,train,iid000456,ycor_train_000363.jpg,ycor_train_000363.png,images/train/ycor_train_000363.jpg,masks/train/ycor_train_000363.png,1024,544,rgb_palette,train/iid000456/rgb.jpg,train/iid000456/labels.png
YCOR,train,ycor_train_000364,train,iid000457,ycor_train_000364.jpg,ycor_train_000364.png,images/train/ycor_train_000364.jpg,masks/train/ycor_train_000364.png,1024,544,rgb_palette,train/iid000457/rgb.jpg,train/iid000457/labels.png
YCOR,train,ycor_train_000365,train,iid000458,ycor_train_000365.jpg,ycor_train_000365.png,images/train/ycor_train_000365.jpg,masks/train/ycor_train_000365.png,1024,544,rgb_palette,train/iid000458/rgb.jpg,train/iid000458/labels.png
YCOR,train,ycor_train_000366,train,iid000459,ycor_train_000366.jpg,ycor_train_000366.png,images/train/ycor_train_000366.jpg,masks/train/ycor_train_000366.png,1024,544,rgb_palette,train/iid000459/rgb.jpg,train/iid000459/labels.png
YCOR,train,ycor_train_000367,train,iid000473,ycor_train_000367.jpg,ycor_train_000367.png,images/train/ycor_train_000367.jpg,masks/train/ycor_train_000367.png,1024,544,rgb_palette,train/iid000473/rgb.jpg,train/iid000473/labels.png
YCOR,train,ycor_train_000368,train,iid000474,ycor_train_000368.jpg,ycor_train_000368.png,images/train/ycor_train_000368.jpg,masks/train/ycor_train_000368.png,1024,544,rgb_palette,train/iid000474/rgb.jpg,train/iid000474/labels.png
YCOR,train,ycor_train_000369,train,iid000475,ycor_train_000369.jpg,ycor_train_000369.png,images/train/ycor_train_000369.jpg,masks/train/ycor_train_000369.png,1024,544,rgb_palette,train/iid000475/rgb.jpg,train/iid000475/labels.png
YCOR,train,ycor_train_000370,train,iid000476,ycor_train_000370.jpg,ycor_train_000370.png,images/train/ycor_train_000370.jpg,masks/train/ycor_train_000370.png,1024,544,rgb_palette,train/iid000476/rgb.jpg,train/iid000476/labels.png
YCOR,train,ycor_train_000371,train,iid000477,ycor_train_000371.jpg,ycor_train_000371.png,images/train/ycor_train_000371.jpg,masks/train/ycor_train_000371.png,1024,544,rgb_palette,train/iid000477/rgb.jpg,train/iid000477/labels.png
YCOR,train,ycor_train_000372,train,iid000478,ycor_train_000372.jpg,ycor_train_000372.png,images/train/ycor_train_000372.jpg,masks/train/ycor_train_000372.png,1024,544,rgb_palette,train/iid000478/rgb.jpg,train/iid000478/labels.png
YCOR,train,ycor_train_000373,train,iid000479,ycor_train_000373.jpg,ycor_train_000373.png,images/train/ycor_train_000373.jpg,masks/train/ycor_train_000373.png,1024,544,rgb_palette,train/iid000479/rgb.jpg,train/iid000479/labels.png
YCOR,train,ycor_train_000374,train,iid000480,ycor_train_000374.jpg,ycor_train_000374.png,images/train/ycor_train_000374.jpg,masks/train/ycor_train_000374.png,1024,544,rgb_palette,train/iid000480/rgb.jpg,train/iid000480/labels.png
YCOR,train,ycor_train_000375,train,iid000481,ycor_train_000375.jpg,ycor_train_000375.png,images/train/ycor_train_000375.jpg,masks/train/ycor_train_000375.png,1024,544,rgb_palette,train/iid000481/rgb.jpg,train/iid000481/labels.png
YCOR,train,ycor_train_000376,train,iid000482,ycor_train_000376.jpg,ycor_train_000376.png,images/train/ycor_train_000376.jpg,masks/train/ycor_train_000376.png,1024,544,rgb_palette,train/iid000482/rgb.jpg,train/iid000482/labels.png
YCOR,train,ycor_train_000377,train,iid000483,ycor_train_000377.jpg,ycor_train_000377.png,images/train/ycor_train_000377.jpg,masks/train/ycor_train_000377.png,1024,544,rgb_palette,train/iid000483/rgb.jpg,train/iid000483/labels.png
YCOR,train,ycor_train_000378,train,iid000484,ycor_train_000378.jpg,ycor_train_000378.png,images/train/ycor_train_000378.jpg,masks/train/ycor_train_000378.png,1024,544,rgb_palette,train/iid000484/rgb.jpg,train/iid000484/labels.png
YCOR,train,ycor_train_000379,train,iid000488,ycor_train_000379.jpg,ycor_train_000379.png,images/train/ycor_train_000379.jpg,masks/train/ycor_train_000379.png,1024,544,rgb_palette,train/iid000488/rgb.jpg,train/iid000488/labels.png
YCOR,train,ycor_train_000380,train,iid000489,ycor_train_000380.jpg,ycor_train_000380.png,images/train/ycor_train_000380.jpg,masks/train/ycor_train_000380.png,1024,544,rgb_palette,train/iid000489/rgb.jpg,train/iid000489/labels.png
YCOR,train,ycor_train_000381,train,iid000490,ycor_train_000381.jpg,ycor_train_000381.png,images/train/ycor_train_000381.jpg,masks/train/ycor_train_000381.png,1024,544,rgb_palette,train/iid000490/rgb.jpg,train/iid000490/labels.png
YCOR,train,ycor_train_000382,train,iid000491,ycor_train_000382.jpg,ycor_train_000382.png,images/train/ycor_train_000382.jpg,masks/train/ycor_train_000382.png,1024,544,rgb_palette,train/iid000491/rgb.jpg,train/iid000491/labels.png
YCOR,train,ycor_train_000383,train,iid000492,ycor_train_000383.jpg,ycor_train_000383.png,images/train/ycor_train_000383.jpg,masks/train/ycor_train_000383.png,1024,544,rgb_palette,train/iid000492/rgb.jpg,train/iid000492/labels.png
YCOR,train,ycor_train_000384,train,iid000493,ycor_train_000384.jpg,ycor_train_000384.png,images/train/ycor_train_000384.jpg,masks/train/ycor_train_000384.png,1024,544,rgb_palette,train/iid000493/rgb.jpg,train/iid000493/labels.png
YCOR,train,ycor_train_000385,train,iid000494,ycor_train_000385.jpg,ycor_train_000385.png,images/train/ycor_train_000385.jpg,masks/train/ycor_train_000385.png,1024,544,rgb_palette,train/iid000494/rgb.jpg,train/iid000494/labels.png
YCOR,train,ycor_train_000386,train,iid000496,ycor_train_000386.jpg,ycor_train_000386.png,images/train/ycor_train_000386.jpg,masks/train/ycor_train_000386.png,1024,544,rgb_palette,train/iid000496/rgb.jpg,train/iid000496/labels.png
YCOR,train,ycor_train_000387,train,iid000497,ycor_train_000387.jpg,ycor_train_000387.png,images/train/ycor_train_000387.jpg,masks/train/ycor_train_000387.png,1024,544,rgb_palette,train/iid000497/rgb.jpg,train/iid000497/labels.png
YCOR,train,ycor_train_000388,train,iid000498,ycor_train_000388.jpg,ycor_train_000388.png,images/train/ycor_train_000388.jpg,masks/train/ycor_train_000388.png,1024,544,rgb_palette,train/iid000498/rgb.jpg,train/iid000498/labels.png
YCOR,train,ycor_train_000389,train,iid000499,ycor_train_000389.jpg,ycor_train_000389.png,images/train/ycor_train_000389.jpg,masks/train/ycor_train_000389.png,1024,544,rgb_palette,train/iid000499/rgb.jpg,train/iid000499/labels.png
YCOR,train,ycor_train_000390,train,iid000500,ycor_train_000390.jpg,ycor_train_000390.png,images/train/ycor_train_000390.jpg,masks/train/ycor_train_000390.png,1024,544,rgb_palette,train/iid000500/rgb.jpg,train/iid000500/labels.png
YCOR,train,ycor_train_000391,train,iid000501,ycor_train_000391.jpg,ycor_train_000391.png,images/train/ycor_train_000391.jpg,masks/train/ycor_train_000391.png,1024,544,rgb_palette,train/iid000501/rgb.jpg,train/iid000501/labels.png
YCOR,train,ycor_train_000392,train,iid000502,ycor_train_000392.jpg,ycor_train_000392.png,images/train/ycor_train_000392.jpg,masks/train/ycor_train_000392.png,1024,544,rgb_palette,train/iid000502/rgb.jpg,train/iid000502/labels.png
YCOR,train,ycor_train_000393,train,iid000503,ycor_train_000393.jpg,ycor_train_000393.png,images/train/ycor_train_000393.jpg,masks/train/ycor_train_000393.png,1024,544,rgb_palette,train/iid000503/rgb.jpg,train/iid000503/labels.png
YCOR,train,ycor_train_000394,train,iid000504,ycor_train_000394.jpg,ycor_train_000394.png,images/train/ycor_train_000394.jpg,masks/train/ycor_train_000394.png,1024,544,rgb_palette,train/iid000504/rgb.jpg,train/iid000504/labels.png
YCOR,train,ycor_train_000395,train,iid000505,ycor_train_000395.jpg,ycor_train_000395.png,images/train/ycor_train_000395.jpg,masks/train/ycor_train_000395.png,1024,544,rgb_palette,train/iid000505/rgb.jpg,train/iid000505/labels.png
YCOR,train,ycor_train_000396,train,iid000506,ycor_train_000396.jpg,ycor_train_000396.png,images/train/ycor_train_000396.jpg,masks/train/ycor_train_000396.png,1024,544,rgb_palette,train/iid000506/rgb.jpg,train/iid000506/labels.png
YCOR,train,ycor_train_000397,train,iid000507,ycor_train_000397.jpg,ycor_train_000397.png,images/train/ycor_train_000397.jpg,masks/train/ycor_train_000397.png,1024,544,rgb_palette,train/iid000507/rgb.jpg,train/iid000507/labels.png
YCOR,train,ycor_train_000398,train,iid000508,ycor_train_000398.jpg,ycor_train_000398.png,images/train/ycor_train_000398.jpg,masks/train/ycor_train_000398.png,1024,544,rgb_palette,train/iid000508/rgb.jpg,train/iid000508/labels.png
YCOR,train,ycor_train_000399,train,iid000509,ycor_train_000399.jpg,ycor_train_000399.png,images/train/ycor_train_000399.jpg,masks/train/ycor_train_000399.png,1024,544,rgb_palette,train/iid000509/rgb.jpg,train/iid000509/labels.png
YCOR,train,ycor_train_000400,train,iid000510,ycor_train_000400.jpg,ycor_train_000400.png,images/train/ycor_train_000400.jpg,masks/train/ycor_train_000400.png,1024,544,rgb_palette,train/iid000510/rgb.jpg,train/iid000510/labels.png
YCOR,train,ycor_train_000401,train,iid000511,ycor_train_000401.jpg,ycor_train_000401.png,images/train/ycor_train_000401.jpg,masks/train/ycor_train_000401.png,1024,544,rgb_palette,train/iid000511/rgb.jpg,train/iid000511/labels.png
YCOR,train,ycor_train_000402,train,iid000512,ycor_train_000402.jpg,ycor_train_000402.png,images/train/ycor_train_000402.jpg,masks/train/ycor_train_000402.png,1024,544,rgb_palette,train/iid000512/rgb.jpg,train/iid000512/labels.png
YCOR,train,ycor_train_000403,train,iid000513,ycor_train_000403.jpg,ycor_train_000403.png,images/train/ycor_train_000403.jpg,masks/train/ycor_train_000403.png,1024,544,rgb_palette,train/iid000513/rgb.jpg,train/iid000513/labels.png
YCOR,train,ycor_train_000404,train,iid000514,ycor_train_000404.jpg,ycor_train_000404.png,images/train/ycor_train_000404.jpg,masks/train/ycor_train_000404.png,1024,544,rgb_palette,train/iid000514/rgb.jpg,train/iid000514/labels.png
YCOR,train,ycor_train_000405,train,iid000515,ycor_train_000405.jpg,ycor_train_000405.png,images/train/ycor_train_000405.jpg,masks/train/ycor_train_000405.png,1024,544,rgb_palette,train/iid000515/rgb.jpg,train/iid000515/labels.png
YCOR,train,ycor_train_000406,train,iid000516,ycor_train_000406.jpg,ycor_train_000406.png,images/train/ycor_train_000406.jpg,masks/train/ycor_train_000406.png,1024,544,rgb_palette,train/iid000516/rgb.jpg,train/iid000516/labels.png
YCOR,train,ycor_train_000407,train,iid000517,ycor_train_000407.jpg,ycor_train_000407.png,images/train/ycor_train_000407.jpg,masks/train/ycor_train_000407.png,1024,544,rgb_palette,train/iid000517/rgb.jpg,train/iid000517/labels.png
YCOR,train,ycor_train_000408,train,iid000518,ycor_train_000408.jpg,ycor_train_000408.png,images/train/ycor_train_000408.jpg,masks/train/ycor_train_000408.png,1024,544,rgb_palette,train/iid000518/rgb.jpg,train/iid000518/labels.png
YCOR,train,ycor_train_000409,train,iid000519,ycor_train_000409.jpg,ycor_train_000409.png,images/train/ycor_train_000409.jpg,masks/train/ycor_train_000409.png,1024,544,rgb_palette,train/iid000519/rgb.jpg,train/iid000519/labels.png
YCOR,train,ycor_train_000410,train,iid000523,ycor_train_000410.jpg,ycor_train_000410.png,images/train/ycor_train_000410.jpg,masks/train/ycor_train_000410.png,1024,544,rgb_palette,train/iid000523/rgb.jpg,train/iid000523/labels.png
YCOR,train,ycor_train_000411,train,iid000524,ycor_train_000411.jpg,ycor_train_000411.png,images/train/ycor_train_000411.jpg,masks/train/ycor_train_000411.png,1024,544,rgb_palette,train/iid000524/rgb.jpg,train/iid000524/labels.png
YCOR,train,ycor_train_000412,train,iid000525,ycor_train_000412.jpg,ycor_train_000412.png,images/train/ycor_train_000412.jpg,masks/train/ycor_train_000412.png,1024,544,rgb_palette,train/iid000525/rgb.jpg,train/iid000525/labels.png
YCOR,train,ycor_train_000413,train,iid000526,ycor_train_000413.jpg,ycor_train_000413.png,images/train/ycor_train_000413.jpg,masks/train/ycor_train_000413.png,1024,544,rgb_palette,train/iid000526/rgb.jpg,train/iid000526/labels.png
YCOR,train,ycor_train_000414,train,iid000527,ycor_train_000414.jpg,ycor_train_000414.png,images/train/ycor_train_000414.jpg,masks/train/ycor_train_000414.png,1024,544,rgb_palette,train/iid000527/rgb.jpg,train/iid000527/labels.png
YCOR,train,ycor_train_000415,train,iid000528,ycor_train_000415.jpg,ycor_train_000415.png,images/train/ycor_train_000415.jpg,masks/train/ycor_train_000415.png,1024,544,rgb_palette,train/iid000528/rgb.jpg,train/iid000528/labels.png
YCOR,train,ycor_train_000416,train,iid000529,ycor_train_000416.jpg,ycor_train_000416.png,images/train/ycor_train_000416.jpg,masks/train/ycor_train_000416.png,1024,544,rgb_palette,train/iid000529/rgb.jpg,train/iid000529/labels.png
YCOR,train,ycor_train_000417,train,iid000530,ycor_train_000417.jpg,ycor_train_000417.png,images/train/ycor_train_000417.jpg,masks/train/ycor_train_000417.png,1024,544,rgb_palette,train/iid000530/rgb.jpg,train/iid000530/labels.png
YCOR,train,ycor_train_000418,train,iid000531,ycor_train_000418.jpg,ycor_train_000418.png,images/train/ycor_train_000418.jpg,masks/train/ycor_train_000418.png,1024,544,rgb_palette,train/iid000531/rgb.jpg,train/iid000531/labels.png
YCOR,train,ycor_train_000419,train,iid000532,ycor_train_000419.jpg,ycor_train_000419.png,images/train/ycor_train_000419.jpg,masks/train/ycor_train_000419.png,1024,544,rgb_palette,train/iid000532/rgb.jpg,train/iid000532/labels.png
YCOR,train,ycor_train_000420,train,iid000533,ycor_train_000420.jpg,ycor_train_000420.png,images/train/ycor_train_000420.jpg,masks/train/ycor_train_000420.png,1024,544,rgb_palette,train/iid000533/rgb.jpg,train/iid000533/labels.png
YCOR,train,ycor_train_000421,train,iid000534,ycor_train_000421.jpg,ycor_train_000421.png,images/train/ycor_train_000421.jpg,masks/train/ycor_train_000421.png,1024,544,rgb_palette,train/iid000534/rgb.jpg,train/iid000534/labels.png
YCOR,train,ycor_train_000422,train,iid000535,ycor_train_000422.jpg,ycor_train_000422.png,images/train/ycor_train_000422.jpg,masks/train/ycor_train_000422.png,1024,544,rgb_palette,train/iid000535/rgb.jpg,train/iid000535/labels.png
YCOR,train,ycor_train_000423,train,iid000536,ycor_train_000423.jpg,ycor_train_000423.png,images/train/ycor_train_000423.jpg,masks/train/ycor_train_000423.png,1024,544,rgb_palette,train/iid000536/rgb.jpg,train/iid000536/labels.png
YCOR,train,ycor_train_000424,train,iid000540,ycor_train_000424.jpg,ycor_train_000424.png,images/train/ycor_train_000424.jpg,masks/train/ycor_train_000424.png,1024,544,rgb_palette,train/iid000540/rgb.jpg,train/iid000540/labels.png
YCOR,train,ycor_train_000425,train,iid000541,ycor_train_000425.jpg,ycor_train_000425.png,images/train/ycor_train_000425.jpg,masks/train/ycor_train_000425.png,1024,544,rgb_palette,train/iid000541/rgb.jpg,train/iid000541/labels.png
YCOR,train,ycor_train_000426,train,iid000542,ycor_train_000426.jpg,ycor_train_000426.png,images/train/ycor_train_000426.jpg,masks/train/ycor_train_000426.png,1024,544,rgb_palette,train/iid000542/rgb.jpg,train/iid000542/labels.png
YCOR,train,ycor_train_000427,train,iid000543,ycor_train_000427.jpg,ycor_train_000427.png,images/train/ycor_train_000427.jpg,masks/train/ycor_train_000427.png,1024,544,rgb_palette,train/iid000543/rgb.jpg,train/iid000543/labels.png
YCOR,train,ycor_train_000428,train,iid000544,ycor_train_000428.jpg,ycor_train_000428.png,images/train/ycor_train_000428.jpg,masks/train/ycor_train_000428.png,1024,544,rgb_palette,train/iid000544/rgb.jpg,train/iid000544/labels.png
YCOR,train,ycor_train_000429,train,iid000545,ycor_train_000429.jpg,ycor_train_000429.png,images/train/ycor_train_000429.jpg,masks/train/ycor_train_000429.png,1024,544,rgb_palette,train/iid000545/rgb.jpg,train/iid000545/labels.png
YCOR,train,ycor_train_000430,train,iid000546,ycor_train_000430.jpg,ycor_train_000430.png,images/train/ycor_train_000430.jpg,masks/train/ycor_train_000430.png,1024,544,rgb_palette,train/iid000546/rgb.jpg,train/iid000546/labels.png
YCOR,train,ycor_train_000431,train,iid000547,ycor_train_000431.jpg,ycor_train_000431.png,images/train/ycor_train_000431.jpg,masks/train/ycor_train_000431.png,1024,544,rgb_palette,train/iid000547/rgb.jpg,train/iid000547/labels.png
YCOR,train,ycor_train_000432,train,iid000548,ycor_train_000432.jpg,ycor_train_000432.png,images/train/ycor_train_000432.jpg,masks/train/ycor_train_000432.png,1024,544,rgb_palette,train/iid000548/rgb.jpg,train/iid000548/labels.png
YCOR,train,ycor_train_000433,train,iid000549,ycor_train_000433.jpg,ycor_train_000433.png,images/train/ycor_train_000433.jpg,masks/train/ycor_train_000433.png,1024,544,rgb_palette,train/iid000549/rgb.jpg,train/iid000549/labels.png
YCOR,train,ycor_train_000434,train,iid000550,ycor_train_000434.jpg,ycor_train_000434.png,images/train/ycor_train_000434.jpg,masks/train/ycor_train_000434.png,1024,544,rgb_palette,train/iid000550/rgb.jpg,train/iid000550/labels.png
YCOR,train,ycor_train_000435,train,iid000551,ycor_train_000435.jpg,ycor_train_000435.png,images/train/ycor_train_000435.jpg,masks/train/ycor_train_000435.png,1024,544,rgb_palette,train/iid000551/rgb.jpg,train/iid000551/labels.png
YCOR,train,ycor_train_000436,train,iid000552,ycor_train_000436.jpg,ycor_train_000436.png,images/train/ycor_train_000436.jpg,masks/train/ycor_train_000436.png,1024,544,rgb_palette,train/iid000552/rgb.jpg,train/iid000552/labels.png
YCOR,train,ycor_train_000437,train,iid000553,ycor_train_000437.jpg,ycor_train_000437.png,images/train/ycor_train_000437.jpg,masks/train/ycor_train_000437.png,1024,544,rgb_palette,train/iid000553/rgb.jpg,train/iid000553/labels.png
YCOR,train,ycor_train_000438,train,iid000554,ycor_train_000438.jpg,ycor_train_000438.png,images/train/ycor_train_000438.jpg,masks/train/ycor_train_000438.png,1024,544,rgb_palette,train/iid000554/rgb.jpg,train/iid000554/labels.png
YCOR,train,ycor_train_000439,train,iid000555,ycor_train_000439.jpg,ycor_train_000439.png,images/train/ycor_train_000439.jpg,masks/train/ycor_train_000439.png,1024,544,rgb_palette,train/iid000555/rgb.jpg,train/iid000555/labels.png
YCOR,train,ycor_train_000440,train,iid000556,ycor_train_000440.jpg,ycor_train_000440.png,images/train/ycor_train_000440.jpg,masks/train/ycor_train_000440.png,1024,544,rgb_palette,train/iid000556/rgb.jpg,train/iid000556/labels.png
YCOR,train,ycor_train_000441,train,iid000557,ycor_train_000441.jpg,ycor_train_000441.png,images/train/ycor_train_000441.jpg,masks/train/ycor_train_000441.png,1024,544,rgb_palette,train/iid000557/rgb.jpg,train/iid000557/labels.png
YCOR,train,ycor_train_000442,train,iid000558,ycor_train_000442.jpg,ycor_train_000442.png,images/train/ycor_train_000442.jpg,masks/train/ycor_train_000442.png,1024,544,rgb_palette,train/iid000558/rgb.jpg,train/iid000558/labels.png
YCOR,train,ycor_train_000443,train,iid000559,ycor_train_000443.jpg,ycor_train_000443.png,images/train/ycor_train_000443.jpg,masks/train/ycor_train_000443.png,1024,544,rgb_palette,train/iid000559/rgb.jpg,train/iid000559/labels.png
YCOR,train,ycor_train_000444,train,iid000560,ycor_train_000444.jpg,ycor_train_000444.png,images/train/ycor_train_000444.jpg,masks/train/ycor_train_000444.png,1024,544,rgb_palette,train/iid000560/rgb.jpg,train/iid000560/labels.png
YCOR,train,ycor_train_000445,train,iid000561,ycor_train_000445.jpg,ycor_train_000445.png,images/train/ycor_train_000445.jpg,masks/train/ycor_train_000445.png,1024,544,rgb_palette,train/iid000561/rgb.jpg,train/iid000561/labels.png
YCOR,train,ycor_train_000446,train,iid000562,ycor_train_000446.jpg,ycor_train_000446.png,images/train/ycor_train_000446.jpg,masks/train/ycor_train_000446.png,1024,544,rgb_palette,train/iid000562/rgb.jpg,train/iid000562/labels.png
YCOR,train,ycor_train_000447,train,iid000563,ycor_train_000447.jpg,ycor_train_000447.png,images/train/ycor_train_000447.jpg,masks/train/ycor_train_000447.png,1024,544,rgb_palette,train/iid000563/rgb.jpg,train/iid000563/labels.png
YCOR,train,ycor_train_000448,train,iid000564,ycor_train_000448.jpg,ycor_train_000448.png,images/train/ycor_train_000448.jpg,masks/train/ycor_train_000448.png,1024,544,rgb_palette,train/iid000564/rgb.jpg,train/iid000564/labels.png
YCOR,train,ycor_train_000449,train,iid000565,ycor_train_000449.jpg,ycor_train_000449.png,images/train/ycor_train_000449.jpg,masks/train/ycor_train_000449.png,1024,544,rgb_palette,train/iid000565/rgb.jpg,train/iid000565/labels.png
YCOR,train,ycor_train_000450,train,iid000579,ycor_train_000450.jpg,ycor_train_000450.png,images/train/ycor_train_000450.jpg,masks/train/ycor_train_000450.png,1024,544,rgb_palette,train/iid000579/rgb.jpg,train/iid000579/labels.png
YCOR,train,ycor_train_000451,train,iid000580,ycor_train_000451.jpg,ycor_train_000451.png,images/train/ycor_train_000451.jpg,masks/train/ycor_train_000451.png,1024,544,rgb_palette,train/iid000580/rgb.jpg,train/iid000580/labels.png
YCOR,train,ycor_train_000452,train,iid000581,ycor_train_000452.jpg,ycor_train_000452.png,images/train/ycor_train_000452.jpg,masks/train/ycor_train_000452.png,1024,544,rgb_palette,train/iid000581/rgb.jpg,train/iid000581/labels.png
YCOR,train,ycor_train_000453,train,iid000582,ycor_train_000453.jpg,ycor_train_000453.png,images/train/ycor_train_000453.jpg,masks/train/ycor_train_000453.png,1024,544,rgb_palette,train/iid000582/rgb.jpg,train/iid000582/labels.png
YCOR,train,ycor_train_000454,train,iid000583,ycor_train_000454.jpg,ycor_train_000454.png,images/train/ycor_train_000454.jpg,masks/train/ycor_train_000454.png,1024,544,rgb_palette,train/iid000583/rgb.jpg,train/iid000583/labels.png
YCOR,train,ycor_train_000455,train,iid000584,ycor_train_000455.jpg,ycor_train_000455.png,images/train/ycor_train_000455.jpg,masks/train/ycor_train_000455.png,1024,544,rgb_palette,train/iid000584/rgb.jpg,train/iid000584/labels.png
YCOR,train,ycor_train_000456,train,iid000585,ycor_train_000456.jpg,ycor_train_000456.png,images/train/ycor_train_000456.jpg,masks/train/ycor_train_000456.png,1024,544,rgb_palette,train/iid000585/rgb.jpg,train/iid000585/labels.png
YCOR,train,ycor_train_000457,train,iid000586,ycor_train_000457.jpg,ycor_train_000457.png,images/train/ycor_train_000457.jpg,masks/train/ycor_train_000457.png,1024,544,rgb_palette,train/iid000586/rgb.jpg,train/iid000586/labels.png
YCOR,train,ycor_train_000458,train,iid000587,ycor_train_000458.jpg,ycor_train_000458.png,images/train/ycor_train_000458.jpg,masks/train/ycor_train_000458.png,1024,544,rgb_palette,train/iid000587/rgb.jpg,train/iid000587/labels.png
YCOR,train,ycor_train_000459,train,iid000588,ycor_train_000459.jpg,ycor_train_000459.png,images/train/ycor_train_000459.jpg,masks/train/ycor_train_000459.png,1024,544,rgb_palette,train/iid000588/rgb.jpg,train/iid000588/labels.png
YCOR,train,ycor_train_000460,train,iid000589,ycor_train_000460.jpg,ycor_train_000460.png,images/train/ycor_train_000460.jpg,masks/train/ycor_train_000460.png,1024,544,rgb_palette,train/iid000589/rgb.jpg,train/iid000589/labels.png
YCOR,train,ycor_train_000461,train,iid000590,ycor_train_000461.jpg,ycor_train_000461.png,images/train/ycor_train_000461.jpg,masks/train/ycor_train_000461.png,1024,544,rgb_palette,train/iid000590/rgb.jpg,train/iid000590/labels.png
YCOR,train,ycor_train_000462,train,iid000591,ycor_train_000462.jpg,ycor_train_000462.png,images/train/ycor_train_000462.jpg,masks/train/ycor_train_000462.png,1024,544,rgb_palette,train/iid000591/rgb.jpg,train/iid000591/labels.png
YCOR,train,ycor_train_000463,train,iid000592,ycor_train_000463.jpg,ycor_train_000463.png,images/train/ycor_train_000463.jpg,masks/train/ycor_train_000463.png,1024,544,rgb_palette,train/iid000592/rgb.jpg,train/iid000592/labels.png
YCOR,train,ycor_train_000464,train,iid000593,ycor_train_000464.jpg,ycor_train_000464.png,images/train/ycor_train_000464.jpg,masks/train/ycor_train_000464.png,1024,544,rgb_palette,train/iid000593/rgb.jpg,train/iid000593/labels.png
YCOR,train,ycor_train_000465,train,iid000594,ycor_train_000465.jpg,ycor_train_000465.png,images/train/ycor_train_000465.jpg,masks/train/ycor_train_000465.png,1024,544,rgb_palette,train/iid000594/rgb.jpg,train/iid000594/labels.png
YCOR,train,ycor_train_000466,train,iid000595,ycor_train_000466.jpg,ycor_train_000466.png,images/train/ycor_train_000466.jpg,masks/train/ycor_train_000466.png,1024,544,rgb_palette,train/iid000595/rgb.jpg,train/iid000595/labels.png
YCOR,train,ycor_train_000467,train,iid000596,ycor_train_000467.jpg,ycor_train_000467.png,images/train/ycor_train_000467.jpg,masks/train/ycor_train_000467.png,1024,544,rgb_palette,train/iid000596/rgb.jpg,train/iid000596/labels.png
YCOR,train,ycor_train_000468,train,iid000597,ycor_train_000468.jpg,ycor_train_000468.png,images/train/ycor_train_000468.jpg,masks/train/ycor_train_000468.png,1024,544,rgb_palette,train/iid000597/rgb.jpg,train/iid000597/labels.png
YCOR,train,ycor_train_000469,train,iid000598,ycor_train_000469.jpg,ycor_train_000469.png,images/train/ycor_train_000469.jpg,masks/train/ycor_train_000469.png,1024,544,rgb_palette,train/iid000598/rgb.jpg,train/iid000598/labels.png
YCOR,train,ycor_train_000470,train,iid000614,ycor_train_000470.jpg,ycor_train_000470.png,images/train/ycor_train_000470.jpg,masks/train/ycor_train_000470.png,1024,544,rgb_palette,train/iid000614/rgb.jpg,train/iid000614/labels.png
YCOR,train,ycor_train_000471,train,iid000615,ycor_train_000471.jpg,ycor_train_000471.png,images/train/ycor_train_000471.jpg,masks/train/ycor_train_000471.png,1024,544,rgb_palette,train/iid000615/rgb.jpg,train/iid000615/labels.png
YCOR,train,ycor_train_000472,train,iid000616,ycor_train_000472.jpg,ycor_train_000472.png,images/train/ycor_train_000472.jpg,masks/train/ycor_train_000472.png,1024,544,rgb_palette,train/iid000616/rgb.jpg,train/iid000616/labels.png
YCOR,train,ycor_train_000473,train,iid000617,ycor_train_000473.jpg,ycor_train_000473.png,images/train/ycor_train_000473.jpg,masks/train/ycor_train_000473.png,1024,544,rgb_palette,train/iid000617/rgb.jpg,train/iid000617/labels.png
YCOR,train,ycor_train_000474,train,iid000618,ycor_train_000474.jpg,ycor_train_000474.png,images/train/ycor_train_000474.jpg,masks/train/ycor_train_000474.png,1024,544,rgb_palette,train/iid000618/rgb.jpg,train/iid000618/labels.png
YCOR,train,ycor_train_000475,train,iid000619,ycor_train_000475.jpg,ycor_train_000475.png,images/train/ycor_train_000475.jpg,masks/train/ycor_train_000475.png,1024,544,rgb_palette,train/iid000619/rgb.jpg,train/iid000619/labels.png
YCOR,train,ycor_train_000476,train,iid000620,ycor_train_000476.jpg,ycor_train_000476.png,images/train/ycor_train_000476.jpg,masks/train/ycor_train_000476.png,1024,544,rgb_palette,train/iid000620/rgb.jpg,train/iid000620/labels.png
YCOR,train,ycor_train_000477,train,iid000621,ycor_train_000477.jpg,ycor_train_000477.png,images/train/ycor_train_000477.jpg,masks/train/ycor_train_000477.png,1024,544,rgb_palette,train/iid000621/rgb.jpg,train/iid000621/labels.png
YCOR,train,ycor_train_000478,train,iid000622,ycor_train_000478.jpg,ycor_train_000478.png,images/train/ycor_train_000478.jpg,masks/train/ycor_train_000478.png,1024,544,rgb_palette,train/iid000622/rgb.jpg,train/iid000622/labels.png
YCOR,train,ycor_train_000479,train,iid000623,ycor_train_000479.jpg,ycor_train_000479.png,images/train/ycor_train_000479.jpg,masks/train/ycor_train_000479.png,1024,544,rgb_palette,train/iid000623/rgb.jpg,train/iid000623/labels.png
YCOR,train,ycor_train_000480,train,iid000624,ycor_train_000480.jpg,ycor_train_000480.png,images/train/ycor_train_000480.jpg,masks/train/ycor_train_000480.png,1024,544,rgb_palette,train/iid000624/rgb.jpg,train/iid000624/labels.png
YCOR,train,ycor_train_000481,train,iid000625,ycor_train_000481.jpg,ycor_train_000481.png,images/train/ycor_train_000481.jpg,masks/train/ycor_train_000481.png,1024,544,rgb_palette,train/iid000625/rgb.jpg,train/iid000625/labels.png
YCOR,train,ycor_train_000482,train,iid000626,ycor_train_000482.jpg,ycor_train_000482.png,images/train/ycor_train_000482.jpg,masks/train/ycor_train_000482.png,1024,544,rgb_palette,train/iid000626/rgb.jpg,train/iid000626/labels.png
YCOR,train,ycor_train_000483,train,iid000627,ycor_train_000483.jpg,ycor_train_000483.png,images/train/ycor_train_000483.jpg,masks/train/ycor_train_000483.png,1024,544,rgb_palette,train/iid000627/rgb.jpg,train/iid000627/labels.png
YCOR,train,ycor_train_000484,train,iid000628,ycor_train_000484.jpg,ycor_train_000484.png,images/train/ycor_train_000484.jpg,masks/train/ycor_train_000484.png,1024,544,rgb_palette,train/iid000628/rgb.jpg,train/iid000628/labels.png
YCOR,train,ycor_train_000485,train,iid000629,ycor_train_000485.jpg,ycor_train_000485.png,images/train/ycor_train_000485.jpg,masks/train/ycor_train_000485.png,1024,544,rgb_palette,train/iid000629/rgb.jpg,train/iid000629/labels.png
YCOR,train,ycor_train_000486,train,iid000630,ycor_train_000486.jpg,ycor_train_000486.png,images/train/ycor_train_000486.jpg,masks/train/ycor_train_000486.png,1024,544,rgb_palette,train/iid000630/rgb.jpg,train/iid000630/labels.png
YCOR,train,ycor_train_000487,train,iid000631,ycor_train_000487.jpg,ycor_train_000487.png,images/train/ycor_train_000487.jpg,masks/train/ycor_train_000487.png,1024,544,rgb_palette,train/iid000631/rgb.jpg,train/iid000631/labels.png
YCOR,train,ycor_train_000488,train,iid000632,ycor_train_000488.jpg,ycor_train_000488.png,images/train/ycor_train_000488.jpg,masks/train/ycor_train_000488.png,1024,544,rgb_palette,train/iid000632/rgb.jpg,train/iid000632/labels.png
YCOR,train,ycor_train_000489,train,iid000633,ycor_train_000489.jpg,ycor_train_000489.png,images/train/ycor_train_000489.jpg,masks/train/ycor_train_000489.png,1024,544,rgb_palette,train/iid000633/rgb.jpg,train/iid000633/labels.png
YCOR,train,ycor_train_000490,train,iid000634,ycor_train_000490.jpg,ycor_train_000490.png,images/train/ycor_train_000490.jpg,masks/train/ycor_train_000490.png,1024,544,rgb_palette,train/iid000634/rgb.jpg,train/iid000634/labels.png
YCOR,train,ycor_train_000491,train,iid000635,ycor_train_000491.jpg,ycor_train_000491.png,images/train/ycor_train_000491.jpg,masks/train/ycor_train_000491.png,1024,544,rgb_palette,train/iid000635/rgb.jpg,train/iid000635/labels.png
YCOR,train,ycor_train_000492,train,iid000636,ycor_train_000492.jpg,ycor_train_000492.png,images/train/ycor_train_000492.jpg,masks/train/ycor_train_000492.png,1024,544,rgb_palette,train/iid000636/rgb.jpg,train/iid000636/labels.png
YCOR,train,ycor_train_000493,train,iid000637,ycor_train_000493.jpg,ycor_train_000493.png,images/train/ycor_train_000493.jpg,masks/train/ycor_train_000493.png,1024,544,rgb_palette,train/iid000637/rgb.jpg,train/iid000637/labels.png
YCOR,train,ycor_train_000494,train,iid000638,ycor_train_000494.jpg,ycor_train_000494.png,images/train/ycor_train_000494.jpg,masks/train/ycor_train_000494.png,1024,544,rgb_palette,train/iid000638/rgb.jpg,train/iid000638/labels.png
YCOR,train,ycor_train_000495,train,iid000639,ycor_train_000495.jpg,ycor_train_000495.png,images/train/ycor_train_000495.jpg,masks/train/ycor_train_000495.png,1024,544,rgb_palette,train/iid000639/rgb.jpg,train/iid000639/labels.png
YCOR,train,ycor_train_000496,train,iid000640,ycor_train_000496.jpg,ycor_train_000496.png,images/train/ycor_train_000496.jpg,masks/train/ycor_train_000496.png,1024,544,rgb_palette,train/iid000640/rgb.jpg,train/iid000640/labels.png
YCOR,train,ycor_train_000497,train,iid000641,ycor_train_000497.jpg,ycor_train_000497.png,images/train/ycor_train_000497.jpg,masks/train/ycor_train_000497.png,1024,544,rgb_palette,train/iid000641/rgb.jpg,train/iid000641/labels.png
YCOR,train,ycor_train_000498,train,iid000642,ycor_train_000498.jpg,ycor_train_000498.png,images/train/ycor_train_000498.jpg,masks/train/ycor_train_000498.png,1024,544,rgb_palette,train/iid000642/rgb.jpg,train/iid000642/labels.png
YCOR,train,ycor_train_000499,train,iid000643,ycor_train_000499.jpg,ycor_train_000499.png,images/train/ycor_train_000499.jpg,masks/train/ycor_train_000499.png,1024,544,rgb_palette,train/iid000643/rgb.jpg,train/iid000643/labels.png
YCOR,train,ycor_train_000500,train,iid000644,ycor_train_000500.jpg,ycor_train_000500.png,images/train/ycor_train_000500.jpg,masks/train/ycor_train_000500.png,1024,544,rgb_palette,train/iid000644/rgb.jpg,train/iid000644/labels.png
YCOR,train,ycor_train_000501,train,iid000645,ycor_train_000501.jpg,ycor_train_000501.png,images/train/ycor_train_000501.jpg,masks/train/ycor_train_000501.png,1024,544,rgb_palette,train/iid000645/rgb.jpg,train/iid000645/labels.png
YCOR,train,ycor_train_000502,train,iid000646,ycor_train_000502.jpg,ycor_train_000502.png,images/train/ycor_train_000502.jpg,masks/train/ycor_train_000502.png,1024,544,rgb_palette,train/iid000646/rgb.jpg,train/iid000646/labels.png
YCOR,train,ycor_train_000503,train,iid000647,ycor_train_000503.jpg,ycor_train_000503.png,images/train/ycor_train_000503.jpg,masks/train/ycor_train_000503.png,1024,544,rgb_palette,train/iid000647/rgb.jpg,train/iid000647/labels.png
YCOR,train,ycor_train_000504,train,iid000648,ycor_train_000504.jpg,ycor_train_000504.png,images/train/ycor_train_000504.jpg,masks/train/ycor_train_000504.png,1024,544,rgb_palette,train/iid000648/rgb.jpg,train/iid000648/labels.png
YCOR,train,ycor_train_000505,train,iid000649,ycor_train_000505.jpg,ycor_train_000505.png,images/train/ycor_train_000505.jpg,masks/train/ycor_train_000505.png,1024,544,rgb_palette,train/iid000649/rgb.jpg,train/iid000649/labels.png
YCOR,train,ycor_train_000506,train,iid000650,ycor_train_000506.jpg,ycor_train_000506.png,images/train/ycor_train_000506.jpg,masks/train/ycor_train_000506.png,1024,544,rgb_palette,train/iid000650/rgb.jpg,train/iid000650/labels.png
YCOR,train,ycor_train_000507,train,iid000651,ycor_train_000507.jpg,ycor_train_000507.png,images/train/ycor_train_000507.jpg,masks/train/ycor_train_000507.png,1024,544,rgb_palette,train/iid000651/rgb.jpg,train/iid000651/labels.png
YCOR,train,ycor_train_000508,train,iid000652,ycor_train_000508.jpg,ycor_train_000508.png,images/train/ycor_train_000508.jpg,masks/train/ycor_train_000508.png,1024,544,rgb_palette,train/iid000652/rgb.jpg,train/iid000652/labels.png
YCOR,train,ycor_train_000509,train,iid000653,ycor_train_000509.jpg,ycor_train_000509.png,images/train/ycor_train_000509.jpg,masks/train/ycor_train_000509.png,1024,544,rgb_palette,train/iid000653/rgb.jpg,train/iid000653/labels.png
YCOR,train,ycor_train_000510,train,iid000654,ycor_train_000510.jpg,ycor_train_000510.png,images/train/ycor_train_000510.jpg,masks/train/ycor_train_000510.png,1024,544,rgb_palette,train/iid000654/rgb.jpg,train/iid000654/labels.png
YCOR,train,ycor_train_000511,train,iid000656,ycor_train_000511.jpg,ycor_train_000511.png,images/train/ycor_train_000511.jpg,masks/train/ycor_train_000511.png,1024,544,rgb_palette,train/iid000656/rgb.jpg,train/iid000656/labels.png
YCOR,train,ycor_train_000512,train,iid000657,ycor_train_000512.jpg,ycor_train_000512.png,images/train/ycor_train_000512.jpg,masks/train/ycor_train_000512.png,1024,544,rgb_palette,train/iid000657/rgb.jpg,train/iid000657/labels.png
YCOR,train,ycor_train_000513,train,iid000658,ycor_train_000513.jpg,ycor_train_000513.png,images/train/ycor_train_000513.jpg,masks/train/ycor_train_000513.png,1024,544,rgb_palette,train/iid000658/rgb.jpg,train/iid000658/labels.png
YCOR,train,ycor_train_000514,train,iid000659,ycor_train_000514.jpg,ycor_train_000514.png,images/train/ycor_train_000514.jpg,masks/train/ycor_train_000514.png,1024,544,rgb_palette,train/iid000659/rgb.jpg,train/iid000659/labels.png
YCOR,train,ycor_train_000515,train,iid000660,ycor_train_000515.jpg,ycor_train_000515.png,images/train/ycor_train_000515.jpg,masks/train/ycor_train_000515.png,1024,544,rgb_palette,train/iid000660/rgb.jpg,train/iid000660/labels.png
YCOR,train,ycor_train_000516,train,iid000661,ycor_train_000516.jpg,ycor_train_000516.png,images/train/ycor_train_000516.jpg,masks/train/ycor_train_000516.png,1024,544,rgb_palette,train/iid000661/rgb.jpg,train/iid000661/labels.png
YCOR,train,ycor_train_000517,train,iid000662,ycor_train_000517.jpg,ycor_train_000517.png,images/train/ycor_train_000517.jpg,masks/train/ycor_train_000517.png,1024,544,rgb_palette,train/iid000662/rgb.jpg,train/iid000662/labels.png
YCOR,train,ycor_train_000518,train,iid000663,ycor_train_000518.jpg,ycor_train_000518.png,images/train/ycor_train_000518.jpg,masks/train/ycor_train_000518.png,1024,544,rgb_palette,train/iid000663/rgb.jpg,train/iid000663/labels.png
YCOR,train,ycor_train_000519,train,iid000664,ycor_train_000519.jpg,ycor_train_000519.png,images/train/ycor_train_000519.jpg,masks/train/ycor_train_000519.png,1024,544,rgb_palette,train/iid000664/rgb.jpg,train/iid000664/labels.png
YCOR,train,ycor_train_000520,train,iid000665,ycor_train_000520.jpg,ycor_train_000520.png,images/train/ycor_train_000520.jpg,masks/train/ycor_train_000520.png,1024,544,rgb_palette,train/iid000665/rgb.jpg,train/iid000665/labels.png
YCOR,train,ycor_train_000521,train,iid000666,ycor_train_000521.jpg,ycor_train_000521.png,images/train/ycor_train_000521.jpg,masks/train/ycor_train_000521.png,1024,544,rgb_palette,train/iid000666/rgb.jpg,train/iid000666/labels.png
YCOR,train,ycor_train_000522,train,iid000668,ycor_train_000522.jpg,ycor_train_000522.png,images/train/ycor_train_000522.jpg,masks/train/ycor_train_000522.png,1024,544,rgb_palette,train/iid000668/rgb.jpg,train/iid000668/labels.png
YCOR,train,ycor_train_000523,train,iid000669,ycor_train_000523.jpg,ycor_train_000523.png,images/train/ycor_train_000523.jpg,masks/train/ycor_train_000523.png,1024,544,rgb_palette,train/iid000669/rgb.jpg,train/iid000669/labels.png
YCOR,train,ycor_train_000524,train,iid000670,ycor_train_000524.jpg,ycor_train_000524.png,images/train/ycor_train_000524.jpg,masks/train/ycor_train_000524.png,1024,544,rgb_palette,train/iid000670/rgb.jpg,train/iid000670/labels.png
YCOR,train,ycor_train_000525,train,iid000671,ycor_train_000525.jpg,ycor_train_000525.png,images/train/ycor_train_000525.jpg,masks/train/ycor_train_000525.png,1024,544,rgb_palette,train/iid000671/rgb.jpg,train/iid000671/labels.png
YCOR,train,ycor_train_000526,train,iid000672,ycor_train_000526.jpg,ycor_train_000526.png,images/train/ycor_train_000526.jpg,masks/train/ycor_train_000526.png,1024,544,rgb_palette,train/iid000672/rgb.jpg,train/iid000672/labels.png
YCOR,train,ycor_train_000527,train,iid000673,ycor_train_000527.jpg,ycor_train_000527.png,images/train/ycor_train_000527.jpg,masks/train/ycor_train_000527.png,1024,544,rgb_palette,train/iid000673/rgb.jpg,train/iid000673/labels.png
YCOR,train,ycor_train_000528,train,iid000674,ycor_train_000528.jpg,ycor_train_000528.png,images/train/ycor_train_000528.jpg,masks/train/ycor_train_000528.png,1024,544,rgb_palette,train/iid000674/rgb.jpg,train/iid000674/labels.png
YCOR,train,ycor_train_000529,train,iid000675,ycor_train_000529.jpg,ycor_train_000529.png,images/train/ycor_train_000529.jpg,masks/train/ycor_train_000529.png,1024,544,rgb_palette,train/iid000675/rgb.jpg,train/iid000675/labels.png
YCOR,train,ycor_train_000530,train,iid000676,ycor_train_000530.jpg,ycor_train_000530.png,images/train/ycor_train_000530.jpg,masks/train/ycor_train_000530.png,1024,544,rgb_palette,train/iid000676/rgb.jpg,train/iid000676/labels.png
YCOR,train,ycor_train_000531,train,iid000677,ycor_train_000531.jpg,ycor_train_000531.png,images/train/ycor_train_000531.jpg,masks/train/ycor_train_000531.png,1024,544,rgb_palette,train/iid000677/rgb.jpg,train/iid000677/labels.png
YCOR,train,ycor_train_000532,train,iid000678,ycor_train_000532.jpg,ycor_train_000532.png,images/train/ycor_train_000532.jpg,masks/train/ycor_train_000532.png,1024,544,rgb_palette,train/iid000678/rgb.jpg,train/iid000678/labels.png
YCOR,train,ycor_train_000533,train,iid000679,ycor_train_000533.jpg,ycor_train_000533.png,images/train/ycor_train_000533.jpg,masks/train/ycor_train_000533.png,1024,544,rgb_palette,train/iid000679/rgb.jpg,train/iid000679/labels.png
YCOR,train,ycor_train_000534,train,iid000680,ycor_train_000534.jpg,ycor_train_000534.png,images/train/ycor_train_000534.jpg,masks/train/ycor_train_000534.png,1024,544,rgb_palette,train/iid000680/rgb.jpg,train/iid000680/labels.png
YCOR,train,ycor_train_000535,train,iid000681,ycor_train_000535.jpg,ycor_train_000535.png,images/train/ycor_train_000535.jpg,masks/train/ycor_train_000535.png,1024,544,rgb_palette,train/iid000681/rgb.jpg,train/iid000681/labels.png
YCOR,train,ycor_train_000536,train,iid000682,ycor_train_000536.jpg,ycor_train_000536.png,images/train/ycor_train_000536.jpg,masks/train/ycor_train_000536.png,1024,544,rgb_palette,train/iid000682/rgb.jpg,train/iid000682/labels.png
YCOR,train,ycor_train_000537,train,iid000683,ycor_train_000537.jpg,ycor_train_000537.png,images/train/ycor_train_000537.jpg,masks/train/ycor_train_000537.png,1024,544,rgb_palette,train/iid000683/rgb.jpg,train/iid000683/labels.png
YCOR,train,ycor_train_000538,train,iid000684,ycor_train_000538.jpg,ycor_train_000538.png,images/train/ycor_train_000538.jpg,masks/train/ycor_train_000538.png,1024,544,rgb_palette,train/iid000684/rgb.jpg,train/iid000684/labels.png
YCOR,train,ycor_train_000539,train,iid000685,ycor_train_000539.jpg,ycor_train_000539.png,images/train/ycor_train_000539.jpg,masks/train/ycor_train_000539.png,1024,544,rgb_palette,train/iid000685/rgb.jpg,train/iid000685/labels.png
YCOR,train,ycor_train_000540,train,iid000686,ycor_train_000540.jpg,ycor_train_000540.png,images/train/ycor_train_000540.jpg,masks/train/ycor_train_000540.png,1024,544,rgb_palette,train/iid000686/rgb.jpg,train/iid000686/labels.png
YCOR,train,ycor_train_000541,train,iid000687,ycor_train_000541.jpg,ycor_train_000541.png,images/train/ycor_train_000541.jpg,masks/train/ycor_train_000541.png,1024,544,rgb_palette,train/iid000687/rgb.jpg,train/iid000687/labels.png
YCOR,train,ycor_train_000542,train,iid000688,ycor_train_000542.jpg,ycor_train_000542.png,images/train/ycor_train_000542.jpg,masks/train/ycor_train_000542.png,1024,544,rgb_palette,train/iid000688/rgb.jpg,train/iid000688/labels.png
YCOR,train,ycor_train_000543,train,iid000689,ycor_train_000543.jpg,ycor_train_000543.png,images/train/ycor_train_000543.jpg,masks/train/ycor_train_000543.png,1024,544,rgb_palette,train/iid000689/rgb.jpg,train/iid000689/labels.png
YCOR,train,ycor_train_000544,train,iid000690,ycor_train_000544.jpg,ycor_train_000544.png,images/train/ycor_train_000544.jpg,masks/train/ycor_train_000544.png,1024,544,rgb_palette,train/iid000690/rgb.jpg,train/iid000690/labels.png
YCOR,train,ycor_train_000545,train,iid000691,ycor_train_000545.jpg,ycor_train_000545.png,images/train/ycor_train_000545.jpg,masks/train/ycor_train_000545.png,1024,544,rgb_palette,train/iid000691/rgb.jpg,train/iid000691/labels.png
YCOR,train,ycor_train_000546,train,iid000692,ycor_train_000546.jpg,ycor_train_000546.png,images/train/ycor_train_000546.jpg,masks/train/ycor_train_000546.png,1024,544,rgb_palette,train/iid000692/rgb.jpg,train/iid000692/labels.png
YCOR,train,ycor_train_000547,train,iid000693,ycor_train_000547.jpg,ycor_train_000547.png,images/train/ycor_train_000547.jpg,masks/train/ycor_train_000547.png,1024,544,rgb_palette,train/iid000693/rgb.jpg,train/iid000693/labels.png
YCOR,train,ycor_train_000548,train,iid000694,ycor_train_000548.jpg,ycor_train_000548.png,images/train/ycor_train_000548.jpg,masks/train/ycor_train_000548.png,1024,544,rgb_palette,train/iid000694/rgb.jpg,train/iid000694/labels.png
YCOR,train,ycor_train_000549,train,iid000695,ycor_train_000549.jpg,ycor_train_000549.png,images/train/ycor_train_000549.jpg,masks/train/ycor_train_000549.png,1024,544,rgb_palette,train/iid000695/rgb.jpg,train/iid000695/labels.png
YCOR,train,ycor_train_000550,train,iid000696,ycor_train_000550.jpg,ycor_train_000550.png,images/train/ycor_train_000550.jpg,masks/train/ycor_train_000550.png,1024,544,rgb_palette,train/iid000696/rgb.jpg,train/iid000696/labels.png
YCOR,train,ycor_train_000551,train,iid000697,ycor_train_000551.jpg,ycor_train_000551.png,images/train/ycor_train_000551.jpg,masks/train/ycor_train_000551.png,1024,544,rgb_palette,train/iid000697/rgb.jpg,train/iid000697/labels.png
YCOR,train,ycor_train_000552,train,iid000698,ycor_train_000552.jpg,ycor_train_000552.png,images/train/ycor_train_000552.jpg,masks/train/ycor_train_000552.png,1024,544,rgb_palette,train/iid000698/rgb.jpg,train/iid000698/labels.png
YCOR,train,ycor_train_000553,train,iid000699,ycor_train_000553.jpg,ycor_train_000553.png,images/train/ycor_train_000553.jpg,masks/train/ycor_train_000553.png,1024,544,rgb_palette,train/iid000699/rgb.jpg,train/iid000699/labels.png
YCOR,train,ycor_train_000554,train,iid000700,ycor_train_000554.jpg,ycor_train_000554.png,images/train/ycor_train_000554.jpg,masks/train/ycor_train_000554.png,1024,544,rgb_palette,train/iid000700/rgb.jpg,train/iid000700/labels.png
YCOR,train,ycor_train_000555,train,iid000701,ycor_train_000555.jpg,ycor_train_000555.png,images/train/ycor_train_000555.jpg,masks/train/ycor_train_000555.png,1024,544,rgb_palette,train/iid000701/rgb.jpg,train/iid000701/labels.png
YCOR,train,ycor_train_000556,train,iid000702,ycor_train_000556.jpg,ycor_train_000556.png,images/train/ycor_train_000556.jpg,masks/train/ycor_train_000556.png,1024,544,rgb_palette,train/iid000702/rgb.jpg,train/iid000702/labels.png
YCOR,train,ycor_train_000557,train,iid000703,ycor_train_000557.jpg,ycor_train_000557.png,images/train/ycor_train_000557.jpg,masks/train/ycor_train_000557.png,1024,544,rgb_palette,train/iid000703/rgb.jpg,train/iid000703/labels.png
YCOR,train,ycor_train_000558,train,iid000704,ycor_train_000558.jpg,ycor_train_000558.png,images/train/ycor_train_000558.jpg,masks/train/ycor_train_000558.png,1024,544,rgb_palette,train/iid000704/rgb.jpg,train/iid000704/labels.png
YCOR,train,ycor_train_000559,train,iid000705,ycor_train_000559.jpg,ycor_train_000559.png,images/train/ycor_train_000559.jpg,masks/train/ycor_train_000559.png,1024,544,rgb_palette,train/iid000705/rgb.jpg,train/iid000705/labels.png
YCOR,train,ycor_train_000560,train,iid000706,ycor_train_000560.jpg,ycor_train_000560.png,images/train/ycor_train_000560.jpg,masks/train/ycor_train_000560.png,1024,544,rgb_palette,train/iid000706/rgb.jpg,train/iid000706/labels.png
YCOR,train,ycor_train_000561,train,iid000707,ycor_train_000561.jpg,ycor_train_000561.png,images/train/ycor_train_000561.jpg,masks/train/ycor_train_000561.png,1024,544,rgb_palette,train/iid000707/rgb.jpg,train/iid000707/labels.png
YCOR,train,ycor_train_000562,train,iid000708,ycor_train_000562.jpg,ycor_train_000562.png,images/train/ycor_train_000562.jpg,masks/train/ycor_train_000562.png,1024,544,rgb_palette,train/iid000708/rgb.jpg,train/iid000708/labels.png
YCOR,train,ycor_train_000563,train,iid000709,ycor_train_000563.jpg,ycor_train_000563.png,images/train/ycor_train_000563.jpg,masks/train/ycor_train_000563.png,1024,544,rgb_palette,train/iid000709/rgb.jpg,train/iid000709/labels.png
YCOR,train,ycor_train_000564,train,iid000710,ycor_train_000564.jpg,ycor_train_000564.png,images/train/ycor_train_000564.jpg,masks/train/ycor_train_000564.png,1024,544,rgb_palette,train/iid000710/rgb.jpg,train/iid000710/labels.png
YCOR,train,ycor_train_000565,train,iid000711,ycor_train_000565.jpg,ycor_train_000565.png,images/train/ycor_train_000565.jpg,masks/train/ycor_train_000565.png,1024,544,rgb_palette,train/iid000711/rgb.jpg,train/iid000711/labels.png
YCOR,train,ycor_train_000566,train,iid000712,ycor_train_000566.jpg,ycor_train_000566.png,images/train/ycor_train_000566.jpg,masks/train/ycor_train_000566.png,1024,544,rgb_palette,train/iid000712/rgb.jpg,train/iid000712/labels.png
YCOR,train,ycor_train_000567,train,iid000713,ycor_train_000567.jpg,ycor_train_000567.png,images/train/ycor_train_000567.jpg,masks/train/ycor_train_000567.png,1024,544,rgb_palette,train/iid000713/rgb.jpg,train/iid000713/labels.png
YCOR,train,ycor_train_000568,train,iid000714,ycor_train_000568.jpg,ycor_train_000568.png,images/train/ycor_train_000568.jpg,masks/train/ycor_train_000568.png,1024,544,rgb_palette,train/iid000714/rgb.jpg,train/iid000714/labels.png
YCOR,train,ycor_train_000569,train,iid000715,ycor_train_000569.jpg,ycor_train_000569.png,images/train/ycor_train_000569.jpg,masks/train/ycor_train_000569.png,1024,544,rgb_palette,train/iid000715/rgb.jpg,train/iid000715/labels.png
YCOR,train,ycor_train_000570,train,iid000716,ycor_train_000570.jpg,ycor_train_000570.png,images/train/ycor_train_000570.jpg,masks/train/ycor_train_000570.png,1024,544,rgb_palette,train/iid000716/rgb.jpg,train/iid000716/labels.png
YCOR,train,ycor_train_000571,train,iid000717,ycor_train_000571.jpg,ycor_train_000571.png,images/train/ycor_train_000571.jpg,masks/train/ycor_train_000571.png,1024,544,rgb_palette,train/iid000717/rgb.jpg,train/iid000717/labels.png
YCOR,train,ycor_train_000572,train,iid000718,ycor_train_000572.jpg,ycor_train_000572.png,images/train/ycor_train_000572.jpg,masks/train/ycor_train_000572.png,1024,544,rgb_palette,train/iid000718/rgb.jpg,train/iid000718/labels.png
YCOR,train,ycor_train_000573,train,iid000719,ycor_train_000573.jpg,ycor_train_000573.png,images/train/ycor_train_000573.jpg,masks/train/ycor_train_000573.png,1024,544,rgb_palette,train/iid000719/rgb.jpg,train/iid000719/labels.png
YCOR,train,ycor_train_000574,train,iid000720,ycor_train_000574.jpg,ycor_train_000574.png,images/train/ycor_train_000574.jpg,masks/train/ycor_train_000574.png,1024,544,rgb_palette,train/iid000720/rgb.jpg,train/iid000720/labels.png
YCOR,train,ycor_train_000575,train,iid000721,ycor_train_000575.jpg,ycor_train_000575.png,images/train/ycor_train_000575.jpg,masks/train/ycor_train_000575.png,1024,544,rgb_palette,train/iid000721/rgb.jpg,train/iid000721/labels.png
YCOR,train,ycor_train_000576,train,iid000722,ycor_train_000576.jpg,ycor_train_000576.png,images/train/ycor_train_000576.jpg,masks/train/ycor_train_000576.png,1024,544,rgb_palette,train/iid000722/rgb.jpg,train/iid000722/labels.png
YCOR,train,ycor_train_000577,train,iid000723,ycor_train_000577.jpg,ycor_train_000577.png,images/train/ycor_train_000577.jpg,masks/train/ycor_train_000577.png,1024,544,rgb_palette,train/iid000723/rgb.jpg,train/iid000723/labels.png
YCOR,train,ycor_train_000578,train,iid000724,ycor_train_000578.jpg,ycor_train_000578.png,images/train/ycor_train_000578.jpg,masks/train/ycor_train_000578.png,1024,544,rgb_palette,train/iid000724/rgb.jpg,train/iid000724/labels.png
YCOR,train,ycor_train_000579,train,iid000725,ycor_train_000579.jpg,ycor_train_000579.png,images/train/ycor_train_000579.jpg,masks/train/ycor_train_000579.png,1024,544,rgb_palette,train/iid000725/rgb.jpg,train/iid000725/labels.png
YCOR,train,ycor_train_000580,train,iid000726,ycor_train_000580.jpg,ycor_train_000580.png,images/train/ycor_train_000580.jpg,masks/train/ycor_train_000580.png,1024,544,rgb_palette,train/iid000726/rgb.jpg,train/iid000726/labels.png
YCOR,train,ycor_train_000581,train,iid000727,ycor_train_000581.jpg,ycor_train_000581.png,images/train/ycor_train_000581.jpg,masks/train/ycor_train_000581.png,1024,544,rgb_palette,train/iid000727/rgb.jpg,train/iid000727/labels.png
YCOR,train,ycor_train_000582,train,iid000728,ycor_train_000582.jpg,ycor_train_000582.png,images/train/ycor_train_000582.jpg,masks/train/ycor_train_000582.png,1024,544,rgb_palette,train/iid000728/rgb.jpg,train/iid000728/labels.png
YCOR,train,ycor_train_000583,train,iid000729,ycor_train_000583.jpg,ycor_train_000583.png,images/train/ycor_train_000583.jpg,masks/train/ycor_train_000583.png,1024,544,rgb_palette,train/iid000729/rgb.jpg,train/iid000729/labels.png
YCOR,train,ycor_train_000584,train,iid000730,ycor_train_000584.jpg,ycor_train_000584.png,images/train/ycor_train_000584.jpg,masks/train/ycor_train_000584.png,1024,544,rgb_palette,train/iid000730/rgb.jpg,train/iid000730/labels.png
YCOR,train,ycor_train_000585,train,iid000731,ycor_train_000585.jpg,ycor_train_000585.png,images/train/ycor_train_000585.jpg,masks/train/ycor_train_000585.png,1024,544,rgb_palette,train/iid000731/rgb.jpg,train/iid000731/labels.png
YCOR,train,ycor_train_000586,train,iid000732,ycor_train_000586.jpg,ycor_train_000586.png,images/train/ycor_train_000586.jpg,masks/train/ycor_train_000586.png,1024,544,rgb_palette,train/iid000732/rgb.jpg,train/iid000732/labels.png
YCOR,train,ycor_train_000587,train,iid000733,ycor_train_000587.jpg,ycor_train_000587.png,images/train/ycor_train_000587.jpg,masks/train/ycor_train_000587.png,1024,544,rgb_palette,train/iid000733/rgb.jpg,train/iid000733/labels.png
YCOR,train,ycor_train_000588,train,iid000734,ycor_train_000588.jpg,ycor_train_000588.png,images/train/ycor_train_000588.jpg,masks/train/ycor_train_000588.png,1024,544,rgb_palette,train/iid000734/rgb.jpg,train/iid000734/labels.png
YCOR,train,ycor_train_000589,train,iid000735,ycor_train_000589.jpg,ycor_train_000589.png,images/train/ycor_train_000589.jpg,masks/train/ycor_train_000589.png,1024,544,rgb_palette,train/iid000735/rgb.jpg,train/iid000735/labels.png
YCOR,train,ycor_train_000590,train,iid000736,ycor_train_000590.jpg,ycor_train_000590.png,images/train/ycor_train_000590.jpg,masks/train/ycor_train_000590.png,1024,544,rgb_palette,train/iid000736/rgb.jpg,train/iid000736/labels.png
YCOR,train,ycor_train_000591,train,iid000737,ycor_train_000591.jpg,ycor_train_000591.png,images/train/ycor_train_000591.jpg,masks/train/ycor_train_000591.png,1024,544,rgb_palette,train/iid000737/rgb.jpg,train/iid000737/labels.png
YCOR,train,ycor_train_000592,train,iid000738,ycor_train_000592.jpg,ycor_train_000592.png,images/train/ycor_train_000592.jpg,masks/train/ycor_train_000592.png,1024,544,rgb_palette,train/iid000738/rgb.jpg,train/iid000738/labels.png
YCOR,train,ycor_train_000593,train,iid000739,ycor_train_000593.jpg,ycor_train_000593.png,images/train/ycor_train_000593.jpg,masks/train/ycor_train_000593.png,1024,544,rgb_palette,train/iid000739/rgb.jpg,train/iid000739/labels.png
YCOR,train,ycor_train_000594,train,iid000740,ycor_train_000594.jpg,ycor_train_000594.png,images/train/ycor_train_000594.jpg,masks/train/ycor_train_000594.png,1024,544,rgb_palette,train/iid000740/rgb.jpg,train/iid000740/labels.png
YCOR,train,ycor_train_000595,train,iid000741,ycor_train_000595.jpg,ycor_train_000595.png,images/train/ycor_train_000595.jpg,masks/train/ycor_train_000595.png,1024,544,rgb_palette,train/iid000741/rgb.jpg,train/iid000741/labels.png
YCOR,train,ycor_train_000596,train,iid000757,ycor_train_000596.jpg,ycor_train_000596.png,images/train/ycor_train_000596.jpg,masks/train/ycor_train_000596.png,1024,544,rgb_palette,train/iid000757/rgb.jpg,train/iid000757/labels.png
YCOR,train,ycor_train_000597,train,iid000758,ycor_train_000597.jpg,ycor_train_000597.png,images/train/ycor_train_000597.jpg,masks/train/ycor_train_000597.png,1024,544,rgb_palette,train/iid000758/rgb.jpg,train/iid000758/labels.png
YCOR,train,ycor_train_000598,train,iid000759,ycor_train_000598.jpg,ycor_train_000598.png,images/train/ycor_train_000598.jpg,masks/train/ycor_train_000598.png,1024,544,rgb_palette,train/iid000759/rgb.jpg,train/iid000759/labels.png
YCOR,train,ycor_train_000599,train,iid000760,ycor_train_000599.jpg,ycor_train_000599.png,images/train/ycor_train_000599.jpg,masks/train/ycor_train_000599.png,1024,544,rgb_palette,train/iid000760/rgb.jpg,train/iid000760/labels.png
YCOR,train,ycor_train_000600,train,iid000761,ycor_train_000600.jpg,ycor_train_000600.png,images/train/ycor_train_000600.jpg,masks/train/ycor_train_000600.png,1024,544,rgb_palette,train/iid000761/rgb.jpg,train/iid000761/labels.png
YCOR,train,ycor_train_000601,train,iid000762,ycor_train_000601.jpg,ycor_train_000601.png,images/train/ycor_train_000601.jpg,masks/train/ycor_train_000601.png,1024,544,rgb_palette,train/iid000762/rgb.jpg,train/iid000762/labels.png
YCOR,train,ycor_train_000602,train,iid000763,ycor_train_000602.jpg,ycor_train_000602.png,images/train/ycor_train_000602.jpg,masks/train/ycor_train_000602.png,1024,544,rgb_palette,train/iid000763/rgb.jpg,train/iid000763/labels.png
YCOR,train,ycor_train_000603,train,iid000765,ycor_train_000603.jpg,ycor_train_000603.png,images/train/ycor_train_000603.jpg,masks/train/ycor_train_000603.png,1024,544,rgb_palette,train/iid000765/rgb.jpg,train/iid000765/labels.png
YCOR,train,ycor_train_000604,train,iid000766,ycor_train_000604.jpg,ycor_train_000604.png,images/train/ycor_train_000604.jpg,masks/train/ycor_train_000604.png,1024,544,rgb_palette,train/iid000766/rgb.jpg,train/iid000766/labels.png
YCOR,train,ycor_train_000605,train,iid000767,ycor_train_000605.jpg,ycor_train_000605.png,images/train/ycor_train_000605.jpg,masks/train/ycor_train_000605.png,1024,544,rgb_palette,train/iid000767/rgb.jpg,train/iid000767/labels.png
YCOR,train,ycor_train_000606,train,iid000768,ycor_train_000606.jpg,ycor_train_000606.png,images/train/ycor_train_000606.jpg,masks/train/ycor_train_000606.png,1024,544,rgb_palette,train/iid000768/rgb.jpg,train/iid000768/labels.png
YCOR,train,ycor_train_000607,train,iid000769,ycor_train_000607.jpg,ycor_train_000607.png,images/train/ycor_train_000607.jpg,masks/train/ycor_train_000607.png,1024,544,rgb_palette,train/iid000769/rgb.jpg,train/iid000769/labels.png
YCOR,train,ycor_train_000608,train,iid000770,ycor_train_000608.jpg,ycor_train_000608.png,images/train/ycor_train_000608.jpg,masks/train/ycor_train_000608.png,1024,544,rgb_palette,train/iid000770/rgb.jpg,train/iid000770/labels.png
YCOR,train,ycor_train_000609,train,iid000771,ycor_train_000609.jpg,ycor_train_000609.png,images/train/ycor_train_000609.jpg,masks/train/ycor_train_000609.png,1024,544,rgb_palette,train/iid000771/rgb.jpg,train/iid000771/labels.png
YCOR,train,ycor_train_000610,train,iid000772,ycor_train_000610.jpg,ycor_train_000610.png,images/train/ycor_train_000610.jpg,masks/train/ycor_train_000610.png,1024,544,rgb_palette,train/iid000772/rgb.jpg,train/iid000772/labels.png
YCOR,train,ycor_train_000611,train,iid000773,ycor_train_000611.jpg,ycor_train_000611.png,images/train/ycor_train_000611.jpg,masks/train/ycor_train_000611.png,1024,544,rgb_palette,train/iid000773/rgb.jpg,train/iid000773/labels.png
YCOR,train,ycor_train_000612,train,iid000774,ycor_train_000612.jpg,ycor_train_000612.png,images/train/ycor_train_000612.jpg,masks/train/ycor_train_000612.png,1024,544,rgb_palette,train/iid000774/rgb.jpg,train/iid000774/labels.png
YCOR,train,ycor_train_000613,train,iid000775,ycor_train_000613.jpg,ycor_train_000613.png,images/train/ycor_train_000613.jpg,masks/train/ycor_train_000613.png,1024,544,rgb_palette,train/iid000775/rgb.jpg,train/iid000775/labels.png
YCOR,train,ycor_train_000614,train,iid000776,ycor_train_000614.jpg,ycor_train_000614.png,images/train/ycor_train_000614.jpg,masks/train/ycor_train_000614.png,1024,544,rgb_palette,train/iid000776/rgb.jpg,train/iid000776/labels.png
YCOR,train,ycor_train_000615,train,iid000777,ycor_train_000615.jpg,ycor_train_000615.png,images/train/ycor_train_000615.jpg,masks/train/ycor_train_000615.png,1024,544,rgb_palette,train/iid000777/rgb.jpg,train/iid000777/labels.png
YCOR,train,ycor_train_000616,train,iid000778,ycor_train_000616.jpg,ycor_train_000616.png,images/train/ycor_train_000616.jpg,masks/train/ycor_train_000616.png,1024,544,rgb_palette,train/iid000778/rgb.jpg,train/iid000778/labels.png
YCOR,train,ycor_train_000617,train,iid000779,ycor_train_000617.jpg,ycor_train_000617.png,images/train/ycor_train_000617.jpg,masks/train/ycor_train_000617.png,1024,544,rgb_palette,train/iid000779/rgb.jpg,train/iid000779/labels.png
YCOR,train,ycor_train_000618,train,iid000780,ycor_train_000618.jpg,ycor_train_000618.png,images/train/ycor_train_000618.jpg,masks/train/ycor_train_000618.png,1024,544,rgb_palette,train/iid000780/rgb.jpg,train/iid000780/labels.png
YCOR,train,ycor_train_000619,train,iid000781,ycor_train_000619.jpg,ycor_train_000619.png,images/train/ycor_train_000619.jpg,masks/train/ycor_train_000619.png,1024,544,rgb_palette,train/iid000781/rgb.jpg,train/iid000781/labels.png
YCOR,train,ycor_train_000620,train,iid000783,ycor_train_000620.jpg,ycor_train_000620.png,images/train/ycor_train_000620.jpg,masks/train/ycor_train_000620.png,1024,544,rgb_palette,train/iid000783/rgb.jpg,train/iid000783/labels.png
YCOR,train,ycor_train_000621,train,iid000802,ycor_train_000621.jpg,ycor_train_000621.png,images/train/ycor_train_000621.jpg,masks/train/ycor_train_000621.png,1024,544,rgb_palette,train/iid000802/rgb.jpg,train/iid000802/labels.png
YCOR,train,ycor_train_000622,train,iid000803,ycor_train_000622.jpg,ycor_train_000622.png,images/train/ycor_train_000622.jpg,masks/train/ycor_train_000622.png,1024,544,rgb_palette,train/iid000803/rgb.jpg,train/iid000803/labels.png
YCOR,train,ycor_train_000623,train,iid000804,ycor_train_000623.jpg,ycor_train_000623.png,images/train/ycor_train_000623.jpg,masks/train/ycor_train_000623.png,1024,544,rgb_palette,train/iid000804/rgb.jpg,train/iid000804/labels.png
YCOR,train,ycor_train_000624,train,iid000805,ycor_train_000624.jpg,ycor_train_000624.png,images/train/ycor_train_000624.jpg,masks/train/ycor_train_000624.png,1024,544,rgb_palette,train/iid000805/rgb.jpg,train/iid000805/labels.png
YCOR,train,ycor_train_000625,train,iid000806,ycor_train_000625.jpg,ycor_train_000625.png,images/train/ycor_train_000625.jpg,masks/train/ycor_train_000625.png,1024,544,rgb_palette,train/iid000806/rgb.jpg,train/iid000806/labels.png
YCOR,train,ycor_train_000626,train,iid000807,ycor_train_000626.jpg,ycor_train_000626.png,images/train/ycor_train_000626.jpg,masks/train/ycor_train_000626.png,1024,544,rgb_palette,train/iid000807/rgb.jpg,train/iid000807/labels.png
YCOR,train,ycor_train_000627,train,iid000808,ycor_train_000627.jpg,ycor_train_000627.png,images/train/ycor_train_000627.jpg,masks/train/ycor_train_000627.png,1024,544,rgb_palette,train/iid000808/rgb.jpg,train/iid000808/labels.png
YCOR,train,ycor_train_000628,train,iid000809,ycor_train_000628.jpg,ycor_train_000628.png,images/train/ycor_train_000628.jpg,masks/train/ycor_train_000628.png,1024,544,rgb_palette,train/iid000809/rgb.jpg,train/iid000809/labels.png
YCOR,train,ycor_train_000629,train,iid000826,ycor_train_000629.jpg,ycor_train_000629.png,images/train/ycor_train_000629.jpg,masks/train/ycor_train_000629.png,1024,544,rgb_palette,train/iid000826/rgb.jpg,train/iid000826/labels.png
YCOR,train,ycor_train_000630,train,iid000827,ycor_train_000630.jpg,ycor_train_000630.png,images/train/ycor_train_000630.jpg,masks/train/ycor_train_000630.png,1024,544,rgb_palette,train/iid000827/rgb.jpg,train/iid000827/labels.png
YCOR,train,ycor_train_000631,train,iid000828,ycor_train_000631.jpg,ycor_train_000631.png,images/train/ycor_train_000631.jpg,masks/train/ycor_train_000631.png,1024,544,rgb_palette,train/iid000828/rgb.jpg,train/iid000828/labels.png
YCOR,train,ycor_train_000632,train,iid000829,ycor_train_000632.jpg,ycor_train_000632.png,images/train/ycor_train_000632.jpg,masks/train/ycor_train_000632.png,1024,544,rgb_palette,train/iid000829/rgb.jpg,train/iid000829/labels.png
YCOR,train,ycor_train_000633,train,iid000830,ycor_train_000633.jpg,ycor_train_000633.png,images/train/ycor_train_000633.jpg,masks/train/ycor_train_000633.png,1024,544,rgb_palette,train/iid000830/rgb.jpg,train/iid000830/labels.png
YCOR,train,ycor_train_000634,train,iid000831,ycor_train_000634.jpg,ycor_train_000634.png,images/train/ycor_train_000634.jpg,masks/train/ycor_train_000634.png,1024,544,rgb_palette,train/iid000831/rgb.jpg,train/iid000831/labels.png
YCOR,train,ycor_train_000635,train,iid000832,ycor_train_000635.jpg,ycor_train_000635.png,images/train/ycor_train_000635.jpg,masks/train/ycor_train_000635.png,1024,544,rgb_palette,train/iid000832/rgb.jpg,train/iid000832/labels.png
YCOR,train,ycor_train_000636,train,iid000833,ycor_train_000636.jpg,ycor_train_000636.png,images/train/ycor_train_000636.jpg,masks/train/ycor_train_000636.png,1024,544,rgb_palette,train/iid000833/rgb.jpg,train/iid000833/labels.png
YCOR,train,ycor_train_000637,train,iid000834,ycor_train_000637.jpg,ycor_train_000637.png,images/train/ycor_train_000637.jpg,masks/train/ycor_train_000637.png,1024,544,rgb_palette,train/iid000834/rgb.jpg,train/iid000834/labels.png
YCOR,train,ycor_train_000638,train,iid001053,ycor_train_000638.jpg,ycor_train_000638.png,images/train/ycor_train_000638.jpg,masks/train/ycor_train_000638.png,1024,544,rgb_palette,train/iid001053/rgb.jpg,train/iid001053/labels.png
YCOR,train,ycor_train_000639,train,iid001054,ycor_train_000639.jpg,ycor_train_000639.png,images/train/ycor_train_000639.jpg,masks/train/ycor_train_000639.png,1024,544,rgb_palette,train/iid001054/rgb.jpg,train/iid001054/labels.png
YCOR,train,ycor_train_000640,train,iid001055,ycor_train_000640.jpg,ycor_train_000640.png,images/train/ycor_train_000640.jpg,masks/train/ycor_train_000640.png,1024,544,rgb_palette,train/iid001055/rgb.jpg,train/iid001055/labels.png
YCOR,train,ycor_train_000641,train,iid001056,ycor_train_000641.jpg,ycor_train_000641.png,images/train/ycor_train_000641.jpg,masks/train/ycor_train_000641.png,1024,544,rgb_palette,train/iid001056/rgb.jpg,train/iid001056/labels.png
YCOR,train,ycor_train_000642,train,iid001057,ycor_train_000642.jpg,ycor_train_000642.png,images/train/ycor_train_000642.jpg,masks/train/ycor_train_000642.png,1024,544,rgb_palette,train/iid001057/rgb.jpg,train/iid001057/labels.png
YCOR,train,ycor_train_000643,train,iid001058,ycor_train_000643.jpg,ycor_train_000643.png,images/train/ycor_train_000643.jpg,masks/train/ycor_train_000643.png,1024,544,rgb_palette,train/iid001058/rgb.jpg,train/iid001058/labels.png
YCOR,train,ycor_train_000644,train,iid001059,ycor_train_000644.jpg,ycor_train_000644.png,images/train/ycor_train_000644.jpg,masks/train/ycor_train_000644.png,1024,544,rgb_palette,train/iid001059/rgb.jpg,train/iid001059/labels.png
YCOR,train,ycor_train_000645,train,iid001060,ycor_train_000645.jpg,ycor_train_000645.png,images/train/ycor_train_000645.jpg,masks/train/ycor_train_000645.png,1024,544,rgb_palette,train/iid001060/rgb.jpg,train/iid001060/labels.png
YCOR,train,ycor_train_000646,train,iid001061,ycor_train_000646.jpg,ycor_train_000646.png,images/train/ycor_train_000646.jpg,masks/train/ycor_train_000646.png,1024,544,rgb_palette,train/iid001061/rgb.jpg,train/iid001061/labels.png
YCOR,train,ycor_train_000647,train,iid001062,ycor_train_000647.jpg,ycor_train_000647.png,images/train/ycor_train_000647.jpg,masks/train/ycor_train_000647.png,1024,544,rgb_palette,train/iid001062/rgb.jpg,train/iid001062/labels.png
YCOR,train,ycor_train_000648,train,iid001063,ycor_train_000648.jpg,ycor_train_000648.png,images/train/ycor_train_000648.jpg,masks/train/ycor_train_000648.png,1024,544,rgb_palette,train/iid001063/rgb.jpg,train/iid001063/labels.png
YCOR,train,ycor_train_000649,train,iid001064,ycor_train_000649.jpg,ycor_train_000649.png,images/train/ycor_train_000649.jpg,masks/train/ycor_train_000649.png,1024,544,rgb_palette,train/iid001064/rgb.jpg,train/iid001064/labels.png
YCOR,train,ycor_train_000650,train,iid001065,ycor_train_000650.jpg,ycor_train_000650.png,images/train/ycor_train_000650.jpg,masks/train/ycor_train_000650.png,1024,544,rgb_palette,train/iid001065/rgb.jpg,train/iid001065/labels.png
YCOR,train,ycor_train_000651,train,iid001066,ycor_train_000651.jpg,ycor_train_000651.png,images/train/ycor_train_000651.jpg,masks/train/ycor_train_000651.png,1024,544,rgb_palette,train/iid001066/rgb.jpg,train/iid001066/labels.png
YCOR,train,ycor_train_000652,train,iid001067,ycor_train_000652.jpg,ycor_train_000652.png,images/train/ycor_train_000652.jpg,masks/train/ycor_train_000652.png,1024,544,rgb_palette,train/iid001067/rgb.jpg,train/iid001067/labels.png
YCOR,train,ycor_train_000653,train,iid001068,ycor_train_000653.jpg,ycor_train_000653.png,images/train/ycor_train_000653.jpg,masks/train/ycor_train_000653.png,1024,544,rgb_palette,train/iid001068/rgb.jpg,train/iid001068/labels.png
YCOR,train,ycor_train_000654,train,iid001069,ycor_train_000654.jpg,ycor_train_000654.png,images/train/ycor_train_000654.jpg,masks/train/ycor_train_000654.png,1024,544,rgb_palette,train/iid001069/rgb.jpg,train/iid001069/labels.png
YCOR,train,ycor_train_000655,train,iid001070,ycor_train_000655.jpg,ycor_train_000655.png,images/train/ycor_train_000655.jpg,masks/train/ycor_train_000655.png,1024,544,rgb_palette,train/iid001070/rgb.jpg,train/iid001070/labels.png
YCOR,train,ycor_train_000656,train,iid001071,ycor_train_000656.jpg,ycor_train_000656.png,images/train/ycor_train_000656.jpg,masks/train/ycor_train_000656.png,1024,544,rgb_palette,train/iid001071/rgb.jpg,train/iid001071/labels.png
YCOR,train,ycor_train_000657,train,iid001072,ycor_train_000657.jpg,ycor_train_000657.png,images/train/ycor_train_000657.jpg,masks/train/ycor_train_000657.png,1024,544,rgb_palette,train/iid001072/rgb.jpg,train/iid001072/labels.png
YCOR,train,ycor_train_000658,train,iid001073,ycor_train_000658.jpg,ycor_train_000658.png,images/train/ycor_train_000658.jpg,masks/train/ycor_train_000658.png,1024,544,rgb_palette,train/iid001073/rgb.jpg,train/iid001073/labels.png
YCOR,train,ycor_train_000659,train,iid001074,ycor_train_000659.jpg,ycor_train_000659.png,images/train/ycor_train_000659.jpg,masks/train/ycor_train_000659.png,1024,544,rgb_palette,train/iid001074/rgb.jpg,train/iid001074/labels.png
YCOR,train,ycor_train_000660,train,iid001075,ycor_train_000660.jpg,ycor_train_000660.png,images/train/ycor_train_000660.jpg,masks/train/ycor_train_000660.png,1024,544,rgb_palette,train/iid001075/rgb.jpg,train/iid001075/labels.png
YCOR,train,ycor_train_000661,train,iid001076,ycor_train_000661.jpg,ycor_train_000661.png,images/train/ycor_train_000661.jpg,masks/train/ycor_train_000661.png,1024,544,rgb_palette,train/iid001076/rgb.jpg,train/iid001076/labels.png
YCOR,train,ycor_train_000662,train,iid001077,ycor_train_000662.jpg,ycor_train_000662.png,images/train/ycor_train_000662.jpg,masks/train/ycor_train_000662.png,1024,544,rgb_palette,train/iid001077/rgb.jpg,train/iid001077/labels.png
YCOR,train,ycor_train_000663,train,iid001078,ycor_train_000663.jpg,ycor_train_000663.png,images/train/ycor_train_000663.jpg,masks/train/ycor_train_000663.png,1024,544,rgb_palette,train/iid001078/rgb.jpg,train/iid001078/labels.png
YCOR,train,ycor_train_000664,train,iid001079,ycor_train_000664.jpg,ycor_train_000664.png,images/train/ycor_train_000664.jpg,masks/train/ycor_train_000664.png,1024,544,rgb_palette,train/iid001079/rgb.jpg,train/iid001079/labels.png
YCOR,train,ycor_train_000665,train,iid001080,ycor_train_000665.jpg,ycor_train_000665.png,images/train/ycor_train_000665.jpg,masks/train/ycor_train_000665.png,1024,544,rgb_palette,train/iid001080/rgb.jpg,train/iid001080/labels.png
YCOR,train,ycor_train_000666,train,iid001081,ycor_train_000666.jpg,ycor_train_000666.png,images/train/ycor_train_000666.jpg,masks/train/ycor_train_000666.png,1024,544,rgb_palette,train/iid001081/rgb.jpg,train/iid001081/labels.png
YCOR,train,ycor_train_000667,train,iid001082,ycor_train_000667.jpg,ycor_train_000667.png,images/train/ycor_train_000667.jpg,masks/train/ycor_train_000667.png,1024,544,rgb_palette,train/iid001082/rgb.jpg,train/iid001082/labels.png
YCOR,train,ycor_train_000668,train,iid001083,ycor_train_000668.jpg,ycor_train_000668.png,images/train/ycor_train_000668.jpg,masks/train/ycor_train_000668.png,1024,544,rgb_palette,train/iid001083/rgb.jpg,train/iid001083/labels.png
YCOR,train,ycor_train_000669,train,iid001084,ycor_train_000669.jpg,ycor_train_000669.png,images/train/ycor_train_000669.jpg,masks/train/ycor_train_000669.png,1024,544,rgb_palette,train/iid001084/rgb.jpg,train/iid001084/labels.png
YCOR,train,ycor_train_000670,train,iid001085,ycor_train_000670.jpg,ycor_train_000670.png,images/train/ycor_train_000670.jpg,masks/train/ycor_train_000670.png,1024,544,rgb_palette,train/iid001085/rgb.jpg,train/iid001085/labels.png
YCOR,train,ycor_train_000671,train,iid001086,ycor_train_000671.jpg,ycor_train_000671.png,images/train/ycor_train_000671.jpg,masks/train/ycor_train_000671.png,1024,544,rgb_palette,train/iid001086/rgb.jpg,train/iid001086/labels.png
YCOR,train,ycor_train_000672,train,iid001087,ycor_train_000672.jpg,ycor_train_000672.png,images/train/ycor_train_000672.jpg,masks/train/ycor_train_000672.png,1024,544,rgb_palette,train/iid001087/rgb.jpg,train/iid001087/labels.png
YCOR,train,ycor_train_000673,train,iid001088,ycor_train_000673.jpg,ycor_train_000673.png,images/train/ycor_train_000673.jpg,masks/train/ycor_train_000673.png,1024,544,rgb_palette,train/iid001088/rgb.jpg,train/iid001088/labels.png
YCOR,train,ycor_train_000674,train,iid001089,ycor_train_000674.jpg,ycor_train_000674.png,images/train/ycor_train_000674.jpg,masks/train/ycor_train_000674.png,1024,544,rgb_palette,train/iid001089/rgb.jpg,train/iid001089/labels.png
YCOR,train,ycor_train_000675,train,iid001090,ycor_train_000675.jpg,ycor_train_000675.png,images/train/ycor_train_000675.jpg,masks/train/ycor_train_000675.png,1024,544,rgb_palette,train/iid001090/rgb.jpg,train/iid001090/labels.png
YCOR,train,ycor_train_000676,train,iid001091,ycor_train_000676.jpg,ycor_train_000676.png,images/train/ycor_train_000676.jpg,masks/train/ycor_train_000676.png,1024,544,rgb_palette,train/iid001091/rgb.jpg,train/iid001091/labels.png
YCOR,train,ycor_train_000677,train,iid001092,ycor_train_000677.jpg,ycor_train_000677.png,images/train/ycor_train_000677.jpg,masks/train/ycor_train_000677.png,1024,544,rgb_palette,train/iid001092/rgb.jpg,train/iid001092/labels.png
YCOR,train,ycor_train_000678,train,iid001093,ycor_train_000678.jpg,ycor_train_000678.png,images/train/ycor_train_000678.jpg,masks/train/ycor_train_000678.png,1024,544,rgb_palette,train/iid001093/rgb.jpg,train/iid001093/labels.png
YCOR,train,ycor_train_000679,train,iid001094,ycor_train_000679.jpg,ycor_train_000679.png,images/train/ycor_train_000679.jpg,masks/train/ycor_train_000679.png,1024,544,rgb_palette,train/iid001094/rgb.jpg,train/iid001094/labels.png
YCOR,train,ycor_train_000680,train,iid001095,ycor_train_000680.jpg,ycor_train_000680.png,images/train/ycor_train_000680.jpg,masks/train/ycor_train_000680.png,1024,544,rgb_palette,train/iid001095/rgb.jpg,train/iid001095/labels.png
YCOR,train,ycor_train_000681,train,iid001096,ycor_train_000681.jpg,ycor_train_000681.png,images/train/ycor_train_000681.jpg,masks/train/ycor_train_000681.png,1024,544,rgb_palette,train/iid001096/rgb.jpg,train/iid001096/labels.png
YCOR,train,ycor_train_000682,train,iid001097,ycor_train_000682.jpg,ycor_train_000682.png,images/train/ycor_train_000682.jpg,masks/train/ycor_train_000682.png,1024,544,rgb_palette,train/iid001097/rgb.jpg,train/iid001097/labels.png
YCOR,train,ycor_train_000683,train,iid001098,ycor_train_000683.jpg,ycor_train_000683.png,images/train/ycor_train_000683.jpg,masks/train/ycor_train_000683.png,1024,544,rgb_palette,train/iid001098/rgb.jpg,train/iid001098/labels.png
YCOR,train,ycor_train_000684,train,iid001099,ycor_train_000684.jpg,ycor_train_000684.png,images/train/ycor_train_000684.jpg,masks/train/ycor_train_000684.png,1024,544,rgb_palette,train/iid001099/rgb.jpg,train/iid001099/labels.png
YCOR,train,ycor_train_000685,train,iid001100,ycor_train_000685.jpg,ycor_train_000685.png,images/train/ycor_train_000685.jpg,masks/train/ycor_train_000685.png,1024,544,rgb_palette,train/iid001100/rgb.jpg,train/iid001100/labels.png
YCOR,train,ycor_train_000686,train,iid001102,ycor_train_000686.jpg,ycor_train_000686.png,images/train/ycor_train_000686.jpg,masks/train/ycor_train_000686.png,1024,544,rgb_palette,train/iid001102/rgb.jpg,train/iid001102/labels.png
YCOR,train,ycor_train_000687,train,iid001103,ycor_train_000687.jpg,ycor_train_000687.png,images/train/ycor_train_000687.jpg,masks/train/ycor_train_000687.png,1024,544,rgb_palette,train/iid001103/rgb.jpg,train/iid001103/labels.png
YCOR,train,ycor_train_000688,train,iid001104,ycor_train_000688.jpg,ycor_train_000688.png,images/train/ycor_train_000688.jpg,masks/train/ycor_train_000688.png,1024,544,rgb_palette,train/iid001104/rgb.jpg,train/iid001104/labels.png
YCOR,train,ycor_train_000689,train,iid001106,ycor_train_000689.jpg,ycor_train_000689.png,images/train/ycor_train_000689.jpg,masks/train/ycor_train_000689.png,1024,544,rgb_palette,train/iid001106/rgb.jpg,train/iid001106/labels.png
YCOR,train,ycor_train_000690,train,iid001107,ycor_train_000690.jpg,ycor_train_000690.png,images/train/ycor_train_000690.jpg,masks/train/ycor_train_000690.png,1024,544,rgb_palette,train/iid001107/rgb.jpg,train/iid001107/labels.png
YCOR,train,ycor_train_000691,train,iid001108,ycor_train_000691.jpg,ycor_train_000691.png,images/train/ycor_train_000691.jpg,masks/train/ycor_train_000691.png,1024,544,rgb_palette,train/iid001108/rgb.jpg,train/iid001108/labels.png
YCOR,train,ycor_train_000692,train,iid001109,ycor_train_000692.jpg,ycor_train_000692.png,images/train/ycor_train_000692.jpg,masks/train/ycor_train_000692.png,1024,544,rgb_palette,train/iid001109/rgb.jpg,train/iid001109/labels.png
YCOR,train,ycor_train_000693,train,iid001110,ycor_train_000693.jpg,ycor_train_000693.png,images/train/ycor_train_000693.jpg,masks/train/ycor_train_000693.png,1024,544,rgb_palette,train/iid001110/rgb.jpg,train/iid001110/labels.png
YCOR,train,ycor_train_000694,train,iid001111,ycor_train_000694.jpg,ycor_train_000694.png,images/train/ycor_train_000694.jpg,masks/train/ycor_train_000694.png,1024,544,rgb_palette,train/iid001111/rgb.jpg,train/iid001111/labels.png
YCOR,train,ycor_train_000695,train,iid001112,ycor_train_000695.jpg,ycor_train_000695.png,images/train/ycor_train_000695.jpg,masks/train/ycor_train_000695.png,1024,544,rgb_palette,train/iid001112/rgb.jpg,train/iid001112/labels.png
YCOR,train,ycor_train_000696,train,iid001113,ycor_train_000696.jpg,ycor_train_000696.png,images/train/ycor_train_000696.jpg,masks/train/ycor_train_000696.png,1024,544,rgb_palette,train/iid001113/rgb.jpg,train/iid001113/labels.png
YCOR,train,ycor_train_000697,train,iid001114,ycor_train_000697.jpg,ycor_train_000697.png,images/train/ycor_train_000697.jpg,masks/train/ycor_train_000697.png,1024,544,rgb_palette,train/iid001114/rgb.jpg,train/iid001114/labels.png
YCOR,train,ycor_train_000698,train,iid001115,ycor_train_000698.jpg,ycor_train_000698.png,images/train/ycor_train_000698.jpg,masks/train/ycor_train_000698.png,1024,544,rgb_palette,train/iid001115/rgb.jpg,train/iid001115/labels.png
YCOR,train,ycor_train_000699,train,iid001116,ycor_train_000699.jpg,ycor_train_000699.png,images/train/ycor_train_000699.jpg,masks/train/ycor_train_000699.png,1024,544,rgb_palette,train/iid001116/rgb.jpg,train/iid001116/labels.png
YCOR,train,ycor_train_000700,train,iid001117,ycor_train_000700.jpg,ycor_train_000700.png,images/train/ycor_train_000700.jpg,masks/train/ycor_train_000700.png,1024,544,rgb_palette,train/iid001117/rgb.jpg,train/iid001117/labels.png
YCOR,train,ycor_train_000701,train,iid001118,ycor_train_000701.jpg,ycor_train_000701.png,images/train/ycor_train_000701.jpg,masks/train/ycor_train_000701.png,1024,544,rgb_palette,train/iid001118/rgb.jpg,train/iid001118/labels.png
YCOR,train,ycor_train_000702,train,iid001119,ycor_train_000702.jpg,ycor_train_000702.png,images/train/ycor_train_000702.jpg,masks/train/ycor_train_000702.png,1024,544,rgb_palette,train/iid001119/rgb.jpg,train/iid001119/labels.png
YCOR,train,ycor_train_000703,train,iid001120,ycor_train_000703.jpg,ycor_train_000703.png,images/train/ycor_train_000703.jpg,masks/train/ycor_train_000703.png,1024,544,rgb_palette,train/iid001120/rgb.jpg,train/iid001120/labels.png
YCOR,train,ycor_train_000704,train,iid001121,ycor_train_000704.jpg,ycor_train_000704.png,images/train/ycor_train_000704.jpg,masks/train/ycor_train_000704.png,1024,544,rgb_palette,train/iid001121/rgb.jpg,train/iid001121/labels.png
YCOR,train,ycor_train_000705,train,iid001122,ycor_train_000705.jpg,ycor_train_000705.png,images/train/ycor_train_000705.jpg,masks/train/ycor_train_000705.png,1024,544,rgb_palette,train/iid001122/rgb.jpg,train/iid001122/labels.png
YCOR,train,ycor_train_000706,train,iid001123,ycor_train_000706.jpg,ycor_train_000706.png,images/train/ycor_train_000706.jpg,masks/train/ycor_train_000706.png,1024,544,rgb_palette,train/iid001123/rgb.jpg,train/iid001123/labels.png
YCOR,train,ycor_train_000707,train,iid001124,ycor_train_000707.jpg,ycor_train_000707.png,images/train/ycor_train_000707.jpg,masks/train/ycor_train_000707.png,1024,544,rgb_palette,train/iid001124/rgb.jpg,train/iid001124/labels.png
YCOR,train,ycor_train_000708,train,iid001125,ycor_train_000708.jpg,ycor_train_000708.png,images/train/ycor_train_000708.jpg,masks/train/ycor_train_000708.png,1024,544,rgb_palette,train/iid001125/rgb.jpg,train/iid001125/labels.png
YCOR,train,ycor_train_000709,train,iid001126,ycor_train_000709.jpg,ycor_train_000709.png,images/train/ycor_train_000709.jpg,masks/train/ycor_train_000709.png,1024,544,rgb_palette,train/iid001126/rgb.jpg,train/iid001126/labels.png
YCOR,train,ycor_train_000710,train,iid001127,ycor_train_000710.jpg,ycor_train_000710.png,images/train/ycor_train_000710.jpg,masks/train/ycor_train_000710.png,1024,544,rgb_palette,train/iid001127/rgb.jpg,train/iid001127/labels.png
YCOR,train,ycor_train_000711,train,iid001128,ycor_train_000711.jpg,ycor_train_000711.png,images/train/ycor_train_000711.jpg,masks/train/ycor_train_000711.png,1024,544,rgb_palette,train/iid001128/rgb.jpg,train/iid001128/labels.png
YCOR,train,ycor_train_000712,train,iid001129,ycor_train_000712.jpg,ycor_train_000712.png,images/train/ycor_train_000712.jpg,masks/train/ycor_train_000712.png,1024,544,rgb_palette,train/iid001129/rgb.jpg,train/iid001129/labels.png
YCOR,train,ycor_train_000713,train,iid001130,ycor_train_000713.jpg,ycor_train_000713.png,images/train/ycor_train_000713.jpg,masks/train/ycor_train_000713.png,1024,544,rgb_palette,train/iid001130/rgb.jpg,train/iid001130/labels.png
YCOR,train,ycor_train_000714,train,iid001131,ycor_train_000714.jpg,ycor_train_000714.png,images/train/ycor_train_000714.jpg,masks/train/ycor_train_000714.png,1024,544,rgb_palette,train/iid001131/rgb.jpg,train/iid001131/labels.png
YCOR,train,ycor_train_000715,train,iid001132,ycor_train_000715.jpg,ycor_train_000715.png,images/train/ycor_train_000715.jpg,masks/train/ycor_train_000715.png,1024,544,rgb_palette,train/iid001132/rgb.jpg,train/iid001132/labels.png
YCOR,train,ycor_train_000716,train,iid001133,ycor_train_000716.jpg,ycor_train_000716.png,images/train/ycor_train_000716.jpg,masks/train/ycor_train_000716.png,1024,544,rgb_palette,train/iid001133/rgb.jpg,train/iid001133/labels.png
YCOR,train,ycor_train_000717,train,iid001134,ycor_train_000717.jpg,ycor_train_000717.png,images/train/ycor_train_000717.jpg,masks/train/ycor_train_000717.png,1024,544,rgb_palette,train/iid001134/rgb.jpg,train/iid001134/labels.png
YCOR,train,ycor_train_000718,train,iid001135,ycor_train_000718.jpg,ycor_train_000718.png,images/train/ycor_train_000718.jpg,masks/train/ycor_train_000718.png,1024,544,rgb_palette,train/iid001135/rgb.jpg,train/iid001135/labels.png
YCOR,train,ycor_train_000719,train,iid001136,ycor_train_000719.jpg,ycor_train_000719.png,images/train/ycor_train_000719.jpg,masks/train/ycor_train_000719.png,1024,544,rgb_palette,train/iid001136/rgb.jpg,train/iid001136/labels.png
YCOR,train,ycor_train_000720,train,iid001137,ycor_train_000720.jpg,ycor_train_000720.png,images/train/ycor_train_000720.jpg,masks/train/ycor_train_000720.png,1024,544,rgb_palette,train/iid001137/rgb.jpg,train/iid001137/labels.png
YCOR,train,ycor_train_000721,train,iid001138,ycor_train_000721.jpg,ycor_train_000721.png,images/train/ycor_train_000721.jpg,masks/train/ycor_train_000721.png,1024,544,rgb_palette,train/iid001138/rgb.jpg,train/iid001138/labels.png
YCOR,train,ycor_train_000722,train,iid001139,ycor_train_000722.jpg,ycor_train_000722.png,images/train/ycor_train_000722.jpg,masks/train/ycor_train_000722.png,1024,544,rgb_palette,train/iid001139/rgb.jpg,train/iid001139/labels.png
YCOR,train,ycor_train_000723,train,iid001140,ycor_train_000723.jpg,ycor_train_000723.png,images/train/ycor_train_000723.jpg,masks/train/ycor_train_000723.png,1024,544,rgb_palette,train/iid001140/rgb.jpg,train/iid001140/labels.png
YCOR,train,ycor_train_000724,train,iid001141,ycor_train_000724.jpg,ycor_train_000724.png,images/train/ycor_train_000724.jpg,masks/train/ycor_train_000724.png,1024,544,rgb_palette,train/iid001141/rgb.jpg,train/iid001141/labels.png
YCOR,train,ycor_train_000725,train,iid001142,ycor_train_000725.jpg,ycor_train_000725.png,images/train/ycor_train_000725.jpg,masks/train/ycor_train_000725.png,1024,544,rgb_palette,train/iid001142/rgb.jpg,train/iid001142/labels.png
YCOR,train,ycor_train_000726,train,iid001143,ycor_train_000726.jpg,ycor_train_000726.png,images/train/ycor_train_000726.jpg,masks/train/ycor_train_000726.png,1024,544,rgb_palette,train/iid001143/rgb.jpg,train/iid001143/labels.png
YCOR,train,ycor_train_000727,train,iid001144,ycor_train_000727.jpg,ycor_train_000727.png,images/train/ycor_train_000727.jpg,masks/train/ycor_train_000727.png,1024,544,rgb_palette,train/iid001144/rgb.jpg,train/iid001144/labels.png
YCOR,train,ycor_train_000728,train,iid001145,ycor_train_000728.jpg,ycor_train_000728.png,images/train/ycor_train_000728.jpg,masks/train/ycor_train_000728.png,1024,544,rgb_palette,train/iid001145/rgb.jpg,train/iid001145/labels.png
YCOR,train,ycor_train_000729,train,iid001146,ycor_train_000729.jpg,ycor_train_000729.png,images/train/ycor_train_000729.jpg,masks/train/ycor_train_000729.png,1024,544,rgb_palette,train/iid001146/rgb.jpg,train/iid001146/labels.png
YCOR,train,ycor_train_000730,train,iid001147,ycor_train_000730.jpg,ycor_train_000730.png,images/train/ycor_train_000730.jpg,masks/train/ycor_train_000730.png,1024,544,rgb_palette,train/iid001147/rgb.jpg,train/iid001147/labels.png
YCOR,train,ycor_train_000731,train,iid001148,ycor_train_000731.jpg,ycor_train_000731.png,images/train/ycor_train_000731.jpg,masks/train/ycor_train_000731.png,1024,544,rgb_palette,train/iid001148/rgb.jpg,train/iid001148/labels.png
YCOR,train,ycor_train_000732,train,iid001149,ycor_train_000732.jpg,ycor_train_000732.png,images/train/ycor_train_000732.jpg,masks/train/ycor_train_000732.png,1024,544,rgb_palette,train/iid001149/rgb.jpg,train/iid001149/labels.png
YCOR,train,ycor_train_000733,train,iid001150,ycor_train_000733.jpg,ycor_train_000733.png,images/train/ycor_train_000733.jpg,masks/train/ycor_train_000733.png,1024,544,rgb_palette,train/iid001150/rgb.jpg,train/iid001150/labels.png
YCOR,train,ycor_train_000734,train,iid001151,ycor_train_000734.jpg,ycor_train_000734.png,images/train/ycor_train_000734.jpg,masks/train/ycor_train_000734.png,1024,544,rgb_palette,train/iid001151/rgb.jpg,train/iid001151/labels.png
YCOR,train,ycor_train_000735,train,iid001152,ycor_train_000735.jpg,ycor_train_000735.png,images/train/ycor_train_000735.jpg,masks/train/ycor_train_000735.png,1024,544,rgb_palette,train/iid001152/rgb.jpg,train/iid001152/labels.png
YCOR,train,ycor_train_000736,train,iid001153,ycor_train_000736.jpg,ycor_train_000736.png,images/train/ycor_train_000736.jpg,masks/train/ycor_train_000736.png,1024,544,rgb_palette,train/iid001153/rgb.jpg,train/iid001153/labels.png
YCOR,train,ycor_train_000737,train,iid001154,ycor_train_000737.jpg,ycor_train_000737.png,images/train/ycor_train_000737.jpg,masks/train/ycor_train_000737.png,1024,544,rgb_palette,train/iid001154/rgb.jpg,train/iid001154/labels.png
YCOR,train,ycor_train_000738,train,iid001155,ycor_train_000738.jpg,ycor_train_000738.png,images/train/ycor_train_000738.jpg,masks/train/ycor_train_000738.png,1024,544,rgb_palette,train/iid001155/rgb.jpg,train/iid001155/labels.png
YCOR,train,ycor_train_000739,train,iid001156,ycor_train_000739.jpg,ycor_train_000739.png,images/train/ycor_train_000739.jpg,masks/train/ycor_train_000739.png,1024,544,rgb_palette,train/iid001156/rgb.jpg,train/iid001156/labels.png
YCOR,train,ycor_train_000740,train,iid001157,ycor_train_000740.jpg,ycor_train_000740.png,images/train/ycor_train_000740.jpg,masks/train/ycor_train_000740.png,1024,544,rgb_palette,train/iid001157/rgb.jpg,train/iid001157/labels.png
YCOR,train,ycor_train_000741,train,iid001158,ycor_train_000741.jpg,ycor_train_000741.png,images/train/ycor_train_000741.jpg,masks/train/ycor_train_000741.png,1024,544,rgb_palette,train/iid001158/rgb.jpg,train/iid001158/labels.png
YCOR,train,ycor_train_000742,train,iid001159,ycor_train_000742.jpg,ycor_train_000742.png,images/train/ycor_train_000742.jpg,masks/train/ycor_train_000742.png,1024,544,rgb_palette,train/iid001159/rgb.jpg,train/iid001159/labels.png
YCOR,train,ycor_train_000743,train,iid001160,ycor_train_000743.jpg,ycor_train_000743.png,images/train/ycor_train_000743.jpg,masks/train/ycor_train_000743.png,1024,544,rgb_palette,train/iid001160/rgb.jpg,train/iid001160/labels.png
YCOR,train,ycor_train_000744,train,iid001161,ycor_train_000744.jpg,ycor_train_000744.png,images/train/ycor_train_000744.jpg,masks/train/ycor_train_000744.png,1024,544,rgb_palette,train/iid001161/rgb.jpg,train/iid001161/labels.png
YCOR,train,ycor_train_000745,train,iid001162,ycor_train_000745.jpg,ycor_train_000745.png,images/train/ycor_train_000745.jpg,masks/train/ycor_train_000745.png,1024,544,rgb_palette,train/iid001162/rgb.jpg,train/iid001162/labels.png
YCOR,train,ycor_train_000746,train,iid001163,ycor_train_000746.jpg,ycor_train_000746.png,images/train/ycor_train_000746.jpg,masks/train/ycor_train_000746.png,1024,544,rgb_palette,train/iid001163/rgb.jpg,train/iid001163/labels.png
YCOR,train,ycor_train_000747,train,iid001164,ycor_train_000747.jpg,ycor_train_000747.png,images/train/ycor_train_000747.jpg,masks/train/ycor_train_000747.png,1024,544,rgb_palette,train/iid001164/rgb.jpg,train/iid001164/labels.png
YCOR,train,ycor_train_000748,train,iid001165,ycor_train_000748.jpg,ycor_train_000748.png,images/train/ycor_train_000748.jpg,masks/train/ycor_train_000748.png,1024,544,rgb_palette,train/iid001165/rgb.jpg,train/iid001165/labels.png
YCOR,train,ycor_train_000749,train,iid001166,ycor_train_000749.jpg,ycor_train_000749.png,images/train/ycor_train_000749.jpg,masks/train/ycor_train_000749.png,1024,544,rgb_palette,train/iid001166/rgb.jpg,train/iid001166/labels.png
YCOR,train,ycor_train_000750,train,iid001167,ycor_train_000750.jpg,ycor_train_000750.png,images/train/ycor_train_000750.jpg,masks/train/ycor_train_000750.png,1024,544,rgb_palette,train/iid001167/rgb.jpg,train/iid001167/labels.png
YCOR,train,ycor_train_000751,train,iid001168,ycor_train_000751.jpg,ycor_train_000751.png,images/train/ycor_train_000751.jpg,masks/train/ycor_train_000751.png,1024,544,rgb_palette,train/iid001168/rgb.jpg,train/iid001168/labels.png
YCOR,train,ycor_train_000752,train,iid001169,ycor_train_000752.jpg,ycor_train_000752.png,images/train/ycor_train_000752.jpg,masks/train/ycor_train_000752.png,1024,544,rgb_palette,train/iid001169/rgb.jpg,train/iid001169/labels.png
YCOR,train,ycor_train_000753,train,iid001170,ycor_train_000753.jpg,ycor_train_000753.png,images/train/ycor_train_000753.jpg,masks/train/ycor_train_000753.png,1024,544,rgb_palette,train/iid001170/rgb.jpg,train/iid001170/labels.png
YCOR,train,ycor_train_000754,train,iid001171,ycor_train_000754.jpg,ycor_train_000754.png,images/train/ycor_train_000754.jpg,masks/train/ycor_train_000754.png,1024,544,rgb_palette,train/iid001171/rgb.jpg,train/iid001171/labels.png
YCOR,train,ycor_train_000755,train,iid001172,ycor_train_000755.jpg,ycor_train_000755.png,images/train/ycor_train_000755.jpg,masks/train/ycor_train_000755.png,1024,544,rgb_palette,train/iid001172/rgb.jpg,train/iid001172/labels.png
YCOR,train,ycor_train_000756,train,iid001173,ycor_train_000756.jpg,ycor_train_000756.png,images/train/ycor_train_000756.jpg,masks/train/ycor_train_000756.png,1024,544,rgb_palette,train/iid001173/rgb.jpg,train/iid001173/labels.png
YCOR,train,ycor_train_000757,train,iid001174,ycor_train_000757.jpg,ycor_train_000757.png,images/train/ycor_train_000757.jpg,masks/train/ycor_train_000757.png,1024,544,rgb_palette,train/iid001174/rgb.jpg,train/iid001174/labels.png
YCOR,train,ycor_train_000758,train,iid001175,ycor_train_000758.jpg,ycor_train_000758.png,images/train/ycor_train_000758.jpg,masks/train/ycor_train_000758.png,1024,544,rgb_palette,train/iid001175/rgb.jpg,train/iid001175/labels.png
YCOR,train,ycor_train_000759,train,iid001176,ycor_train_000759.jpg,ycor_train_000759.png,images/train/ycor_train_000759.jpg,masks/train/ycor_train_000759.png,1024,544,rgb_palette,train/iid001176/rgb.jpg,train/iid001176/labels.png
YCOR,train,ycor_train_000760,train,iid001177,ycor_train_000760.jpg,ycor_train_000760.png,images/train/ycor_train_000760.jpg,masks/train/ycor_train_000760.png,1024,544,rgb_palette,train/iid001177/rgb.jpg,train/iid001177/labels.png
YCOR,train,ycor_train_000761,train,iid001178,ycor_train_000761.jpg,ycor_train_000761.png,images/train/ycor_train_000761.jpg,masks/train/ycor_train_000761.png,1024,544,rgb_palette,train/iid001178/rgb.jpg,train/iid001178/labels.png
YCOR,train,ycor_train_000762,train,iid001179,ycor_train_000762.jpg,ycor_train_000762.png,images/train/ycor_train_000762.jpg,masks/train/ycor_train_000762.png,1024,544,rgb_palette,train/iid001179/rgb.jpg,train/iid001179/labels.png
YCOR,train,ycor_train_000763,train,iid001180,ycor_train_000763.jpg,ycor_train_000763.png,images/train/ycor_train_000763.jpg,masks/train/ycor_train_000763.png,1024,544,rgb_palette,train/iid001180/rgb.jpg,train/iid001180/labels.png
YCOR,train,ycor_train_000764,train,iid001181,ycor_train_000764.jpg,ycor_train_000764.png,images/train/ycor_train_000764.jpg,masks/train/ycor_train_000764.png,1024,544,rgb_palette,train/iid001181/rgb.jpg,train/iid001181/labels.png
YCOR,train,ycor_train_000765,train,iid001182,ycor_train_000765.jpg,ycor_train_000765.png,images/train/ycor_train_000765.jpg,masks/train/ycor_train_000765.png,1024,544,rgb_palette,train/iid001182/rgb.jpg,train/iid001182/labels.png
YCOR,train,ycor_train_000766,train,iid001183,ycor_train_000766.jpg,ycor_train_000766.png,images/train/ycor_train_000766.jpg,masks/train/ycor_train_000766.png,1024,544,rgb_palette,train/iid001183/rgb.jpg,train/iid001183/labels.png
YCOR,train,ycor_train_000767,train,iid001184,ycor_train_000767.jpg,ycor_train_000767.png,images/train/ycor_train_000767.jpg,masks/train/ycor_train_000767.png,1024,544,rgb_palette,train/iid001184/rgb.jpg,train/iid001184/labels.png
YCOR,train,ycor_train_000768,train,iid001185,ycor_train_000768.jpg,ycor_train_000768.png,images/train/ycor_train_000768.jpg,masks/train/ycor_train_000768.png,1024,544,rgb_palette,train/iid001185/rgb.jpg,train/iid001185/labels.png
YCOR,train,ycor_train_000769,train,iid001186,ycor_train_000769.jpg,ycor_train_000769.png,images/train/ycor_train_000769.jpg,masks/train/ycor_train_000769.png,1024,544,rgb_palette,train/iid001186/rgb.jpg,train/iid001186/labels.png
YCOR,train,ycor_train_000770,train,iid001187,ycor_train_000770.jpg,ycor_train_000770.png,images/train/ycor_train_000770.jpg,masks/train/ycor_train_000770.png,1024,544,rgb_palette,train/iid001187/rgb.jpg,train/iid001187/labels.png
YCOR,train,ycor_train_000771,train,iid001188,ycor_train_000771.jpg,ycor_train_000771.png,images/train/ycor_train_000771.jpg,masks/train/ycor_train_000771.png,1024,544,rgb_palette,train/iid001188/rgb.jpg,train/iid001188/labels.png
YCOR,train,ycor_train_000772,train,iid001189,ycor_train_000772.jpg,ycor_train_000772.png,images/train/ycor_train_000772.jpg,masks/train/ycor_train_000772.png,1024,544,rgb_palette,train/iid001189/rgb.jpg,train/iid001189/labels.png
YCOR,train,ycor_train_000773,train,iid001190,ycor_train_000773.jpg,ycor_train_000773.png,images/train/ycor_train_000773.jpg,masks/train/ycor_train_000773.png,1024,544,rgb_palette,train/iid001190/rgb.jpg,train/iid001190/labels.png
YCOR,train,ycor_train_000774,train,iid001191,ycor_train_000774.jpg,ycor_train_000774.png,images/train/ycor_train_000774.jpg,masks/train/ycor_train_000774.png,1024,544,rgb_palette,train/iid001191/rgb.jpg,train/iid001191/labels.png
YCOR,train,ycor_train_000775,train,iid001192,ycor_train_000775.jpg,ycor_train_000775.png,images/train/ycor_train_000775.jpg,masks/train/ycor_train_000775.png,1024,544,rgb_palette,train/iid001192/rgb.jpg,train/iid001192/labels.png
YCOR,train,ycor_train_000776,train,iid001193,ycor_train_000776.jpg,ycor_train_000776.png,images/train/ycor_train_000776.jpg,masks/train/ycor_train_000776.png,1024,544,rgb_palette,train/iid001193/rgb.jpg,train/iid001193/labels.png
YCOR,train,ycor_train_000777,train,iid001194,ycor_train_000777.jpg,ycor_train_000777.png,images/train/ycor_train_000777.jpg,masks/train/ycor_train_000777.png,1024,544,rgb_palette,train/iid001194/rgb.jpg,train/iid001194/labels.png
YCOR,train,ycor_train_000778,train,iid001195,ycor_train_000778.jpg,ycor_train_000778.png,images/train/ycor_train_000778.jpg,masks/train/ycor_train_000778.png,1024,544,rgb_palette,train/iid001195/rgb.jpg,train/iid001195/labels.png
YCOR,train,ycor_train_000779,train,iid001196,ycor_train_000779.jpg,ycor_train_000779.png,images/train/ycor_train_000779.jpg,masks/train/ycor_train_000779.png,1024,544,rgb_palette,train/iid001196/rgb.jpg,train/iid001196/labels.png
YCOR,train,ycor_train_000780,train,iid001197,ycor_train_000780.jpg,ycor_train_000780.png,images/train/ycor_train_000780.jpg,masks/train/ycor_train_000780.png,1024,544,rgb_palette,train/iid001197/rgb.jpg,train/iid001197/labels.png
YCOR,train,ycor_train_000781,train,iid001198,ycor_train_000781.jpg,ycor_train_000781.png,images/train/ycor_train_000781.jpg,masks/train/ycor_train_000781.png,1024,544,rgb_palette,train/iid001198/rgb.jpg,train/iid001198/labels.png
YCOR,train,ycor_train_000782,train,iid001199,ycor_train_000782.jpg,ycor_train_000782.png,images/train/ycor_train_000782.jpg,masks/train/ycor_train_000782.png,1024,544,rgb_palette,train/iid001199/rgb.jpg,train/iid001199/labels.png
YCOR,train,ycor_train_000783,train,iid001200,ycor_train_000783.jpg,ycor_train_000783.png,images/train/ycor_train_000783.jpg,masks/train/ycor_train_000783.png,1024,544,rgb_palette,train/iid001200/rgb.jpg,train/iid001200/labels.png
YCOR,train,ycor_train_000784,train,iid001201,ycor_train_000784.jpg,ycor_train_000784.png,images/train/ycor_train_000784.jpg,masks/train/ycor_train_000784.png,1024,544,rgb_palette,train/iid001201/rgb.jpg,train/iid001201/labels.png
YCOR,train,ycor_train_000785,train,iid001202,ycor_train_000785.jpg,ycor_train_000785.png,images/train/ycor_train_000785.jpg,masks/train/ycor_train_000785.png,1024,544,rgb_palette,train/iid001202/rgb.jpg,train/iid001202/labels.png
YCOR,train,ycor_train_000786,train,iid001203,ycor_train_000786.jpg,ycor_train_000786.png,images/train/ycor_train_000786.jpg,masks/train/ycor_train_000786.png,1024,544,rgb_palette,train/iid001203/rgb.jpg,train/iid001203/labels.png
YCOR,train,ycor_train_000787,train,iid001204,ycor_train_000787.jpg,ycor_train_000787.png,images/train/ycor_train_000787.jpg,masks/train/ycor_train_000787.png,1024,544,rgb_palette,train/iid001204/rgb.jpg,train/iid001204/labels.png
YCOR,train,ycor_train_000788,train,iid001205,ycor_train_000788.jpg,ycor_train_000788.png,images/train/ycor_train_000788.jpg,masks/train/ycor_train_000788.png,1024,544,rgb_palette,train/iid001205/rgb.jpg,train/iid001205/labels.png
YCOR,train,ycor_train_000789,train,iid001206,ycor_train_000789.jpg,ycor_train_000789.png,images/train/ycor_train_000789.jpg,masks/train/ycor_train_000789.png,1024,544,rgb_palette,train/iid001206/rgb.jpg,train/iid001206/labels.png
YCOR,train,ycor_train_000790,train,iid001207,ycor_train_000790.jpg,ycor_train_000790.png,images/train/ycor_train_000790.jpg,masks/train/ycor_train_000790.png,1024,544,rgb_palette,train/iid001207/rgb.jpg,train/iid001207/labels.png
YCOR,train,ycor_train_000791,train,iid001208,ycor_train_000791.jpg,ycor_train_000791.png,images/train/ycor_train_000791.jpg,masks/train/ycor_train_000791.png,1024,544,rgb_palette,train/iid001208/rgb.jpg,train/iid001208/labels.png
YCOR,train,ycor_train_000792,train,iid001209,ycor_train_000792.jpg,ycor_train_000792.png,images/train/ycor_train_000792.jpg,masks/train/ycor_train_000792.png,1024,544,rgb_palette,train/iid001209/rgb.jpg,train/iid001209/labels.png
YCOR,train,ycor_train_000793,train,iid001210,ycor_train_000793.jpg,ycor_train_000793.png,images/train/ycor_train_000793.jpg,masks/train/ycor_train_000793.png,1024,544,rgb_palette,train/iid001210/rgb.jpg,train/iid001210/labels.png
YCOR,train,ycor_train_000794,train,iid001211,ycor_train_000794.jpg,ycor_train_000794.png,images/train/ycor_train_000794.jpg,masks/train/ycor_train_000794.png,1024,544,rgb_palette,train/iid001211/rgb.jpg,train/iid001211/labels.png
YCOR,train,ycor_train_000795,train,iid001212,ycor_train_000795.jpg,ycor_train_000795.png,images/train/ycor_train_000795.jpg,masks/train/ycor_train_000795.png,1024,544,rgb_palette,train/iid001212/rgb.jpg,train/iid001212/labels.png
YCOR,train,ycor_train_000796,train,iid001213,ycor_train_000796.jpg,ycor_train_000796.png,images/train/ycor_train_000796.jpg,masks/train/ycor_train_000796.png,1024,544,rgb_palette,train/iid001213/rgb.jpg,train/iid001213/labels.png
YCOR,train,ycor_train_000797,train,iid001214,ycor_train_000797.jpg,ycor_train_000797.png,images/train/ycor_train_000797.jpg,masks/train/ycor_train_000797.png,1024,544,rgb_palette,train/iid001214/rgb.jpg,train/iid001214/labels.png
YCOR,train,ycor_train_000798,train,iid001215,ycor_train_000798.jpg,ycor_train_000798.png,images/train/ycor_train_000798.jpg,masks/train/ycor_train_000798.png,1024,544,rgb_palette,train/iid001215/rgb.jpg,train/iid001215/labels.png
YCOR,train,ycor_train_000799,train,iid001216,ycor_train_000799.jpg,ycor_train_000799.png,images/train/ycor_train_000799.jpg,masks/train/ycor_train_000799.png,1024,544,rgb_palette,train/iid001216/rgb.jpg,train/iid001216/labels.png
YCOR,train,ycor_train_000800,train,iid001217,ycor_train_000800.jpg,ycor_train_000800.png,images/train/ycor_train_000800.jpg,masks/train/ycor_train_000800.png,1024,544,rgb_palette,train/iid001217/rgb.jpg,train/iid001217/labels.png
YCOR,train,ycor_train_000801,train,iid001218,ycor_train_000801.jpg,ycor_train_000801.png,images/train/ycor_train_000801.jpg,masks/train/ycor_train_000801.png,1024,544,rgb_palette,train/iid001218/rgb.jpg,train/iid001218/labels.png
YCOR,train,ycor_train_000802,train,iid001219,ycor_train_000802.jpg,ycor_train_000802.png,images/train/ycor_train_000802.jpg,masks/train/ycor_train_000802.png,1024,544,rgb_palette,train/iid001219/rgb.jpg,train/iid001219/labels.png
YCOR,train,ycor_train_000803,train,iid001220,ycor_train_000803.jpg,ycor_train_000803.png,images/train/ycor_train_000803.jpg,masks/train/ycor_train_000803.png,1024,544,rgb_palette,train/iid001220/rgb.jpg,train/iid001220/labels.png
YCOR,train,ycor_train_000804,train,iid001221,ycor_train_000804.jpg,ycor_train_000804.png,images/train/ycor_train_000804.jpg,masks/train/ycor_train_000804.png,1024,544,rgb_palette,train/iid001221/rgb.jpg,train/iid001221/labels.png
YCOR,train,ycor_train_000805,train,iid001222,ycor_train_000805.jpg,ycor_train_000805.png,images/train/ycor_train_000805.jpg,masks/train/ycor_train_000805.png,1024,544,rgb_palette,train/iid001222/rgb.jpg,train/iid001222/labels.png
YCOR,train,ycor_train_000806,train,iid001223,ycor_train_000806.jpg,ycor_train_000806.png,images/train/ycor_train_000806.jpg,masks/train/ycor_train_000806.png,1024,544,rgb_palette,train/iid001223/rgb.jpg,train/iid001223/labels.png
YCOR,train,ycor_train_000807,train,iid001224,ycor_train_000807.jpg,ycor_train_000807.png,images/train/ycor_train_000807.jpg,masks/train/ycor_train_000807.png,1024,544,rgb_palette,train/iid001224/rgb.jpg,train/iid001224/labels.png
YCOR,train,ycor_train_000808,train,iid001225,ycor_train_000808.jpg,ycor_train_000808.png,images/train/ycor_train_000808.jpg,masks/train/ycor_train_000808.png,1024,544,rgb_palette,train/iid001225/rgb.jpg,train/iid001225/labels.png
YCOR,train,ycor_train_000809,train,iid001226,ycor_train_000809.jpg,ycor_train_000809.png,images/train/ycor_train_000809.jpg,masks/train/ycor_train_000809.png,1024,544,rgb_palette,train/iid001226/rgb.jpg,train/iid001226/labels.png
YCOR,train,ycor_train_000810,train,iid001227,ycor_train_000810.jpg,ycor_train_000810.png,images/train/ycor_train_000810.jpg,masks/train/ycor_train_000810.png,1024,544,rgb_palette,train/iid001227/rgb.jpg,train/iid001227/labels.png
YCOR,train,ycor_train_000811,train,iid001228,ycor_train_000811.jpg,ycor_train_000811.png,images/train/ycor_train_000811.jpg,masks/train/ycor_train_000811.png,1024,544,rgb_palette,train/iid001228/rgb.jpg,train/iid001228/labels.png
YCOR,train,ycor_train_000812,train,iid001229,ycor_train_000812.jpg,ycor_train_000812.png,images/train/ycor_train_000812.jpg,masks/train/ycor_train_000812.png,1024,544,rgb_palette,train/iid001229/rgb.jpg,train/iid001229/labels.png
YCOR,train,ycor_train_000813,train,iid001230,ycor_train_000813.jpg,ycor_train_000813.png,images/train/ycor_train_000813.jpg,masks/train/ycor_train_000813.png,1024,544,rgb_palette,train/iid001230/rgb.jpg,train/iid001230/labels.png
YCOR,train,ycor_train_000814,train,iid001231,ycor_train_000814.jpg,ycor_train_000814.png,images/train/ycor_train_000814.jpg,masks/train/ycor_train_000814.png,1024,544,rgb_palette,train/iid001231/rgb.jpg,train/iid001231/labels.png
YCOR,train,ycor_train_000815,train,iid001232,ycor_train_000815.jpg,ycor_train_000815.png,images/train/ycor_train_000815.jpg,masks/train/ycor_train_000815.png,1024,544,rgb_palette,train/iid001232/rgb.jpg,train/iid001232/labels.png
YCOR,train,ycor_train_000816,train,iid001233,ycor_train_000816.jpg,ycor_train_000816.png,images/train/ycor_train_000816.jpg,masks/train/ycor_train_000816.png,1024,544,rgb_palette,train/iid001233/rgb.jpg,train/iid001233/labels.png
YCOR,train,ycor_train_000817,train,iid001234,ycor_train_000817.jpg,ycor_train_000817.png,images/train/ycor_train_000817.jpg,masks/train/ycor_train_000817.png,1024,544,rgb_palette,train/iid001234/rgb.jpg,train/iid001234/labels.png
YCOR,train,ycor_train_000818,train,iid001235,ycor_train_000818.jpg,ycor_train_000818.png,images/train/ycor_train_000818.jpg,masks/train/ycor_train_000818.png,1024,544,rgb_palette,train/iid001235/rgb.jpg,train/iid001235/labels.png
YCOR,train,ycor_train_000819,train,iid001236,ycor_train_000819.jpg,ycor_train_000819.png,images/train/ycor_train_000819.jpg,masks/train/ycor_train_000819.png,1024,544,rgb_palette,train/iid001236/rgb.jpg,train/iid001236/labels.png
YCOR,train,ycor_train_000820,train,iid001237,ycor_train_000820.jpg,ycor_train_000820.png,images/train/ycor_train_000820.jpg,masks/train/ycor_train_000820.png,1024,544,rgb_palette,train/iid001237/rgb.jpg,train/iid001237/labels.png
YCOR,train,ycor_train_000821,train,iid001238,ycor_train_000821.jpg,ycor_train_000821.png,images/train/ycor_train_000821.jpg,masks/train/ycor_train_000821.png,1024,544,rgb_palette,train/iid001238/rgb.jpg,train/iid001238/labels.png
YCOR,train,ycor_train_000822,train,iid001239,ycor_train_000822.jpg,ycor_train_000822.png,images/train/ycor_train_000822.jpg,masks/train/ycor_train_000822.png,1024,544,rgb_palette,train/iid001239/rgb.jpg,train/iid001239/labels.png
YCOR,train,ycor_train_000823,train,iid001240,ycor_train_000823.jpg,ycor_train_000823.png,images/train/ycor_train_000823.jpg,masks/train/ycor_train_000823.png,1024,544,rgb_palette,train/iid001240/rgb.jpg,train/iid001240/labels.png
YCOR,train,ycor_train_000824,train,iid001241,ycor_train_000824.jpg,ycor_train_000824.png,images/train/ycor_train_000824.jpg,masks/train/ycor_train_000824.png,1024,544,rgb_palette,train/iid001241/rgb.jpg,train/iid001241/labels.png
YCOR,train,ycor_train_000825,train,iid001242,ycor_train_000825.jpg,ycor_train_000825.png,images/train/ycor_train_000825.jpg,masks/train/ycor_train_000825.png,1024,544,rgb_palette,train/iid001242/rgb.jpg,train/iid001242/labels.png
YCOR,train,ycor_train_000826,train,iid001243,ycor_train_000826.jpg,ycor_train_000826.png,images/train/ycor_train_000826.jpg,masks/train/ycor_train_000826.png,1024,544,rgb_palette,train/iid001243/rgb.jpg,train/iid001243/labels.png
YCOR,train,ycor_train_000827,train,iid001244,ycor_train_000827.jpg,ycor_train_000827.png,images/train/ycor_train_000827.jpg,masks/train/ycor_train_000827.png,1024,544,rgb_palette,train/iid001244/rgb.jpg,train/iid001244/labels.png
YCOR,train,ycor_train_000828,train,iid001245,ycor_train_000828.jpg,ycor_train_000828.png,images/train/ycor_train_000828.jpg,masks/train/ycor_train_000828.png,1024,544,rgb_palette,train/iid001245/rgb.jpg,train/iid001245/labels.png
YCOR,train,ycor_train_000829,train,iid001246,ycor_train_000829.jpg,ycor_train_000829.png,images/train/ycor_train_000829.jpg,masks/train/ycor_train_000829.png,1024,544,rgb_palette,train/iid001246/rgb.jpg,train/iid001246/labels.png
YCOR,train,ycor_train_000830,train,iid001247,ycor_train_000830.jpg,ycor_train_000830.png,images/train/ycor_train_000830.jpg,masks/train/ycor_train_000830.png,1024,544,rgb_palette,train/iid001247/rgb.jpg,train/iid001247/labels.png
YCOR,train,ycor_train_000831,train,iid001248,ycor_train_000831.jpg,ycor_train_000831.png,images/train/ycor_train_000831.jpg,masks/train/ycor_train_000831.png,1024,544,rgb_palette,train/iid001248/rgb.jpg,train/iid001248/labels.png
YCOR,train,ycor_train_000832,train,iid001249,ycor_train_000832.jpg,ycor_train_000832.png,images/train/ycor_train_000832.jpg,masks/train/ycor_train_000832.png,1024,544,rgb_palette,train/iid001249/rgb.jpg,train/iid001249/labels.png
YCOR,train,ycor_train_000833,train,iid001250,ycor_train_000833.jpg,ycor_train_000833.png,images/train/ycor_train_000833.jpg,masks/train/ycor_train_000833.png,1024,544,rgb_palette,train/iid001250/rgb.jpg,train/iid001250/labels.png
YCOR,train,ycor_train_000834,train,iid001251,ycor_train_000834.jpg,ycor_train_000834.png,images/train/ycor_train_000834.jpg,masks/train/ycor_train_000834.png,1024,544,rgb_palette,train/iid001251/rgb.jpg,train/iid001251/labels.png
YCOR,train,ycor_train_000835,train,iid001252,ycor_train_000835.jpg,ycor_train_000835.png,images/train/ycor_train_000835.jpg,masks/train/ycor_train_000835.png,1024,544,rgb_palette,train/iid001252/rgb.jpg,train/iid001252/labels.png
YCOR,train,ycor_train_000836,train,iid001253,ycor_train_000836.jpg,ycor_train_000836.png,images/train/ycor_train_000836.jpg,masks/train/ycor_train_000836.png,1024,544,rgb_palette,train/iid001253/rgb.jpg,train/iid001253/labels.png
YCOR,train,ycor_train_000837,train,iid001254,ycor_train_000837.jpg,ycor_train_000837.png,images/train/ycor_train_000837.jpg,masks/train/ycor_train_000837.png,1024,544,rgb_palette,train/iid001254/rgb.jpg,train/iid001254/labels.png
YCOR,train,ycor_train_000838,train,iid001255,ycor_train_000838.jpg,ycor_train_000838.png,images/train/ycor_train_000838.jpg,masks/train/ycor_train_000838.png,1024,544,rgb_palette,train/iid001255/rgb.jpg,train/iid001255/labels.png
YCOR,train,ycor_train_000839,train,iid001256,ycor_train_000839.jpg,ycor_train_000839.png,images/train/ycor_train_000839.jpg,masks/train/ycor_train_000839.png,1024,544,rgb_palette,train/iid001256/rgb.jpg,train/iid001256/labels.png
YCOR,train,ycor_train_000840,train,iid001257,ycor_train_000840.jpg,ycor_train_000840.png,images/train/ycor_train_000840.jpg,masks/train/ycor_train_000840.png,1024,544,rgb_palette,train/iid001257/rgb.jpg,train/iid001257/labels.png
YCOR,train,ycor_train_000841,train,iid001258,ycor_train_000841.jpg,ycor_train_000841.png,images/train/ycor_train_000841.jpg,masks/train/ycor_train_000841.png,1024,544,rgb_palette,train/iid001258/rgb.jpg,train/iid001258/labels.png
YCOR,train,ycor_train_000842,train,iid001259,ycor_train_000842.jpg,ycor_train_000842.png,images/train/ycor_train_000842.jpg,masks/train/ycor_train_000842.png,1024,544,rgb_palette,train/iid001259/rgb.jpg,train/iid001259/labels.png
YCOR,train,ycor_train_000843,train,iid001260,ycor_train_000843.jpg,ycor_train_000843.png,images/train/ycor_train_000843.jpg,masks/train/ycor_train_000843.png,1024,544,rgb_palette,train/iid001260/rgb.jpg,train/iid001260/labels.png
YCOR,train,ycor_train_000844,train,iid001261,ycor_train_000844.jpg,ycor_train_000844.png,images/train/ycor_train_000844.jpg,masks/train/ycor_train_000844.png,1024,544,rgb_palette,train/iid001261/rgb.jpg,train/iid001261/labels.png
YCOR,train,ycor_train_000845,train,iid001262,ycor_train_000845.jpg,ycor_train_000845.png,images/train/ycor_train_000845.jpg,masks/train/ycor_train_000845.png,1024,544,rgb_palette,train/iid001262/rgb.jpg,train/iid001262/labels.png
YCOR,train,ycor_train_000846,train,iid001263,ycor_train_000846.jpg,ycor_train_000846.png,images/train/ycor_train_000846.jpg,masks/train/ycor_train_000846.png,1024,544,rgb_palette,train/iid001263/rgb.jpg,train/iid001263/labels.png
YCOR,train,ycor_train_000847,train,iid001264,ycor_train_000847.jpg,ycor_train_000847.png,images/train/ycor_train_000847.jpg,masks/train/ycor_train_000847.png,1024,544,rgb_palette,train/iid001264/rgb.jpg,train/iid001264/labels.png
YCOR,train,ycor_train_000848,train,iid001265,ycor_train_000848.jpg,ycor_train_000848.png,images/train/ycor_train_000848.jpg,masks/train/ycor_train_000848.png,1024,544,rgb_palette,train/iid001265/rgb.jpg,train/iid001265/labels.png
YCOR,train,ycor_train_000849,train,iid001266,ycor_train_000849.jpg,ycor_train_000849.png,images/train/ycor_train_000849.jpg,masks/train/ycor_train_000849.png,1024,544,rgb_palette,train/iid001266/rgb.jpg,train/iid001266/labels.png
YCOR,train,ycor_train_000850,train,iid001267,ycor_train_000850.jpg,ycor_train_000850.png,images/train/ycor_train_000850.jpg,masks/train/ycor_train_000850.png,1024,544,rgb_palette,train/iid001267/rgb.jpg,train/iid001267/labels.png
YCOR,train,ycor_train_000851,train,iid001268,ycor_train_000851.jpg,ycor_train_000851.png,images/train/ycor_train_000851.jpg,masks/train/ycor_train_000851.png,1024,544,rgb_palette,train/iid001268/rgb.jpg,train/iid001268/labels.png
YCOR,train,ycor_train_000852,train,iid001269,ycor_train_000852.jpg,ycor_train_000852.png,images/train/ycor_train_000852.jpg,masks/train/ycor_train_000852.png,1024,544,rgb_palette,train/iid001269/rgb.jpg,train/iid001269/labels.png
YCOR,train,ycor_train_000853,train,iid001270,ycor_train_000853.jpg,ycor_train_000853.png,images/train/ycor_train_000853.jpg,masks/train/ycor_train_000853.png,1024,544,rgb_palette,train/iid001270/rgb.jpg,train/iid001270/labels.png
YCOR,train,ycor_train_000854,train,iid001271,ycor_train_000854.jpg,ycor_train_000854.png,images/train/ycor_train_000854.jpg,masks/train/ycor_train_000854.png,1024,544,rgb_palette,train/iid001271/rgb.jpg,train/iid001271/labels.png
YCOR,train,ycor_train_000855,train,iid001272,ycor_train_000855.jpg,ycor_train_000855.png,images/train/ycor_train_000855.jpg,masks/train/ycor_train_000855.png,1024,544,rgb_palette,train/iid001272/rgb.jpg,train/iid001272/labels.png
YCOR,train,ycor_train_000856,train,iid001273,ycor_train_000856.jpg,ycor_train_000856.png,images/train/ycor_train_000856.jpg,masks/train/ycor_train_000856.png,1024,544,rgb_palette,train/iid001273/rgb.jpg,train/iid001273/labels.png
YCOR,train,ycor_train_000857,train,iid001274,ycor_train_000857.jpg,ycor_train_000857.png,images/train/ycor_train_000857.jpg,masks/train/ycor_train_000857.png,1024,544,rgb_palette,train/iid001274/rgb.jpg,train/iid001274/labels.png
YCOR,train,ycor_train_000858,train,iid001275,ycor_train_000858.jpg,ycor_train_000858.png,images/train/ycor_train_000858.jpg,masks/train/ycor_train_000858.png,1024,544,rgb_palette,train/iid001275/rgb.jpg,train/iid001275/labels.png
YCOR,train,ycor_train_000859,train,iid001276,ycor_train_000859.jpg,ycor_train_000859.png,images/train/ycor_train_000859.jpg,masks/train/ycor_train_000859.png,1024,544,rgb_palette,train/iid001276/rgb.jpg,train/iid001276/labels.png
YCOR,train,ycor_train_000860,train,iid001277,ycor_train_000860.jpg,ycor_train_000860.png,images/train/ycor_train_000860.jpg,masks/train/ycor_train_000860.png,1024,544,rgb_palette,train/iid001277/rgb.jpg,train/iid001277/labels.png
YCOR,train,ycor_train_000861,train,iid001278,ycor_train_000861.jpg,ycor_train_000861.png,images/train/ycor_train_000861.jpg,masks/train/ycor_train_000861.png,1024,544,rgb_palette,train/iid001278/rgb.jpg,train/iid001278/labels.png
YCOR,train,ycor_train_000862,train,iid001279,ycor_train_000862.jpg,ycor_train_000862.png,images/train/ycor_train_000862.jpg,masks/train/ycor_train_000862.png,1024,544,rgb_palette,train/iid001279/rgb.jpg,train/iid001279/labels.png
YCOR,train,ycor_train_000863,train,iid001280,ycor_train_000863.jpg,ycor_train_000863.png,images/train/ycor_train_000863.jpg,masks/train/ycor_train_000863.png,1024,544,rgb_palette,train/iid001280/rgb.jpg,train/iid001280/labels.png
YCOR,train,ycor_train_000864,train,iid001281,ycor_train_000864.jpg,ycor_train_000864.png,images/train/ycor_train_000864.jpg,masks/train/ycor_train_000864.png,1024,544,rgb_palette,train/iid001281/rgb.jpg,train/iid001281/labels.png
YCOR,train,ycor_train_000865,train,iid001282,ycor_train_000865.jpg,ycor_train_000865.png,images/train/ycor_train_000865.jpg,masks/train/ycor_train_000865.png,1024,544,rgb_palette,train/iid001282/rgb.jpg,train/iid001282/labels.png
YCOR,train,ycor_train_000866,train,iid001283,ycor_train_000866.jpg,ycor_train_000866.png,images/train/ycor_train_000866.jpg,masks/train/ycor_train_000866.png,1024,544,rgb_palette,train/iid001283/rgb.jpg,train/iid001283/labels.png
YCOR,train,ycor_train_000867,train,iid001284,ycor_train_000867.jpg,ycor_train_000867.png,images/train/ycor_train_000867.jpg,masks/train/ycor_train_000867.png,1024,544,rgb_palette,train/iid001284/rgb.jpg,train/iid001284/labels.png
YCOR,train,ycor_train_000868,train,iid001285,ycor_train_000868.jpg,ycor_train_000868.png,images/train/ycor_train_000868.jpg,masks/train/ycor_train_000868.png,1024,544,rgb_palette,train/iid001285/rgb.jpg,train/iid001285/labels.png
YCOR,train,ycor_train_000869,train,iid001286,ycor_train_000869.jpg,ycor_train_000869.png,images/train/ycor_train_000869.jpg,masks/train/ycor_train_000869.png,1024,544,rgb_palette,train/iid001286/rgb.jpg,train/iid001286/labels.png
YCOR,train,ycor_train_000870,train,iid001287,ycor_train_000870.jpg,ycor_train_000870.png,images/train/ycor_train_000870.jpg,masks/train/ycor_train_000870.png,1024,544,rgb_palette,train/iid001287/rgb.jpg,train/iid001287/labels.png
YCOR,train,ycor_train_000871,train,iid001288,ycor_train_000871.jpg,ycor_train_000871.png,images/train/ycor_train_000871.jpg,masks/train/ycor_train_000871.png,1024,544,rgb_palette,train/iid001288/rgb.jpg,train/iid001288/labels.png
YCOR,train,ycor_train_000872,train,iid001289,ycor_train_000872.jpg,ycor_train_000872.png,images/train/ycor_train_000872.jpg,masks/train/ycor_train_000872.png,1024,544,rgb_palette,train/iid001289/rgb.jpg,train/iid001289/labels.png
YCOR,train,ycor_train_000873,train,iid001290,ycor_train_000873.jpg,ycor_train_000873.png,images/train/ycor_train_000873.jpg,masks/train/ycor_train_000873.png,1024,544,rgb_palette,train/iid001290/rgb.jpg,train/iid001290/labels.png
YCOR,train,ycor_train_000874,train,iid001291,ycor_train_000874.jpg,ycor_train_000874.png,images/train/ycor_train_000874.jpg,masks/train/ycor_train_000874.png,1024,544,rgb_palette,train/iid001291/rgb.jpg,train/iid001291/labels.png
YCOR,train,ycor_train_000875,train,iid001292,ycor_train_000875.jpg,ycor_train_000875.png,images/train/ycor_train_000875.jpg,masks/train/ycor_train_000875.png,1024,544,rgb_palette,train/iid001292/rgb.jpg,train/iid001292/labels.png
YCOR,train,ycor_train_000876,train,iid001293,ycor_train_000876.jpg,ycor_train_000876.png,images/train/ycor_train_000876.jpg,masks/train/ycor_train_000876.png,1024,544,rgb_palette,train/iid001293/rgb.jpg,train/iid001293/labels.png
YCOR,train,ycor_train_000877,train,iid001294,ycor_train_000877.jpg,ycor_train_000877.png,images/train/ycor_train_000877.jpg,masks/train/ycor_train_000877.png,1024,544,rgb_palette,train/iid001294/rgb.jpg,train/iid001294/labels.png
YCOR,train,ycor_train_000878,train,iid001295,ycor_train_000878.jpg,ycor_train_000878.png,images/train/ycor_train_000878.jpg,masks/train/ycor_train_000878.png,1024,544,rgb_palette,train/iid001295/rgb.jpg,train/iid001295/labels.png
YCOR,train,ycor_train_000879,train,iid001296,ycor_train_000879.jpg,ycor_train_000879.png,images/train/ycor_train_000879.jpg,masks/train/ycor_train_000879.png,1024,544,rgb_palette,train/iid001296/rgb.jpg,train/iid001296/labels.png
YCOR,train,ycor_train_000880,train,iid001297,ycor_train_000880.jpg,ycor_train_000880.png,images/train/ycor_train_000880.jpg,masks/train/ycor_train_000880.png,1024,544,rgb_palette,train/iid001297/rgb.jpg,train/iid001297/labels.png
YCOR,train,ycor_train_000881,train,iid001298,ycor_train_000881.jpg,ycor_train_000881.png,images/train/ycor_train_000881.jpg,masks/train/ycor_train_000881.png,1024,544,rgb_palette,train/iid001298/rgb.jpg,train/iid001298/labels.png
YCOR,train,ycor_train_000882,train,iid001299,ycor_train_000882.jpg,ycor_train_000882.png,images/train/ycor_train_000882.jpg,masks/train/ycor_train_000882.png,1024,544,rgb_palette,train/iid001299/rgb.jpg,train/iid001299/labels.png
YCOR,train,ycor_train_000883,train,iid001300,ycor_train_000883.jpg,ycor_train_000883.png,images/train/ycor_train_000883.jpg,masks/train/ycor_train_000883.png,1024,544,rgb_palette,train/iid001300/rgb.jpg,train/iid001300/labels.png
YCOR,train,ycor_train_000884,train,iid001301,ycor_train_000884.jpg,ycor_train_000884.png,images/train/ycor_train_000884.jpg,masks/train/ycor_train_000884.png,1024,544,rgb_palette,train/iid001301/rgb.jpg,train/iid001301/labels.png
YCOR,train,ycor_train_000885,train,iid001302,ycor_train_000885.jpg,ycor_train_000885.png,images/train/ycor_train_000885.jpg,masks/train/ycor_train_000885.png,1024,544,rgb_palette,train/iid001302/rgb.jpg,train/iid001302/labels.png
YCOR,train,ycor_train_000886,train,iid001303,ycor_train_000886.jpg,ycor_train_000886.png,images/train/ycor_train_000886.jpg,masks/train/ycor_train_000886.png,1024,544,rgb_palette,train/iid001303/rgb.jpg,train/iid001303/labels.png
YCOR,train,ycor_train_000887,train,iid001304,ycor_train_000887.jpg,ycor_train_000887.png,images/train/ycor_train_000887.jpg,masks/train/ycor_train_000887.png,1024,544,rgb_palette,train/iid001304/rgb.jpg,train/iid001304/labels.png
YCOR,train,ycor_train_000888,train,iid001305,ycor_train_000888.jpg,ycor_train_000888.png,images/train/ycor_train_000888.jpg,masks/train/ycor_train_000888.png,1024,544,rgb_palette,train/iid001305/rgb.jpg,train/iid001305/labels.png
YCOR,train,ycor_train_000889,train,iid001306,ycor_train_000889.jpg,ycor_train_000889.png,images/train/ycor_train_000889.jpg,masks/train/ycor_train_000889.png,1024,544,rgb_palette,train/iid001306/rgb.jpg,train/iid001306/labels.png
YCOR,train,ycor_train_000890,train,iid001307,ycor_train_000890.jpg,ycor_train_000890.png,images/train/ycor_train_000890.jpg,masks/train/ycor_train_000890.png,1024,544,rgb_palette,train/iid001307/rgb.jpg,train/iid001307/labels.png
YCOR,train,ycor_train_000891,train,iid001308,ycor_train_000891.jpg,ycor_train_000891.png,images/train/ycor_train_000891.jpg,masks/train/ycor_train_000891.png,1024,544,rgb_palette,train/iid001308/rgb.jpg,train/iid001308/labels.png
YCOR,train,ycor_train_000892,train,iid001309,ycor_train_000892.jpg,ycor_train_000892.png,images/train/ycor_train_000892.jpg,masks/train/ycor_train_000892.png,1024,544,rgb_palette,train/iid001309/rgb.jpg,train/iid001309/labels.png
YCOR,train,ycor_train_000893,train,iid001310,ycor_train_000893.jpg,ycor_train_000893.png,images/train/ycor_train_000893.jpg,masks/train/ycor_train_000893.png,1024,544,rgb_palette,train/iid001310/rgb.jpg,train/iid001310/labels.png
YCOR,train,ycor_train_000894,train,iid001311,ycor_train_000894.jpg,ycor_train_000894.png,images/train/ycor_train_000894.jpg,masks/train/ycor_train_000894.png,1024,544,rgb_palette,train/iid001311/rgb.jpg,train/iid001311/labels.png
YCOR,train,ycor_train_000895,train,iid001312,ycor_train_000895.jpg,ycor_train_000895.png,images/train/ycor_train_000895.jpg,masks/train/ycor_train_000895.png,1024,544,rgb_palette,train/iid001312/rgb.jpg,train/iid001312/labels.png
YCOR,train,ycor_train_000896,train,iid001313,ycor_train_000896.jpg,ycor_train_000896.png,images/train/ycor_train_000896.jpg,masks/train/ycor_train_000896.png,1024,544,rgb_palette,train/iid001313/rgb.jpg,train/iid001313/labels.png
YCOR,train,ycor_train_000897,train,iid001314,ycor_train_000897.jpg,ycor_train_000897.png,images/train/ycor_train_000897.jpg,masks/train/ycor_train_000897.png,1024,544,rgb_palette,train/iid001314/rgb.jpg,train/iid001314/labels.png
YCOR,train,ycor_train_000898,train,iid001315,ycor_train_000898.jpg,ycor_train_000898.png,images/train/ycor_train_000898.jpg,masks/train/ycor_train_000898.png,1024,544,rgb_palette,train/iid001315/rgb.jpg,train/iid001315/labels.png
YCOR,train,ycor_train_000899,train,iid001316,ycor_train_000899.jpg,ycor_train_000899.png,images/train/ycor_train_000899.jpg,masks/train/ycor_train_000899.png,1024,544,rgb_palette,train/iid001316/rgb.jpg,train/iid001316/labels.png
YCOR,train,ycor_train_000900,train,iid001317,ycor_train_000900.jpg,ycor_train_000900.png,images/train/ycor_train_000900.jpg,masks/train/ycor_train_000900.png,1024,544,rgb_palette,train/iid001317/rgb.jpg,train/iid001317/labels.png
YCOR,train,ycor_train_000901,train,iid001318,ycor_train_000901.jpg,ycor_train_000901.png,images/train/ycor_train_000901.jpg,masks/train/ycor_train_000901.png,1024,544,rgb_palette,train/iid001318/rgb.jpg,train/iid001318/labels.png
YCOR,train,ycor_train_000902,train,iid001319,ycor_train_000902.jpg,ycor_train_000902.png,images/train/ycor_train_000902.jpg,masks/train/ycor_train_000902.png,1024,544,rgb_palette,train/iid001319/rgb.jpg,train/iid001319/labels.png
YCOR,train,ycor_train_000903,train,iid001320,ycor_train_000903.jpg,ycor_train_000903.png,images/train/ycor_train_000903.jpg,masks/train/ycor_train_000903.png,1024,544,rgb_palette,train/iid001320/rgb.jpg,train/iid001320/labels.png
YCOR,train,ycor_train_000904,train,iid001321,ycor_train_000904.jpg,ycor_train_000904.png,images/train/ycor_train_000904.jpg,masks/train/ycor_train_000904.png,1024,544,rgb_palette,train/iid001321/rgb.jpg,train/iid001321/labels.png
YCOR,train,ycor_train_000905,train,iid001322,ycor_train_000905.jpg,ycor_train_000905.png,images/train/ycor_train_000905.jpg,masks/train/ycor_train_000905.png,1024,544,rgb_palette,train/iid001322/rgb.jpg,train/iid001322/labels.png
YCOR,train,ycor_train_000906,train,iid001323,ycor_train_000906.jpg,ycor_train_000906.png,images/train/ycor_train_000906.jpg,masks/train/ycor_train_000906.png,1024,544,rgb_palette,train/iid001323/rgb.jpg,train/iid001323/labels.png
YCOR,train,ycor_train_000907,train,iid001324,ycor_train_000907.jpg,ycor_train_000907.png,images/train/ycor_train_000907.jpg,masks/train/ycor_train_000907.png,1024,544,rgb_palette,train/iid001324/rgb.jpg,train/iid001324/labels.png
YCOR,train,ycor_train_000908,train,iid001325,ycor_train_000908.jpg,ycor_train_000908.png,images/train/ycor_train_000908.jpg,masks/train/ycor_train_000908.png,1024,544,rgb_palette,train/iid001325/rgb.jpg,train/iid001325/labels.png
YCOR,train,ycor_train_000909,train,iid001326,ycor_train_000909.jpg,ycor_train_000909.png,images/train/ycor_train_000909.jpg,masks/train/ycor_train_000909.png,1024,544,rgb_palette,train/iid001326/rgb.jpg,train/iid001326/labels.png
YCOR,train,ycor_train_000910,train,iid001327,ycor_train_000910.jpg,ycor_train_000910.png,images/train/ycor_train_000910.jpg,masks/train/ycor_train_000910.png,1024,544,rgb_palette,train/iid001327/rgb.jpg,train/iid001327/labels.png
YCOR,train,ycor_train_000911,train,iid001328,ycor_train_000911.jpg,ycor_train_000911.png,images/train/ycor_train_000911.jpg,masks/train/ycor_train_000911.png,1024,544,rgb_palette,train/iid001328/rgb.jpg,train/iid001328/labels.png
YCOR,train,ycor_train_000912,train,iid001329,ycor_train_000912.jpg,ycor_train_000912.png,images/train/ycor_train_000912.jpg,masks/train/ycor_train_000912.png,1024,544,rgb_palette,train/iid001329/rgb.jpg,train/iid001329/labels.png
YCOR,train,ycor_train_000913,train,iid001330,ycor_train_000913.jpg,ycor_train_000913.png,images/train/ycor_train_000913.jpg,masks/train/ycor_train_000913.png,1024,544,rgb_palette,train/iid001330/rgb.jpg,train/iid001330/labels.png
YCOR,train,ycor_train_000914,train,iid001331,ycor_train_000914.jpg,ycor_train_000914.png,images/train/ycor_train_000914.jpg,masks/train/ycor_train_000914.png,1024,544,rgb_palette,train/iid001331/rgb.jpg,train/iid001331/labels.png
YCOR,train,ycor_train_000915,train,iid001332,ycor_train_000915.jpg,ycor_train_000915.png,images/train/ycor_train_000915.jpg,masks/train/ycor_train_000915.png,1024,544,rgb_palette,train/iid001332/rgb.jpg,train/iid001332/labels.png
YCOR,train,ycor_train_000916,train,iid001333,ycor_train_000916.jpg,ycor_train_000916.png,images/train/ycor_train_000916.jpg,masks/train/ycor_train_000916.png,1024,544,rgb_palette,train/iid001333/rgb.jpg,train/iid001333/labels.png
YCOR,train,ycor_train_000917,train,iid001334,ycor_train_000917.jpg,ycor_train_000917.png,images/train/ycor_train_000917.jpg,masks/train/ycor_train_000917.png,1024,544,rgb_palette,train/iid001334/rgb.jpg,train/iid001334/labels.png
YCOR,train,ycor_train_000918,train,iid001335,ycor_train_000918.jpg,ycor_train_000918.png,images/train/ycor_train_000918.jpg,masks/train/ycor_train_000918.png,1024,544,rgb_palette,train/iid001335/rgb.jpg,train/iid001335/labels.png
YCOR,train,ycor_train_000919,train,iid001336,ycor_train_000919.jpg,ycor_train_000919.png,images/train/ycor_train_000919.jpg,masks/train/ycor_train_000919.png,1024,544,rgb_palette,train/iid001336/rgb.jpg,train/iid001336/labels.png
YCOR,train,ycor_train_000920,train,iid001337,ycor_train_000920.jpg,ycor_train_000920.png,images/train/ycor_train_000920.jpg,masks/train/ycor_train_000920.png,1024,544,rgb_palette,train/iid001337/rgb.jpg,train/iid001337/labels.png
YCOR,train,ycor_train_000921,train,iid001338,ycor_train_000921.jpg,ycor_train_000921.png,images/train/ycor_train_000921.jpg,masks/train/ycor_train_000921.png,1024,544,rgb_palette,train/iid001338/rgb.jpg,train/iid001338/labels.png
YCOR,train,ycor_train_000922,train,iid001339,ycor_train_000922.jpg,ycor_train_000922.png,images/train/ycor_train_000922.jpg,masks/train/ycor_train_000922.png,1024,544,rgb_palette,train/iid001339/rgb.jpg,train/iid001339/labels.png
YCOR,train,ycor_train_000923,train,iid001340,ycor_train_000923.jpg,ycor_train_000923.png,images/train/ycor_train_000923.jpg,masks/train/ycor_train_000923.png,1024,544,rgb_palette,train/iid001340/rgb.jpg,train/iid001340/labels.png
YCOR,train,ycor_train_000924,train,iid001341,ycor_train_000924.jpg,ycor_train_000924.png,images/train/ycor_train_000924.jpg,masks/train/ycor_train_000924.png,1024,544,rgb_palette,train/iid001341/rgb.jpg,train/iid001341/labels.png
YCOR,train,ycor_train_000925,train,iid001342,ycor_train_000925.jpg,ycor_train_000925.png,images/train/ycor_train_000925.jpg,masks/train/ycor_train_000925.png,1024,544,rgb_palette,train/iid001342/rgb.jpg,train/iid001342/labels.png
YCOR,train,ycor_train_000926,train,iid001343,ycor_train_000926.jpg,ycor_train_000926.png,images/train/ycor_train_000926.jpg,masks/train/ycor_train_000926.png,1024,544,rgb_palette,train/iid001343/rgb.jpg,train/iid001343/labels.png
YCOR,train,ycor_train_000927,train,iid001344,ycor_train_000927.jpg,ycor_train_000927.png,images/train/ycor_train_000927.jpg,masks/train/ycor_train_000927.png,1024,544,rgb_palette,train/iid001344/rgb.jpg,train/iid001344/labels.png
YCOR,train,ycor_train_000928,train,iid001345,ycor_train_000928.jpg,ycor_train_000928.png,images/train/ycor_train_000928.jpg,masks/train/ycor_train_000928.png,1024,544,rgb_palette,train/iid001345/rgb.jpg,train/iid001345/labels.png
YCOR,train,ycor_train_000929,train,iid001346,ycor_train_000929.jpg,ycor_train_000929.png,images/train/ycor_train_000929.jpg,masks/train/ycor_train_000929.png,1024,544,rgb_palette,train/iid001346/rgb.jpg,train/iid001346/labels.png
YCOR,train,ycor_train_000930,train,iid001347,ycor_train_000930.jpg,ycor_train_000930.png,images/train/ycor_train_000930.jpg,masks/train/ycor_train_000930.png,1024,544,rgb_palette,train/iid001347/rgb.jpg,train/iid001347/labels.png
