sample_id,status,details
creek_00001,ok,
creek_00006,ok,
creek_00011,ok,
creek_00016,ok,
creek_00021,ok,
creek_00026,ok,
creek_00031,ok,
creek_00036,ok,
creek_00041,ok,
creek_00046,ok,
creek_00051,ok,
creek_00056,ok,
creek_00061,ok,
creek_00066,ok,
creek_00071,ok,
creek_00076,ok,
creek_00081,ok,
creek_00086,ok,
creek_00091,ok,
creek_00096,ok,
creek_00101,ok,
creek_00106,ok,
creek_00111,ok,
creek_00116,ok,
creek_00121,ok,
creek_00126,ok,
creek_00131,ok,
creek_00136,ok,
creek_00141,ok,
creek_00146,ok,
creek_00151,ok,
creek_00156,ok,
creek_00161,ok,
creek_00166,ok,
creek_00171,ok,
creek_00176,ok,
creek_00181,ok,
creek_00186,ok,
creek_00191,ok,
creek_00196,ok,
creek_00201,ok,
creek_00206,ok,
creek_00211,ok,
creek_00216,ok,
creek_00221,ok,
creek_00226,ok,
creek_00231,ok,
creek_00236,ok,
creek_00241,ok,
creek_00246,ok,
creek_00251,ok,
creek_00256,ok,
creek_00261,ok,
creek_00266,ok,
creek_00271,ok,
creek_00276,ok,
creek_00281,ok,
creek_00286,ok,
creek_00291,ok,
creek_00296,ok,
creek_00301,ok,
creek_00306,ok,
creek_00311,ok,
creek_00316,ok,
creek_00321,ok,
creek_00326,ok,
creek_00331,ok,
creek_00336,ok,
creek_00341,ok,
creek_00346,ok,
creek_00351,ok,
creek_00356,ok,
creek_00361,ok,
creek_00366,ok,
creek_00371,ok,
creek_00376,ok,
creek_00381,ok,
creek_00386,ok,
creek_00391,ok,
creek_00396,ok,
creek_00401,ok,
creek_00406,ok,
creek_00411,ok,
creek_00416,ok,
creek_00421,ok,
creek_00426,ok,
creek_00431,ok,
creek_00436,ok,
creek_00441,ok,
creek_00446,ok,
creek_00451,ok,
creek_00456,ok,
creek_00461,ok,
creek_00466,ok,
creek_00471,ok,
creek_00476,ok,
creek_00481,ok,
creek_00486,ok,
creek_00491,ok,
creek_00496,ok,
creek_00501,ok,
creek_00506,ok,
creek_00511,ok,
creek_00516,ok,
creek_00521,ok,
creek_00526,ok,
creek_00531,ok,
creek_00536,ok,
creek_00541,ok,
creek_00546,ok,
creek_00551,ok,
creek_00556,ok,
creek_00561,ok,
creek_00566,ok,
creek_00571,ok,
creek_00576,ok,
creek_00581,ok,
creek_00586,ok,
creek_00591,ok,
creek_00596,ok,
creek_00601,ok,
creek_00606,ok,
creek_00611,ok,
creek_00616,ok,
creek_00621,ok,
creek_00626,ok,
creek_00631,ok,
creek_00636,ok,
creek_00641,ok,
creek_00646,ok,
creek_00651,ok,
creek_00656,ok,
creek_00661,ok,
creek_00666,ok,
creek_00671,ok,
creek_00676,ok,
creek_00681,ok,
creek_00686,ok,
creek_00691,ok,
creek_00696,ok,
creek_00701,ok,
creek_00706,ok,
creek_00711,ok,
creek_00716,ok,
creek_00721,ok,
creek_00726,ok,
creek_00731,ok,
creek_00736,ok,
creek_00741,ok,
creek_00746,ok,
creek_00751,ok,
creek_00756,ok,
creek_00761,ok,
creek_00766,ok,
creek_00771,ok,
creek_00776,ok,
creek_00781,ok,
creek_00786,ok,
creek_00791,ok,
creek_00796,ok,
creek_00801,ok,
creek_00806,ok,
creek_00811,ok,
creek_00816,ok,
creek_00821,ok,
creek_00826,ok,
creek_00831,ok,
creek_00836,ok,
creek_00841,ok,
creek_00846,ok,
creek_00851,ok,
creek_00856,ok,
creek_00861,ok,
creek_00866,ok,
creek_00871,ok,
creek_00876,ok,
creek_00881,ok,
creek_00886,ok,
creek_00891,ok,
creek_00896,ok,
creek_00901,ok,
creek_00906,ok,
creek_00911,ok,
creek_00916,ok,
creek_00921,ok,
creek_00926,ok,
creek_00931,ok,
creek_00936,ok,
creek_00941,ok,
creek_00946,ok,
creek_00951,ok,
creek_00956,ok,
creek_00961,ok,
creek_00966,ok,
creek_00971,ok,
creek_00976,ok,
creek_00981,ok,
creek_00986,ok,
creek_00991,ok,
creek_00996,ok,
creek_01001,ok,
creek_01006,ok,
creek_01011,ok,
creek_01016,ok,
creek_01021,ok,
creek_01026,ok,
creek_01031,ok,
creek_01036,ok,
creek_01041,ok,
creek_01046,ok,
creek_01051,ok,
creek_01056,ok,
creek_01061,ok,
creek_01066,ok,
creek_01071,ok,
creek_01076,ok,
creek_01081,ok,
creek_01086,ok,
creek_01091,ok,
creek_01096,ok,
creek_01101,ok,
creek_01106,ok,
creek_01111,ok,
creek_01116,ok,
creek_01121,ok,
creek_01126,ok,
creek_01131,ok,
creek_01136,ok,
creek_01141,ok,
creek_01146,ok,
creek_01151,ok,
creek_01156,ok,
creek_01161,ok,
creek_01166,ok,
creek_01171,ok,
creek_01176,ok,
creek_01181,ok,
creek_01186,ok,
creek_01191,ok,
creek_01196,ok,
creek_01201,ok,
creek_01206,ok,
creek_01211,ok,
creek_01216,ok,
creek_01221,ok,
creek_01226,ok,
creek_01231,ok,
creek_01236,ok,
creek_01241,ok,
creek_01246,ok,
creek_01251,ok,
creek_01256,ok,
creek_01261,ok,
creek_01266,ok,
creek_01271,ok,
creek_01276,ok,
creek_01281,ok,
creek_01286,ok,
creek_01291,ok,
creek_01296,ok,
creek_01301,ok,
creek_01306,ok,
creek_01311,ok,
creek_01316,ok,
creek_01321,ok,
creek_01326,ok,
creek_01331,ok,
creek_01336,ok,
creek_01341,ok,
creek_01346,ok,
creek_01351,ok,
creek_01356,ok,
creek_01361,ok,
creek_01366,ok,
creek_01371,ok,
creek_01376,ok,
creek_01381,ok,
creek_01386,ok,
creek_01391,ok,
creek_01396,ok,
creek_01401,ok,
creek_01406,ok,
creek_01411,ok,
creek_01416,ok,
creek_01421,ok,
creek_01426,ok,
creek_01431,ok,
creek_01436,ok,
creek_01441,ok,
creek_01446,ok,
creek_01451,ok,
creek_01456,ok,
creek_01461,ok,
creek_01466,ok,
creek_01471,ok,
creek_01476,ok,
creek_01481,ok,
creek_01486,ok,
creek_01491,ok,
creek_01496,ok,
creek_01501,ok,
creek_01506,ok,
creek_01511,ok,
creek_01516,ok,
creek_01521,ok,
creek_01526,ok,
creek_01531,ok,
creek_01536,ok,
creek_01541,ok,
creek_01546,ok,
creek_01551,ok,
creek_01556,ok,
creek_01561,ok,
creek_01566,ok,
creek_01571,ok,
creek_01576,ok,
creek_01581,ok,
creek_01586,ok,
creek_01591,ok,
creek_01596,ok,
creek_01601,ok,
creek_01606,ok,
creek_01611,ok,
creek_01616,ok,
creek_01621,ok,
creek_01626,ok,
creek_01631,ok,
creek_01636,ok,
creek_01641,ok,
creek_01646,ok,
creek_01651,ok,
creek_01656,ok,
creek_01661,ok,
creek_01666,ok,
creek_01671,ok,
creek_01676,ok,
creek_01681,ok,
creek_01686,ok,
creek_01691,ok,
creek_01696,ok,
creek_01701,ok,
creek_01706,ok,
creek_01711,ok,
creek_01716,ok,
creek_01721,ok,
creek_01726,ok,
creek_01731,ok,
creek_01736,ok,
creek_01741,ok,
creek_01746,ok,
creek_01751,ok,
creek_01756,ok,
creek_01761,ok,
creek_01766,ok,
creek_01771,ok,
creek_01776,ok,
creek_01781,ok,
creek_01786,ok,
creek_01791,ok,
creek_01796,ok,
creek_01801,ok,
creek_01806,ok,
creek_01811,ok,
creek_01816,ok,
creek_01821,ok,
creek_01826,ok,
creek_01831,ok,
creek_01836,ok,
creek_01841,ok,
creek_01846,ok,
creek_01851,ok,
creek_01856,ok,
creek_01861,ok,
creek_01866,ok,
creek_01871,ok,
creek_01876,ok,
creek_01881,ok,
creek_01886,ok,
creek_01891,ok,
creek_01896,ok,
creek_01901,ok,
creek_01906,ok,
creek_01911,ok,
creek_01916,ok,
creek_01921,ok,
creek_01926,ok,
creek_01931,ok,
creek_01936,ok,
creek_01941,ok,
creek_01946,ok,
creek_01951,ok,
creek_01956,ok,
creek_01961,ok,
creek_01966,ok,
creek_01971,ok,
creek_01976,ok,
creek_01981,ok,
creek_01986,ok,
creek_01991,ok,
creek_01996,ok,
creek_02001,ok,
creek_02006,ok,
creek_02011,ok,
creek_02016,ok,
creek_02021,ok,
creek_02026,ok,
creek_02031,ok,
creek_02036,ok,
creek_02041,ok,
creek_02046,ok,
creek_02051,ok,
creek_02056,ok,
creek_02061,ok,
creek_02066,ok,
creek_02071,ok,
creek_02076,ok,
creek_02081,ok,
creek_02086,ok,
creek_02091,ok,
creek_02096,ok,
creek_02101,ok,
creek_02106,ok,
creek_02111,ok,
creek_02116,ok,
creek_02121,ok,
creek_02126,ok,
creek_02131,ok,
creek_02136,ok,
creek_02141,ok,
creek_02146,ok,
creek_02151,ok,
creek_02156,ok,
creek_02161,ok,
creek_02166,ok,
creek_02171,ok,
creek_02176,ok,
creek_02181,ok,
creek_02186,ok,
creek_02191,ok,
creek_02196,ok,
creek_02201,ok,
creek_02206,ok,
creek_02211,ok,
creek_02216,ok,
creek_02221,ok,
creek_02226,ok,
creek_02231,ok,
creek_02236,ok,
creek_02241,ok,
creek_02246,ok,
creek_02251,ok,
creek_02256,ok,
creek_02261,ok,
creek_02266,ok,
creek_02271,ok,
creek_02276,ok,
creek_02281,ok,
creek_02286,ok,
creek_02291,ok,
creek_02296,ok,
creek_02301,ok,
creek_02306,ok,
creek_02311,ok,
creek_02316,ok,
creek_02321,ok,
creek_02326,ok,
creek_02331,ok,
creek_02336,ok,
creek_02341,ok,
creek_02346,ok,
creek_02351,ok,
creek_02356,ok,
creek_02361,ok,
creek_02366,ok,
creek_02371,ok,
creek_02376,ok,
creek_02381,ok,
creek_02386,ok,
creek_02391,ok,
creek_02396,ok,
creek_02401,ok,
creek_02406,ok,
creek_02411,ok,
creek_02416,ok,
creek_02421,ok,
creek_02426,ok,
creek_02431,ok,
creek_02436,ok,
creek_02441,ok,
creek_02446,ok,
creek_02451,ok,
creek_02456,ok,
creek_02461,ok,
creek_02466,ok,
creek_02471,ok,
creek_02476,ok,
creek_02481,ok,
creek_02486,ok,
creek_02491,ok,
creek_02496,ok,
creek_02501,ok,
creek_02506,ok,
creek_02511,ok,
creek_02516,ok,
creek_02521,ok,
creek_02526,ok,
creek_02531,ok,
creek_02536,ok,
creek_02541,ok,
creek_02546,ok,
creek_02551,ok,
creek_02556,ok,
creek_02561,ok,
creek_02566,ok,
creek_02571,ok,
creek_02576,ok,
creek_02581,ok,
creek_02586,ok,
creek_02591,ok,
creek_02596,ok,
creek_02601,ok,
creek_02606,ok,
creek_02611,ok,
creek_02616,ok,
creek_02621,ok,
creek_02626,ok,
creek_02631,ok,
creek_02636,ok,
creek_02641,ok,
creek_02646,ok,
creek_02651,ok,
creek_02656,ok,
creek_02661,ok,
creek_02666,ok,
creek_02671,ok,
creek_02676,ok,
creek_02681,ok,
creek_02686,ok,
creek_02691,ok,
creek_02696,ok,
creek_02701,ok,
creek_02706,ok,
creek_02711,ok,
creek_02716,ok,
creek_02721,ok,
creek_02726,ok,
creek_02731,ok,
creek_02736,ok,
creek_02741,ok,
creek_02746,ok,
creek_02751,ok,
creek_02756,ok,
creek_02761,ok,
creek_02766,ok,
creek_02771,ok,
creek_02776,ok,
creek_02781,ok,
creek_02786,ok,
creek_02791,ok,
creek_02796,ok,
creek_02801,ok,
creek_02806,ok,
creek_02811,ok,
creek_02816,ok,
creek_02821,ok,
creek_02826,ok,
creek_02831,ok,
creek_02836,ok,
creek_02841,ok,
creek_02846,ok,
creek_02851,ok,
creek_02856,ok,
creek_02861,ok,
creek_02866,ok,
creek_02871,ok,
creek_02876,ok,
creek_02881,ok,
creek_02886,ok,
creek_02891,ok,
creek_02896,ok,
creek_02901,ok,
creek_02906,ok,
creek_02911,ok,
creek_02916,ok,
creek_02921,ok,
creek_02926,ok,
creek_02931,ok,
creek_02936,ok,
creek_02941,ok,
creek_02946,ok,
creek_02951,ok,
creek_02956,ok,
creek_02961,ok,
creek_02966,ok,
creek_02971,ok,
creek_02976,ok,
creek_02981,ok,
creek_02986,ok,
creek_02991,ok,
creek_02996,ok,
creek_03001,ok,
creek_03006,ok,
creek_03011,ok,
creek_03016,ok,
creek_03021,ok,
creek_03026,ok,
creek_03031,ok,
creek_03036,ok,
creek_03041,ok,
creek_03046,ok,
creek_03051,ok,
creek_03056,ok,
creek_03061,ok,
creek_03066,ok,
creek_03071,ok,
creek_03076,ok,
creek_03081,ok,
creek_03086,ok,
creek_03091,ok,
creek_03096,ok,
creek_03101,ok,
creek_03106,ok,
creek_03111,ok,
creek_03116,ok,
creek_03121,ok,
creek_03126,ok,
creek_03131,ok,
creek_03136,ok,
creek_03141,ok,
creek_03146,ok,
creek_03151,ok,
creek_03156,ok,
creek_03161,ok,
creek_03166,ok,
creek_03171,ok,
creek_03176,ok,
creek_03181,ok,
creek_03186,ok,
creek_03191,ok,
creek_03196,ok,
creek_03201,ok,
creek_03206,ok,
creek_03211,ok,
creek_03216,ok,
creek_03221,ok,
creek_03226,ok,
creek_03231,ok,
creek_03236,ok,
creek_03241,ok,
creek_03246,ok,
creek_03251,ok,
creek_03256,ok,
creek_03261,ok,
creek_03266,ok,
creek_03271,ok,
creek_03276,ok,
creek_03281,ok,
creek_03286,ok,
creek_03291,ok,
creek_03296,ok,
creek_03301,ok,
creek_03306,ok,
creek_03311,ok,
creek_03316,ok,
creek_03321,ok,
creek_03326,ok,
creek_03331,ok,
creek_03336,ok,
creek_03341,ok,
creek_03346,ok,
creek_03351,ok,
creek_03356,ok,
creek_03361,ok,
creek_03366,ok,
creek_03371,ok,
creek_03376,ok,
creek_03381,ok,
creek_03386,ok,
creek_03391,ok,
creek_03396,ok,
creek_03401,ok,
creek_03406,ok,
creek_03411,ok,
creek_03416,ok,
creek_03421,ok,
creek_03426,ok,
creek_03431,ok,
creek_03436,ok,
creek_03441,ok,
creek_03446,ok,
creek_03451,ok,
creek_03456,ok,
creek_03461,ok,
creek_03466,ok,
creek_03471,ok,
creek_03476,ok,
creek_03481,ok,
creek_03486,ok,
creek_03491,ok,
creek_03496,ok,
creek_03501,ok,
creek_03506,ok,
creek_03511,ok,
creek_03516,ok,
creek_03521,ok,
creek_03526,ok,
creek_03531,ok,
creek_03536,ok,
creek_03541,ok,
creek_03546,ok,
creek_03551,ok,
creek_03556,ok,
creek_03561,ok,
creek_03566,ok,
creek_03571,ok,
creek_03576,ok,
creek_03581,ok,
creek_03586,ok,
creek_03591,ok,
creek_03596,ok,
creek_03601,ok,
creek_03606,ok,
creek_03611,ok,
creek_03616,ok,
creek_03621,ok,
creek_03626,ok,
creek_03631,ok,
creek_03636,ok,
creek_03641,ok,
creek_03646,ok,
creek_03651,ok,
creek_03656,ok,
creek_03661,ok,
creek_03666,ok,
creek_03671,ok,
creek_03676,ok,
creek_03681,ok,
creek_03686,ok,
creek_03691,ok,
creek_03696,ok,
creek_03701,ok,
creek_03706,ok,
creek_03711,ok,
creek_03716,ok,
creek_03721,ok,
creek_03726,ok,
creek_03731,ok,
creek_03736,ok,
creek_03741,ok,
creek_03746,ok,
creek_03751,ok,
creek_03756,ok,
creek_03761,ok,
creek_03766,ok,
creek_03771,ok,
creek_03776,ok,
creek_03781,ok,
creek_03786,ok,
creek_03791,ok,
creek_03796,ok,
creek_03801,ok,
creek_03806,ok,
creek_03811,ok,
creek_03816,ok,
creek_03821,ok,
creek_03826,ok,
creek_03831,ok,
creek_03836,ok,
creek_03841,ok,
creek_03846,ok,
creek_03851,ok,
creek_03856,ok,
creek_03861,ok,
creek_03866,ok,
creek_03871,ok,
creek_03876,ok,
creek_03881,ok,
creek_03886,ok,
creek_03891,ok,
creek_03896,ok,
creek_03901,ok,
creek_03906,ok,
creek_03911,ok,
creek_03916,ok,
creek_03921,ok,
creek_03926,ok,
creek_03931,ok,
creek_03936,ok,
creek_03941,ok,
creek_03946,ok,
creek_03951,ok,
creek_03956,ok,
creek_03961,ok,
creek_03966,ok,
creek_03971,ok,
creek_03976,ok,
creek_03981,ok,
creek_03986,ok,
creek_03991,ok,
creek_03996,ok,
creek_04001,ok,
creek_04006,ok,
creek_04011,ok,
creek_04016,ok,
creek_04021,ok,
creek_04026,ok,
creek_04031,ok,
creek_04036,ok,
creek_04041,ok,
creek_04046,ok,
creek_04051,ok,
creek_04056,ok,
creek_04061,ok,
creek_04066,ok,
creek_04071,ok,
creek_04076,ok,
creek_04081,ok,
creek_04086,ok,
creek_04091,ok,
creek_04096,ok,
creek_04101,ok,
creek_04106,ok,
creek_04111,ok,
creek_04116,ok,
creek_04121,ok,
creek_04126,ok,
creek_04131,ok,
creek_04136,ok,
creek_04141,ok,
creek_04146,ok,
creek_04151,ok,
creek_04156,ok,
creek_04161,ok,
creek_04166,ok,
creek_04171,ok,
creek_04176,ok,
park-1_00001,ok,
park-1_00006,ok,
park-1_00011,ok,
park-1_00016,ok,
park-1_00021,ok,
park-1_00026,ok,
park-1_00031,ok,
park-1_00036,ok,
park-1_00041,ok,
park-1_00046,ok,
park-1_00051,ok,
park-1_00056,ok,
park-1_00061,ok,
park-1_00066,ok,
park-1_00071,ok,
park-1_00076,ok,
park-1_00081,ok,
park-1_00086,ok,
park-1_00091,ok,
park-1_00096,ok,
park-1_00101,ok,
park-1_00106,ok,
park-1_00111,ok,
park-1_00116,ok,
park-1_00121,ok,
park-1_00126,ok,
park-1_00131,ok,
park-1_00136,ok,
park-1_00141,ok,
park-1_00146,ok,
park-1_00151,ok,
park-1_00156,ok,
park-1_00161,ok,
park-1_00166,ok,
park-1_00171,ok,
park-1_00176,ok,
park-1_00181,ok,
park-1_00186,ok,
park-1_00191,ok,
park-1_00196,ok,
park-1_00201,ok,
park-1_00206,ok,
park-1_00211,ok,
park-1_00216,ok,
park-1_00221,ok,
park-1_00226,ok,
park-1_00231,ok,
park-1_00236,ok,
park-1_00241,ok,
park-1_00246,ok,
park-1_00251,ok,
park-1_00256,ok,
park-1_00261,ok,
park-1_00266,ok,
park-1_00271,ok,
park-1_00276,ok,
park-1_00281,ok,
park-1_00286,ok,
park-1_00291,ok,
park-1_00296,ok,
park-1_00301,ok,
park-1_00306,ok,
park-1_00311,ok,
park-1_00316,ok,
park-1_00321,ok,
park-1_00326,ok,
park-1_00331,ok,
park-1_00336,ok,
park-1_00341,ok,
park-1_00346,ok,
park-1_00351,ok,
park-1_00356,ok,
park-1_00361,ok,
park-1_00366,ok,
park-1_00371,ok,
park-1_00376,ok,
park-1_00381,ok,
park-1_00386,ok,
park-1_00391,ok,
park-1_00396,ok,
park-1_00401,ok,
park-1_00406,ok,
park-1_00411,ok,
park-1_00416,ok,
park-1_00421,ok,
park-1_00426,ok,
park-1_00431,ok,
park-1_00436,ok,
park-1_00441,ok,
park-1_00446,ok,
park-1_00451,ok,
park-1_00456,ok,
park-1_00461,ok,
park-1_00466,ok,
park-1_00471,ok,
park-1_00476,ok,
park-1_00481,ok,
park-1_00486,ok,
park-1_00491,ok,
park-1_00496,ok,
park-1_00501,ok,
park-1_00506,ok,
park-1_00511,ok,
park-1_00516,ok,
park-1_00521,ok,
park-1_00526,ok,
park-1_00531,ok,
park-1_00536,ok,
park-1_00541,ok,
park-1_00546,ok,
park-1_00551,ok,
park-1_00556,ok,
park-1_00561,ok,
park-1_00566,ok,
park-1_00571,ok,
park-1_00576,ok,
park-1_00581,ok,
park-1_00586,ok,
park-1_00591,ok,
park-1_00596,ok,
park-1_00601,ok,
park-1_00606,ok,
park-1_00611,ok,
park-1_00616,ok,
park-1_00621,ok,
park-1_00626,ok,
park-1_00631,ok,
park-1_00636,ok,
park-1_00641,ok,
park-1_00646,ok,
park-1_00651,ok,
park-1_00656,ok,
park-1_00661,ok,
park-1_00666,ok,
park-1_00671,ok,
park-1_00676,ok,
park-1_00681,ok,
park-1_00686,ok,
park-1_00691,ok,
park-1_00696,ok,
park-1_00701,ok,
park-1_00706,ok,
park-1_00711,ok,
park-1_00716,ok,
park-1_00721,ok,
park-1_00726,ok,
park-1_00731,ok,
park-1_00736,ok,
park-1_00741,ok,
park-1_00746,ok,
park-1_00751,ok,
park-1_00756,ok,
park-1_00761,ok,
park-1_00766,ok,
park-1_00771,ok,
park-1_00776,ok,
park-1_00781,ok,
park-1_00786,ok,
park-1_00791,ok,
park-1_00796,ok,
park-1_00801,ok,
park-1_00806,ok,
park-1_00811,ok,
park-1_00816,ok,
park-1_00821,ok,
park-1_00826,ok,
park-1_00831,ok,
park-1_00836,ok,
park-1_00841,ok,
park-1_00846,ok,
park-1_00851,ok,
park-1_00856,ok,
park-1_00861,ok,
park-1_00866,ok,
park-1_00871,ok,
park-1_00876,ok,
park-1_00881,ok,
park-1_00886,ok,
park-1_00891,ok,
park-1_00896,ok,
park-1_00901,ok,
park-1_00906,ok,
park-1_00911,ok,
park-1_00916,ok,
park-1_00921,ok,
park-1_00926,ok,
park-1_00931,ok,
park-1_00936,ok,
park-1_00941,ok,
park-1_00946,ok,
park-1_00951,ok,
park-1_00956,ok,
park-1_00961,ok,
park-1_00966,ok,
park-1_00971,ok,
park-1_00976,ok,
park-1_00981,ok,
park-1_00986,ok,
park-1_00991,ok,
park-1_00996,ok,
park-1_01001,ok,
park-1_01006,ok,
park-1_01011,ok,
park-1_01016,ok,
park-1_01021,ok,
park-1_01026,ok,
park-1_01031,ok,
park-1_01036,ok,
park-1_01041,ok,
park-1_01046,ok,
park-1_01051,ok,
park-1_01056,ok,
park-1_01061,ok,
park-1_01066,ok,
park-1_01071,ok,
park-1_01076,ok,
park-1_01081,ok,
park-1_01086,ok,
park-1_01091,ok,
park-1_01096,ok,
park-1_01101,ok,
park-1_01106,ok,
park-1_01111,ok,
park-1_01116,ok,
park-1_01121,ok,
park-1_01126,ok,
park-1_01131,ok,
park-1_01136,ok,
park-1_01141,ok,
park-1_01146,ok,
park-1_01151,ok,
park-1_01156,ok,
park-1_01161,ok,
park-1_01166,ok,
park-1_01171,ok,
park-1_01176,ok,
park-1_01181,ok,
park-1_01186,ok,
park-1_01191,ok,
park-1_01196,ok,
park-1_01201,ok,
park-1_01206,ok,
park-1_01211,ok,
park-1_01216,ok,
park-1_01221,ok,
park-1_01226,ok,
park-1_01231,ok,
park-1_01236,ok,
park-1_01241,ok,
park-1_01246,ok,
park-1_01251,ok,
park-1_01256,ok,
park-1_01261,ok,
park-1_01266,ok,
park-1_01271,ok,
park-1_01276,ok,
park-1_01281,ok,
park-1_01286,ok,
park-1_01291,ok,
park-1_01296,ok,
park-1_01301,ok,
park-1_01306,ok,
park-1_01311,ok,
park-1_01316,ok,
park-1_01321,ok,
park-1_01326,ok,
park-1_01331,ok,
park-1_01336,ok,
park-1_01341,ok,
park-1_01346,ok,
park-1_01351,ok,
park-1_01356,ok,
park-1_01361,ok,
park-1_01366,ok,
park-1_01371,ok,
park-1_01376,ok,
park-1_01381,ok,
park-1_01386,ok,
park-1_01391,ok,
park-1_01396,ok,
park-1_01401,ok,
park-1_01406,ok,
park-1_01411,ok,
park-1_01416,ok,
park-1_01421,ok,
park-1_01426,ok,
park-1_01431,ok,
park-1_01436,ok,
park-1_01441,ok,
park-1_01446,ok,
park-1_01451,ok,
park-1_01456,ok,
park-1_01461,ok,
park-1_01466,ok,
park-1_01471,ok,
park-1_01476,ok,
park-1_01481,ok,
park-1_01486,ok,
park-1_01491,ok,
park-1_01496,ok,
park-1_01501,ok,
park-1_01506,ok,
park-1_01511,ok,
park-1_01516,ok,
park-1_01521,ok,
park-1_01526,ok,
park-1_01531,ok,
park-1_01536,ok,
park-1_01541,ok,
park-1_01546,ok,
park-1_01551,ok,
park-1_01556,ok,
park-1_01561,ok,
park-1_01566,ok,
park-1_01571,ok,
park-1_01576,ok,
park-1_01581,ok,
park-1_01586,ok,
park-1_01591,ok,
park-1_01596,ok,
park-1_01601,ok,
park-1_01606,ok,
park-1_01611,ok,
park-1_01616,ok,
park-1_01621,ok,
park-1_01626,ok,
park-1_01631,ok,
park-1_01636,ok,
park-1_01641,ok,
park-1_01646,ok,
park-1_01651,ok,
park-1_01656,ok,
park-1_01661,ok,
park-1_01666,ok,
park-1_01671,ok,
park-1_01676,ok,
park-1_01681,ok,
park-1_01686,ok,
park-1_01691,ok,
park-1_01696,ok,
park-1_01701,ok,
park-1_01706,ok,
park-1_01711,ok,
park-1_01716,ok,
park-1_01721,ok,
park-1_01726,ok,
park-1_01731,ok,
park-1_01736,ok,
park-1_01741,ok,
park-1_01746,ok,
park-1_01751,ok,
park-1_01756,ok,
park-1_01761,ok,
park-1_01766,ok,
park-1_01771,ok,
park-1_01776,ok,
park-1_01781,ok,
park-1_01786,ok,
park-1_01791,ok,
park-1_01796,ok,
park-1_01801,ok,
park-1_01806,ok,
park-1_01811,ok,
park-1_01816,ok,
park-1_01821,ok,
park-1_01826,ok,
park-1_01831,ok,
park-1_01836,ok,
park-1_01841,ok,
park-1_01846,ok,
park-1_01851,ok,
park-1_01856,ok,
park-1_01861,ok,
park-1_01866,ok,
park-1_01871,ok,
park-1_01876,ok,
park-1_01881,ok,
park-1_01886,ok,
park-1_01891,ok,
park-1_01896,ok,
park-1_01901,ok,
park-1_01906,ok,
park-1_01911,ok,
park-1_01916,ok,
park-1_01921,ok,
park-1_01926,ok,
park-1_01931,ok,
park-1_01936,ok,
park-1_01941,ok,
park-1_01946,ok,
park-1_01951,ok,
park-1_01956,ok,
park-1_01961,ok,
park-1_01966,ok,
park-1_01971,ok,
park-1_01976,ok,
park-1_01981,ok,
park-1_01986,ok,
park-1_01991,ok,
park-1_01996,ok,
park-1_02001,ok,
park-1_02006,ok,
park-1_02011,ok,
park-1_02016,ok,
park-1_02021,ok,
park-1_02026,ok,
park-1_02031,ok,
park-1_02036,ok,
park-1_02041,ok,
park-1_02046,ok,
park-1_02051,ok,
park-1_02056,ok,
park-1_02061,ok,
park-1_02066,ok,
park-1_02071,ok,
park-1_02076,ok,
park-1_02081,ok,
park-1_02086,ok,
park-1_02091,ok,
park-1_02096,ok,
park-1_02101,ok,
park-1_02106,ok,
park-1_02111,ok,
park-1_02116,ok,
park-1_02121,ok,
park-1_02126,ok,
park-1_02131,ok,
park-1_02136,ok,
park-1_02141,ok,
park-1_02146,ok,
park-1_02151,ok,
park-1_02156,ok,
park-1_02161,ok,
park-1_02166,ok,
park-1_02171,ok,
park-1_02176,ok,
park-1_02181,ok,
park-1_02186,ok,
park-1_02191,ok,
park-1_02196,ok,
park-1_02201,ok,
park-1_02206,ok,
park-1_02211,ok,
park-1_02216,ok,
park-1_02221,ok,
park-1_02226,ok,
park-1_02231,ok,
park-1_02236,ok,
park-1_02241,ok,
park-1_02246,ok,
park-1_02251,ok,
park-1_02256,ok,
park-1_02261,ok,
park-1_02266,ok,
park-1_02271,ok,
park-1_02276,ok,
park-1_02281,ok,
park-1_02286,ok,
park-1_02291,ok,
park-1_02296,ok,
park-1_02301,ok,
park-1_02306,ok,
park-1_02311,ok,
park-1_02316,ok,
park-1_02321,ok,
park-1_02326,ok,
park-1_02331,ok,
park-1_02336,ok,
park-1_02341,ok,
park-1_02346,ok,
park-1_02351,ok,
park-1_02356,ok,
park-1_02361,ok,
park-1_02366,ok,
park-1_02371,ok,
park-1_02376,ok,
park-1_02381,ok,
park-1_02386,ok,
park-1_02391,ok,
park-1_02396,ok,
park-1_02401,ok,
park-1_02406,ok,
park-1_02411,ok,
park-1_02416,ok,
park-1_02421,ok,
park-1_02426,ok,
park-1_02431,ok,
park-1_02436,ok,
park-1_02441,ok,
park-1_02446,ok,
park-1_02451,ok,
park-1_02456,ok,
park-1_02461,ok,
park-1_02466,ok,
park-1_02471,ok,
park-1_02476,ok,
park-1_02481,ok,
park-1_02486,ok,
park-1_02491,ok,
park-1_02496,ok,
park-1_02501,ok,
park-1_02506,ok,
park-1_02511,ok,
park-1_02516,ok,
park-1_02521,ok,
park-1_02526,ok,
park-1_02531,ok,
park-1_02536,ok,
park-1_02541,ok,
park-1_02546,ok,
park-1_02551,ok,
park-1_02556,ok,
park-1_02561,ok,
park-1_02566,ok,
park-1_02571,ok,
park-1_02576,ok,
park-1_02581,ok,
park-1_02586,ok,
park-1_02591,ok,
park-1_02596,ok,
park-1_02601,ok,
park-1_02606,ok,
park-1_02611,ok,
park-1_02616,ok,
park-1_02621,ok,
park-1_02626,ok,
park-1_02631,ok,
park-1_02636,ok,
park-1_02641,ok,
park-1_02646,ok,
park-1_02651,ok,
park-1_02656,ok,
park-1_02661,ok,
park-1_02666,ok,
park-1_02671,ok,
park-1_02676,ok,
park-1_02681,ok,
park-1_02686,ok,
park-1_02691,ok,
park-1_02696,ok,
park-1_02701,ok,
park-1_02706,ok,
park-1_02711,ok,
park-1_02716,ok,
park-1_02721,ok,
park-1_02726,ok,
park-1_02731,ok,
park-1_02736,ok,
park-1_02741,ok,
park-1_02746,ok,
park-1_02751,ok,
park-1_02756,ok,
park-1_02761,ok,
park-1_02766,ok,
park-1_02771,ok,
park-1_02776,ok,
park-1_02781,ok,
park-1_02786,ok,
park-1_02791,ok,
park-1_02796,ok,
park-1_02801,ok,
park-1_02806,ok,
park-1_02811,ok,
park-1_02816,ok,
park-1_02821,ok,
park-1_02826,ok,
park-1_02831,ok,
park-1_02836,ok,
park-1_02841,ok,
park-1_02846,ok,
park-1_02851,ok,
park-1_02856,ok,
park-1_02861,ok,
park-1_02866,ok,
park-1_02871,ok,
park-1_02876,ok,
park-1_02881,ok,
park-1_02886,ok,
park-1_02891,ok,
park-1_02896,ok,
park-1_02901,ok,
park-1_02906,ok,
park-1_02911,ok,
park-1_02916,ok,
park-1_02921,ok,
park-1_02926,ok,
park-1_02931,ok,
park-1_02936,ok,
park-1_02941,ok,
park-1_02946,ok,
park-1_02951,ok,
park-1_02956,ok,
park-1_02961,ok,
park-1_02966,ok,
park-1_02971,ok,
park-1_02976,ok,
park-1_02981,ok,
park-1_02986,ok,
park-1_02991,ok,
park-1_02996,ok,
park-1_03001,ok,
park-1_03006,ok,
park-1_03011,ok,
park-1_03016,ok,
park-1_03021,ok,
park-1_03026,ok,
park-1_03031,ok,
park-1_03036,ok,
park-1_03041,ok,
park-1_03046,ok,
park-1_03051,ok,
park-1_03056,ok,
park-1_03061,ok,
park-1_03066,ok,
park-1_03071,ok,
park-1_03076,ok,
park-1_03081,ok,
park-1_03086,ok,
park-1_03091,ok,
park-1_03096,ok,
park-1_03101,ok,
park-1_03106,ok,
park-1_03111,ok,
park-1_03116,ok,
park-1_03121,ok,
park-1_03126,ok,
park-1_03131,ok,
park-2_00001,ok,
park-2_00006,ok,
park-2_00011,ok,
park-2_00016,ok,
park-2_00021,ok,
park-2_00026,ok,
park-2_00031,ok,
park-2_00036,ok,
park-2_00041,ok,
park-2_00046,ok,
park-2_00051,ok,
park-2_00056,ok,
park-2_00061,ok,
park-2_00066,ok,
park-2_00071,ok,
park-2_00076,ok,
park-2_00081,ok,
park-2_00086,ok,
park-2_00091,ok,
park-2_00096,ok,
park-2_00101,ok,
park-2_00106,ok,
park-2_00111,ok,
park-2_00116,ok,
park-2_00121,ok,
park-2_00126,ok,
park-2_00131,ok,
park-2_00136,ok,
park-2_00141,ok,
park-2_00146,ok,
park-2_00151,ok,
park-2_00156,ok,
park-2_00161,ok,
park-2_00166,ok,
park-2_00171,ok,
park-2_00176,ok,
park-2_00181,ok,
park-2_00186,ok,
park-2_00191,ok,
park-2_00196,ok,
park-2_00201,ok,
park-2_00206,ok,
park-2_00211,ok,
park-2_00216,ok,
park-2_00221,ok,
park-2_00226,ok,
park-2_00231,ok,
park-2_00236,ok,
park-2_00241,ok,
park-2_00246,ok,
park-2_00251,ok,
park-2_00256,ok,
park-2_00261,ok,
park-2_00266,ok,
park-2_00271,ok,
park-2_00276,ok,
park-2_00281,ok,
park-2_00286,ok,
park-2_00291,ok,
park-2_00296,ok,
park-2_00301,ok,
park-2_00306,ok,
park-2_00311,ok,
park-2_00316,ok,
park-2_00321,ok,
park-2_00326,ok,
park-2_00331,ok,
park-2_00336,ok,
park-2_00341,ok,
park-2_00346,ok,
park-2_00351,ok,
park-2_00356,ok,
park-2_00361,ok,
park-2_00366,ok,
park-2_00371,ok,
park-2_00376,ok,
park-2_00381,ok,
park-2_00386,ok,
park-2_00391,ok,
park-2_00396,ok,
park-2_00401,ok,
park-2_00406,ok,
park-2_00411,ok,
park-2_00416,ok,
park-2_00421,ok,
park-2_00426,ok,
park-2_00431,ok,
park-2_00436,ok,
park-2_00441,ok,
park-2_00446,ok,
park-2_00451,ok,
park-2_00456,ok,
park-2_00461,ok,
park-2_00466,ok,
park-2_00471,ok,
park-2_00476,ok,
park-2_00481,ok,
park-2_00486,ok,
park-2_00491,ok,
park-2_00496,ok,
park-2_00501,ok,
park-2_00506,ok,
park-2_00511,ok,
park-2_00516,ok,
park-2_00521,ok,
park-2_00526,ok,
park-2_00531,ok,
park-2_00536,ok,
park-2_00541,ok,
park-2_00546,ok,
park-2_00551,ok,
park-2_00556,ok,
park-2_00561,ok,
park-2_00566,ok,
park-2_00571,ok,
park-2_00576,ok,
park-2_00581,ok,
park-2_00586,ok,
park-2_00591,ok,
park-2_00596,ok,
park-2_00601,ok,
park-2_00606,ok,
park-2_00611,ok,
park-2_00616,ok,
park-2_00621,ok,
park-2_00626,ok,
park-2_00631,ok,
park-2_00636,ok,
park-2_00641,ok,
park-2_00646,ok,
park-2_00651,ok,
park-2_00656,ok,
park-2_00661,ok,
park-2_00666,ok,
park-2_00671,ok,
park-2_00676,ok,
park-2_00681,ok,
park-2_00686,ok,
park-2_00691,ok,
park-2_00696,ok,
park-2_00701,ok,
park-2_00706,ok,
park-2_00711,ok,
park-2_00716,ok,
park-2_00721,ok,
park-2_00726,ok,
park-2_00731,ok,
park-2_00736,ok,
park-2_00741,ok,
park-2_00746,ok,
park-2_00751,ok,
park-2_00756,ok,
park-2_00761,ok,
park-2_00766,ok,
park-2_00771,ok,
park-2_00776,ok,
park-2_00781,ok,
park-2_00786,ok,
park-2_00791,ok,
park-2_00796,ok,
park-2_00801,ok,
park-2_00806,ok,
park-2_00811,ok,
park-2_00816,ok,
park-2_00821,ok,
park-2_00826,ok,
park-2_00831,ok,
park-2_00836,ok,
park-2_00841,ok,
park-2_00846,ok,
park-2_00851,ok,
park-2_00856,ok,
park-2_00861,ok,
park-2_00866,ok,
park-2_00871,ok,
park-2_00876,ok,
park-2_00881,ok,
park-2_00886,ok,
park-2_00891,ok,
park-2_00896,ok,
park-2_00901,ok,
park-2_00906,ok,
park-2_00911,ok,
park-2_00916,ok,
park-2_00921,ok,
park-2_00926,ok,
park-2_00931,ok,
park-2_00936,ok,
park-2_00941,ok,
park-2_00946,ok,
park-2_00951,ok,
park-2_00956,ok,
park-2_00961,ok,
park-2_00966,ok,
park-2_00971,ok,
park-2_00976,ok,
park-2_00981,ok,
park-2_00986,ok,
park-2_00991,ok,
park-2_00996,ok,
park-2_01001,ok,
park-2_01006,ok,
park-2_01011,ok,
park-2_01016,ok,
park-2_01021,ok,
park-2_01026,ok,
park-2_01031,ok,
park-2_01036,ok,
park-2_01041,ok,
park-2_01046,ok,
park-2_01051,ok,
park-2_01056,ok,
park-2_01061,ok,
park-2_01066,ok,
park-2_01071,ok,
park-2_01076,ok,
park-2_01081,ok,
park-2_01086,ok,
park-2_01091,ok,
park-2_01096,ok,
park-2_01101,ok,
park-2_01106,ok,
park-2_01111,ok,
park-2_01116,ok,
park-2_01121,ok,
park-2_01126,ok,
park-2_01131,ok,
park-2_01136,ok,
park-2_01141,ok,
park-2_01146,ok,
park-2_01151,ok,
park-2_01156,ok,
park-2_01161,ok,
park-2_01166,ok,
park-2_01171,ok,
park-2_01176,ok,
park-2_01181,ok,
park-2_01186,ok,
park-2_01191,ok,
park-2_01196,ok,
park-2_01201,ok,
park-2_01206,ok,
park-2_01211,ok,
park-2_01216,ok,
park-2_01221,ok,
park-2_01226,ok,
park-2_01231,ok,
park-2_01236,ok,
park-2_01241,ok,
park-2_01246,ok,
park-2_01251,ok,
park-2_01256,ok,
park-2_01261,ok,
park-2_01266,ok,
park-2_01271,ok,
park-2_01276,ok,
park-2_01281,ok,
park-2_01286,ok,
park-2_01291,ok,
park-2_01296,ok,
park-2_01301,ok,
park-2_01306,ok,
park-2_01311,ok,
park-2_01316,ok,
park-2_01321,ok,
park-2_01326,ok,
park-2_01331,ok,
park-2_01336,ok,
park-2_01341,ok,
park-2_01346,ok,
park-2_01351,ok,
park-2_01356,ok,
park-2_01361,ok,
park-2_01366,ok,
park-2_01371,ok,
park-2_01376,ok,
park-2_01381,ok,
park-2_01386,ok,
park-2_01391,ok,
park-2_01396,ok,
park-2_01401,ok,
park-2_01406,ok,
park-2_01411,ok,
park-2_01416,ok,
park-2_01421,ok,
park-2_01426,ok,
park-2_01431,ok,
park-2_01436,ok,
park-2_01441,ok,
park-2_01446,ok,
park-2_01451,ok,
park-2_01456,ok,
park-2_01461,ok,
park-2_01466,ok,
park-2_01471,ok,
park-2_01476,ok,
park-2_01481,ok,
park-2_01486,ok,
park-2_01491,ok,
park-2_01496,ok,
park-2_01501,ok,
park-2_01506,ok,
park-2_01511,ok,
park-2_01516,ok,
park-2_01521,ok,
park-2_01526,ok,
park-2_01531,ok,
park-2_01536,ok,
park-2_01541,ok,
park-2_01546,ok,
park-2_01551,ok,
park-2_01556,ok,
park-2_01561,ok,
park-2_01566,ok,
park-2_01571,ok,
park-2_01576,ok,
park-2_01581,ok,
park-2_01586,ok,
park-2_01591,ok,
park-2_01596,ok,
park-2_01601,ok,
park-2_01606,ok,
park-2_01611,ok,
park-2_01616,ok,
park-2_01621,ok,
park-2_01626,ok,
park-2_01631,ok,
park-2_01636,ok,
park-2_01641,ok,
park-2_01646,ok,
park-2_01651,ok,
park-2_01656,ok,
park-2_01661,ok,
park-2_01666,ok,
park-2_01671,ok,
park-2_01676,ok,
park-2_01681,ok,
park-2_01686,ok,
park-2_01691,ok,
park-2_01696,ok,
park-2_01701,ok,
park-2_01706,ok,
park-2_01711,ok,
park-2_01716,ok,
park-2_01721,ok,
park-2_01726,ok,
park-2_01731,ok,
park-2_01736,ok,
park-2_01741,ok,
park-2_01746,ok,
park-2_01751,ok,
park-2_01756,ok,
park-2_01761,ok,
park-2_01766,ok,
park-2_01771,ok,
park-2_01776,ok,
park-2_01781,ok,
park-2_01786,ok,
park-2_01791,ok,
park-2_01796,ok,
park-2_01801,ok,
park-2_01806,ok,
park-2_01811,ok,
park-2_01816,ok,
park-2_01821,ok,
park-2_01826,ok,
park-2_01831,ok,
park-2_01836,ok,
park-2_01841,ok,
park-2_01846,ok,
park-2_01851,ok,
park-2_01856,ok,
park-2_01861,ok,
park-2_01866,ok,
park-2_01871,ok,
park-2_01876,ok,
park-2_01881,ok,
park-2_01886,ok,
park-2_01891,ok,
park-2_01896,ok,
park-2_01901,ok,
park-2_01906,ok,
park-2_01911,ok,
park-2_01916,ok,
park-2_01921,ok,
park-2_01926,ok,
park-2_01931,ok,
park-2_01936,ok,
park-2_01941,ok,
park-2_01946,ok,
park-2_01951,ok,
park-2_01956,ok,
park-2_01961,ok,
park-2_01966,ok,
park-2_01971,ok,
park-2_01976,ok,
park-2_01981,ok,
park-2_01986,ok,
park-2_01991,ok,
park-2_01996,ok,
park-2_02001,ok,
park-2_02006,ok,
park-2_02011,ok,
park-2_02016,ok,
park-2_02021,ok,
park-2_02026,ok,
park-2_02031,ok,
park-2_02036,ok,
park-2_02041,ok,
park-2_02046,ok,
park-2_02051,ok,
park-2_02056,ok,
park-2_02061,ok,
park-2_02066,ok,
park-2_02071,ok,
park-2_02076,ok,
park-2_02081,ok,
park-2_02086,ok,
park-2_02091,ok,
park-2_02096,ok,
park-2_02101,ok,
park-2_02106,ok,
park-2_02111,ok,
park-2_02116,ok,
park-2_02121,ok,
park-2_02126,ok,
park-2_02131,ok,
park-2_02136,ok,
park-2_02141,ok,
park-2_02146,ok,
park-2_02151,ok,
park-2_02156,ok,
park-2_02161,ok,
park-2_02166,ok,
park-2_02171,ok,
park-2_02176,ok,
park-2_02181,ok,
park-2_02186,ok,
park-2_02191,ok,
park-2_02196,ok,
park-2_02201,ok,
park-2_02206,ok,
park-2_02211,ok,
park-2_02216,ok,
park-2_02221,ok,
park-2_02226,ok,
park-2_02231,ok,
park-2_02236,ok,
park-2_02241,ok,
park-2_02246,ok,
park-2_02251,ok,
park-2_02256,ok,
park-2_02261,ok,
park-2_02266,ok,
park-2_02271,ok,
park-2_02276,ok,
park-2_02281,ok,
park-2_02286,ok,
park-2_02291,ok,
park-2_02296,ok,
park-2_02301,ok,
park-2_02306,ok,
park-2_02311,ok,
park-2_02316,ok,
park-2_02321,ok,
park-2_02326,ok,
park-2_02331,ok,
park-2_02336,ok,
park-2_02341,ok,
park-2_02346,ok,
park-2_02351,ok,
park-2_02356,ok,
park-2_02361,ok,
park-2_02366,ok,
park-2_02371,ok,
park-2_02376,ok,
park-2_02381,ok,
park-2_02386,ok,
park-2_02391,ok,
park-2_02396,ok,
park-2_02401,ok,
park-2_02406,ok,
park-2_02411,ok,
park-2_02416,ok,
park-2_02421,ok,
park-2_02426,ok,
park-2_02431,ok,
park-2_02436,ok,
park-2_02441,ok,
park-2_02446,ok,
park-2_02451,ok,
park-2_02456,ok,
park-2_02461,ok,
park-2_02466,ok,
park-2_02471,ok,
park-2_02476,ok,
park-2_02481,ok,
park-2_02486,ok,
park-2_02491,ok,
park-2_02496,ok,
park-2_02501,ok,
park-2_02506,ok,
park-2_02511,ok,
park-2_02516,ok,
park-2_02521,ok,
park-2_02526,ok,
park-2_02531,ok,
park-2_02536,ok,
park-2_02541,ok,
park-2_02546,ok,
park-2_02551,ok,
park-2_02556,ok,
park-2_02561,ok,
park-2_02566,ok,
park-2_02571,ok,
park-2_02576,ok,
park-2_02581,ok,
park-2_02586,ok,
park-2_02591,ok,
park-2_02596,ok,
park-2_02601,ok,
park-2_02606,ok,
park-2_02611,ok,
park-2_02616,ok,
park-2_02621,ok,
park-2_02626,ok,
park-2_02631,ok,
park-2_02636,ok,
park-2_02641,ok,
park-2_02646,ok,
park-2_02651,ok,
park-2_02656,ok,
park-2_02661,ok,
park-2_02666,ok,
park-2_02671,ok,
park-2_02676,ok,
park-2_02681,ok,
park-2_02686,ok,
park-2_02691,ok,
park-2_02696,ok,
park-2_02701,ok,
park-2_02706,ok,
park-2_02711,ok,
park-2_02716,ok,
park-2_02721,ok,
park-2_02726,ok,
park-2_02731,ok,
park-2_02736,ok,
park-2_02741,ok,
park-2_02746,ok,
park-2_02751,ok,
park-2_02756,ok,
park-2_02761,ok,
park-2_02766,ok,
park-2_02771,ok,
park-2_02776,ok,
park-2_02781,ok,
park-2_02786,ok,
park-2_02791,ok,
park-2_02796,ok,
park-2_02801,ok,
park-2_02806,ok,
park-2_02811,ok,
park-2_02816,ok,
park-2_02821,ok,
park-2_02826,ok,
park-2_02831,ok,
park-2_02836,ok,
park-2_02841,ok,
park-2_02846,ok,
park-2_02851,ok,
park-2_02856,ok,
park-2_02861,ok,
park-2_02866,ok,
park-2_02871,ok,
park-2_02876,ok,
park-2_02881,ok,
park-2_02886,ok,
park-2_02891,ok,
park-2_02896,ok,
park-2_02901,ok,
park-2_02906,ok,
park-2_02911,ok,
park-2_02916,ok,
park-2_02921,ok,
park-2_02926,ok,
park-2_02931,ok,
park-2_02936,ok,
park-2_02941,ok,
park-2_02946,ok,
park-2_02951,ok,
park-2_02956,ok,
park-2_02961,ok,
park-2_02966,ok,
park-2_02971,ok,
park-2_02976,ok,
park-2_02981,ok,
park-2_02986,ok,
park-2_02991,ok,
park-2_02996,ok,
park-2_03001,ok,
park-2_03006,ok,
park-2_03011,ok,
park-2_03016,ok,
park-2_03021,ok,
park-2_03026,ok,
park-2_03031,ok,
park-2_03036,ok,
park-2_03041,ok,
park-2_03046,ok,
park-2_03051,ok,
park-2_03056,ok,
park-2_03061,ok,
park-2_03066,ok,
park-2_03071,ok,
park-2_03076,ok,
park-2_03081,ok,
park-2_03086,ok,
park-2_03091,ok,
park-2_03096,ok,
park-2_03101,ok,
park-2_03106,ok,
park-2_03111,ok,
park-2_03116,ok,
park-2_03121,ok,
park-2_03126,ok,
park-2_03131,ok,
park-2_03136,ok,
park-2_03141,ok,
park-2_03146,ok,
park-2_03151,ok,
park-2_03156,ok,
park-2_03161,ok,
park-2_03166,ok,
park-2_03171,ok,
park-2_03176,ok,
park-2_03181,ok,
park-2_03186,ok,
park-2_03191,ok,
park-2_03196,ok,
park-2_03201,ok,
park-2_03206,ok,
park-2_03211,ok,
park-2_03216,ok,
park-2_03221,ok,
park-2_03226,ok,
park-2_03231,ok,
park-2_03236,ok,
park-2_03241,ok,
park-2_03246,ok,
park-2_03251,ok,
park-2_03256,ok,
park-2_03261,ok,
park-2_03266,ok,
park-2_03271,ok,
park-2_03276,ok,
park-8_00001,ok,
park-8_00006,ok,
park-8_00011,ok,
park-8_00016,ok,
park-8_00021,ok,
park-8_00026,ok,
park-8_00031,ok,
park-8_00036,ok,
park-8_00041,ok,
park-8_00046,ok,
park-8_00051,ok,
park-8_00056,ok,
park-8_00061,ok,
park-8_00066,ok,
park-8_00071,ok,
park-8_00076,ok,
park-8_00081,ok,
park-8_00086,ok,
park-8_00091,ok,
park-8_00096,ok,
park-8_00101,ok,
park-8_00106,ok,
park-8_00111,ok,
park-8_00116,ok,
park-8_00121,ok,
park-8_00126,ok,
park-8_00131,ok,
park-8_00136,ok,
park-8_00141,ok,
park-8_00146,ok,
park-8_00151,ok,
park-8_00156,ok,
park-8_00161,ok,
park-8_00166,ok,
park-8_00171,ok,
park-8_00176,ok,
park-8_00181,ok,
park-8_00186,ok,
park-8_00191,ok,
park-8_00196,ok,
park-8_00201,ok,
park-8_00206,ok,
park-8_00211,ok,
park-8_00216,ok,
park-8_00221,ok,
park-8_00226,ok,
park-8_00231,ok,
park-8_00236,ok,
park-8_00241,ok,
park-8_00246,ok,
park-8_00251,ok,
park-8_00256,ok,
park-8_00261,ok,
park-8_00266,ok,
park-8_00271,ok,
park-8_00276,ok,
park-8_00281,ok,
park-8_00286,ok,
park-8_00291,ok,
park-8_00296,ok,
park-8_00301,ok,
park-8_00306,ok,
park-8_00311,ok,
park-8_00316,ok,
park-8_00321,ok,
park-8_00326,ok,
park-8_00331,ok,
park-8_00336,ok,
park-8_00341,ok,
park-8_00346,ok,
park-8_00351,ok,
park-8_00356,ok,
park-8_00361,ok,
park-8_00366,ok,
park-8_00371,ok,
park-8_00376,ok,
park-8_00381,ok,
park-8_00386,ok,
park-8_00391,ok,
park-8_00396,ok,
park-8_00401,ok,
park-8_00406,ok,
park-8_00411,ok,
park-8_00416,ok,
park-8_00421,ok,
park-8_00426,ok,
park-8_00431,ok,
park-8_00436,ok,
park-8_00441,ok,
park-8_00446,ok,
park-8_00451,ok,
park-8_00456,ok,
park-8_00461,ok,
park-8_00466,ok,
park-8_00471,ok,
park-8_00476,ok,
park-8_00481,ok,
park-8_00486,ok,
park-8_00491,ok,
park-8_00496,ok,
park-8_00501,ok,
park-8_00506,ok,
park-8_00511,ok,
park-8_00516,ok,
park-8_00521,ok,
park-8_00526,ok,
park-8_00531,ok,
park-8_00536,ok,
park-8_00541,ok,
park-8_00546,ok,
park-8_00551,ok,
park-8_00556,ok,
park-8_00561,ok,
park-8_00566,ok,
park-8_00571,ok,
park-8_00576,ok,
park-8_00581,ok,
park-8_00586,ok,
park-8_00591,ok,
park-8_00596,ok,
park-8_00601,ok,
park-8_00606,ok,
park-8_00611,ok,
park-8_00616,ok,
park-8_00621,ok,
park-8_00626,ok,
park-8_00631,ok,
park-8_00636,ok,
park-8_00641,ok,
park-8_00646,ok,
park-8_00651,ok,
park-8_00656,ok,
park-8_00661,ok,
park-8_00666,ok,
park-8_00671,ok,
park-8_00676,ok,
park-8_00681,ok,
park-8_00686,ok,
park-8_00691,ok,
park-8_00696,ok,
park-8_00701,ok,
park-8_00706,ok,
park-8_00711,ok,
park-8_00716,ok,
park-8_00721,ok,
park-8_00726,ok,
park-8_00731,ok,
park-8_00736,ok,
park-8_00741,ok,
park-8_00746,ok,
park-8_00751,ok,
park-8_00756,ok,
park-8_00761,ok,
park-8_00766,ok,
park-8_00771,ok,
park-8_00776,ok,
park-8_00781,ok,
park-8_00786,ok,
park-8_00791,ok,
park-8_00796,ok,
park-8_00801,ok,
park-8_00806,ok,
park-8_00811,ok,
park-8_00816,ok,
park-8_00821,ok,
park-8_00826,ok,
park-8_00831,ok,
park-8_00836,ok,
park-8_00841,ok,
park-8_00846,ok,
park-8_00851,ok,
park-8_00856,ok,
park-8_00861,ok,
park-8_00866,ok,
park-8_00871,ok,
park-8_00876,ok,
park-8_00881,ok,
park-8_00886,ok,
park-8_00891,ok,
park-8_00896,ok,
park-8_00901,ok,
park-8_00906,ok,
park-8_00911,ok,
park-8_00916,ok,
park-8_00921,ok,
park-8_00926,ok,
park-8_00931,ok,
park-8_00936,ok,
park-8_00941,ok,
park-8_00946,ok,
park-8_00951,ok,
park-8_00956,ok,
park-8_00961,ok,
park-8_00966,ok,
park-8_00971,ok,
park-8_00976,ok,
park-8_00981,ok,
park-8_00986,ok,
park-8_00991,ok,
park-8_00996,ok,
park-8_01001,ok,
park-8_01006,ok,
park-8_01011,ok,
park-8_01016,ok,
park-8_01021,ok,
park-8_01026,ok,
park-8_01031,ok,
park-8_01036,ok,
park-8_01041,ok,
park-8_01046,ok,
park-8_01051,ok,
park-8_01056,ok,
park-8_01061,ok,
park-8_01066,ok,
park-8_01071,ok,
park-8_01076,ok,
park-8_01081,ok,
park-8_01086,ok,
park-8_01091,ok,
park-8_01096,ok,
park-8_01101,ok,
park-8_01106,ok,
park-8_01111,ok,
park-8_01116,ok,
park-8_01121,ok,
park-8_01126,ok,
park-8_01131,ok,
park-8_01136,ok,
park-8_01141,ok,
park-8_01146,ok,
park-8_01151,ok,
park-8_01156,ok,
park-8_01161,ok,
park-8_01166,ok,
park-8_01171,ok,
park-8_01176,ok,
park-8_01181,ok,
park-8_01186,ok,
park-8_01191,ok,
park-8_01196,ok,
park-8_01201,ok,
park-8_01206,ok,
park-8_01211,ok,
park-8_01216,ok,
park-8_01221,ok,
park-8_01226,ok,
park-8_01231,ok,
park-8_01236,ok,
park-8_01241,ok,
park-8_01246,ok,
park-8_01251,ok,
park-8_01256,ok,
park-8_01261,ok,
park-8_01266,ok,
park-8_01271,ok,
park-8_01276,ok,
park-8_01281,ok,
park-8_01286,ok,
park-8_01291,ok,
park-8_01296,ok,
park-8_01301,ok,
park-8_01306,ok,
park-8_01311,ok,
park-8_01316,ok,
park-8_01321,ok,
park-8_01326,ok,
park-8_01331,ok,
park-8_01336,ok,
park-8_01341,ok,
park-8_01346,ok,
park-8_01351,ok,
park-8_01356,ok,
park-8_01361,ok,
park-8_01366,ok,
park-8_01371,ok,
park-8_01376,ok,
park-8_01381,ok,
park-8_01386,ok,
park-8_01391,ok,
park-8_01396,ok,
park-8_01401,ok,
park-8_01406,ok,
park-8_01411,ok,
park-8_01416,ok,
park-8_01421,ok,
park-8_01426,ok,
park-8_01431,ok,
park-8_01436,ok,
park-8_01441,ok,
park-8_01446,ok,
park-8_01451,ok,
park-8_01456,ok,
park-8_01461,ok,
park-8_01466,ok,
park-8_01471,ok,
park-8_01476,ok,
park-8_01481,ok,
park-8_01486,ok,
park-8_01491,ok,
park-8_01496,ok,
park-8_01501,ok,
park-8_01506,ok,
park-8_01511,ok,
park-8_01516,ok,
park-8_01521,ok,
park-8_01526,ok,
park-8_01531,ok,
park-8_01536,ok,
park-8_01541,ok,
park-8_01546,ok,
park-8_01551,ok,
park-8_01556,ok,
park-8_01561,ok,
park-8_01566,ok,
park-8_01571,ok,
park-8_01576,ok,
park-8_01581,ok,
park-8_01586,ok,
park-8_01591,ok,
park-8_01596,ok,
park-8_01601,ok,
park-8_01606,ok,
park-8_01611,ok,
park-8_01616,ok,
park-8_01621,ok,
park-8_01626,ok,
park-8_01631,ok,
park-8_01636,ok,
park-8_01641,ok,
park-8_01646,ok,
park-8_01651,ok,
park-8_01656,ok,
park-8_01661,ok,
park-8_01666,ok,
park-8_01671,ok,
park-8_01676,ok,
park-8_01681,ok,
park-8_01686,ok,
park-8_01691,ok,
park-8_01696,ok,
park-8_01701,ok,
park-8_01706,ok,
park-8_01711,ok,
park-8_01716,ok,
park-8_01721,ok,
park-8_01726,ok,
park-8_01731,ok,
park-8_01736,ok,
park-8_01741,ok,
park-8_01746,ok,
park-8_01751,ok,
park-8_01756,ok,
park-8_01761,ok,
park-8_01766,ok,
park-8_01771,ok,
park-8_01776,ok,
park-8_01781,ok,
trail-10_00001,ok,
trail-10_00006,ok,
trail-10_00011,ok,
trail-10_00016,ok,
trail-10_00021,ok,
trail-10_00026,ok,
trail-10_00031,ok,
trail-10_00036,ok,
trail-10_00041,ok,
trail-10_00046,ok,
trail-10_00051,ok,
trail-10_00056,ok,
trail-10_00061,ok,
trail-10_00066,ok,
trail-10_00071,ok,
trail-10_00076,ok,
trail-10_00081,ok,
trail-10_00086,ok,
trail-10_00091,ok,
trail-10_00096,ok,
trail-10_00101,ok,
trail-10_00106,ok,
trail-10_00111,ok,
trail-10_00116,ok,
trail-10_00121,ok,
trail-10_00126,ok,
trail-10_00131,ok,
trail-10_00136,ok,
trail-10_00141,ok,
trail-10_00146,ok,
trail-10_00151,ok,
trail-10_00156,ok,
trail-10_00161,ok,
trail-10_00166,ok,
trail-10_00171,ok,
trail-10_00176,ok,
trail-10_00181,ok,
trail-10_00186,ok,
trail-10_00191,ok,
trail-10_00196,ok,
trail-10_00201,ok,
trail-10_00206,ok,
trail-10_00211,ok,
trail-10_00216,ok,
trail-10_00221,ok,
trail-10_00226,ok,
trail-10_00231,ok,
trail-10_00236,ok,
trail-10_00241,ok,
trail-11_00001,ok,
trail-11_00006,ok,
trail-11_00011,ok,
trail-11_00016,ok,
trail-11_00021,ok,
trail-11_00026,ok,
trail-11_00031,ok,
trail-11_00036,ok,
trail-11_00041,ok,
trail-11_00046,ok,
trail-11_00051,ok,
trail-11_00056,ok,
trail-11_00061,ok,
trail-11_00066,ok,
trail-11_00071,ok,
trail-11_00076,ok,
trail-11_00081,ok,
trail-11_00086,ok,
trail-11_00091,ok,
trail-11_00096,ok,
trail-11_00101,ok,
trail-11_00106,ok,
trail-11_00111,ok,
trail-11_00116,ok,
trail-11_00121,ok,
trail-11_00126,ok,
trail-11_00131,ok,
trail-11_00136,ok,
trail-11_00141,ok,
trail-11_00146,ok,
trail-11_00151,ok,
trail-11_00156,ok,
trail-11_00161,ok,
trail-11_00166,ok,
trail-11_00171,ok,
trail-11_00176,ok,
trail-11_00181,ok,
trail-11_00186,ok,
trail-11_00191,ok,
trail-11_00196,ok,
trail-11_00201,ok,
trail-11_00206,ok,
trail-11_00211,ok,
trail-11_00216,ok,
trail-11_00221,ok,
trail-11_00226,ok,
trail-11_00231,ok,
trail-11_00236,ok,
trail-11_00241,ok,
trail-11_00246,ok,
trail-11_00251,ok,
trail-11_00256,ok,
trail-11_00261,ok,
trail-11_00266,ok,
trail-11_00271,ok,
trail-11_00276,ok,
trail-11_00281,ok,
trail-11_00286,ok,
trail-11_00291,ok,
trail-11_00296,ok,
trail-11_00301,ok,
trail-11_00306,ok,
trail-11_00311,ok,
trail-11_00316,ok,
trail-11_00321,ok,
trail-11_00326,ok,
trail-11_00331,ok,
trail-11_00336,ok,
trail-11_00341,ok,
trail-11_00346,ok,
trail-11_00351,ok,
trail-11_00356,ok,
trail-11_00361,ok,
trail-11_00366,ok,
trail-11_00371,ok,
trail-11_00376,ok,
trail-11_00381,ok,
trail-11_00386,ok,
trail-11_00391,ok,
trail-11_00396,ok,
trail-11_00401,ok,
trail-11_00406,ok,
trail-11_00411,ok,
trail-11_00416,ok,
trail-11_00421,ok,
trail-11_00426,ok,
trail-11_00431,ok,
trail-11_00436,ok,
trail-11_00441,ok,
trail-11_00446,ok,
trail-11_00451,ok,
trail-11_00456,ok,
trail-11_00461,ok,
trail-11_00466,ok,
trail-11_00471,ok,
trail-11_00476,ok,
trail-11_00481,ok,
trail-11_00486,ok,
trail-11_00491,ok,
trail-11_00496,ok,
trail-11_00501,ok,
trail-11_00506,ok,
trail-11_00511,ok,
trail-11_00516,ok,
trail-11_00521,ok,
trail-11_00526,ok,
trail-11_00531,ok,
trail-11_00536,ok,
trail-11_00541,ok,
trail-11_00546,ok,
trail-11_00551,ok,
trail-11_00556,ok,
trail-11_00561,ok,
trail-11_00566,ok,
trail-11_00571,ok,
trail-11_00576,ok,
trail-11_00581,ok,
trail-11_00586,ok,
trail-11_00591,ok,
trail-11_00596,ok,
trail-11_00601,ok,
trail-11_00606,ok,
trail-11_00611,ok,
trail-11_00616,ok,
trail-11_00621,ok,
trail-11_00626,ok,
trail-11_00631,ok,
trail-11_00636,ok,
trail-11_00641,ok,
trail-11_00646,ok,
trail-11_00651,ok,
trail-11_00656,ok,
trail-11_00661,ok,
trail-11_00666,ok,
trail-11_00671,ok,
trail-11_00676,ok,
trail-11_00681,ok,
trail-11_00686,ok,
trail-11_00691,ok,
trail-11_00696,ok,
trail-11_00701,ok,
trail-11_00706,ok,
trail-11_00711,ok,
trail-11_00716,ok,
trail-11_00721,ok,
trail-11_00726,ok,
trail-11_00731,ok,
trail-11_00736,ok,
trail-11_00741,ok,
trail-11_00746,ok,
trail-11_00751,ok,
trail-11_00756,ok,
trail-11_00761,ok,
trail-11_00766,ok,
trail-11_00771,ok,
trail-11_00776,ok,
trail-11_00781,ok,
trail-11_00786,ok,
trail-11_00791,ok,
trail-11_00796,ok,
trail-11_00801,ok,
trail-11_00806,ok,
trail-11_00811,ok,
trail-11_00816,ok,
trail-11_00821,ok,
trail-11_00826,ok,
trail-11_00831,ok,
trail-11_00836,ok,
trail-11_00841,ok,
trail-11_00846,ok,
trail-11_00851,ok,
trail-11_00856,ok,
trail-11_00861,ok,
trail-11_00866,ok,
trail-11_00871,ok,
trail-11_00876,ok,
trail-11_00881,ok,
trail-11_00886,ok,
trail-11_00891,ok,
trail-11_00896,ok,
trail-11_00901,ok,
trail-11_00906,ok,
trail-11_00911,ok,
trail-11_00916,ok,
trail-11_00921,ok,
trail-11_00926,ok,
trail-11_00931,ok,
trail-11_00936,ok,
trail-11_00941,ok,
trail-11_00946,ok,
trail-11_00951,ok,
trail-11_00956,ok,
trail-11_00961,ok,
trail-11_00966,ok,
trail-11_00971,ok,
trail-11_00976,ok,
trail-11_00981,ok,
trail-11_00986,ok,
trail-11_00991,ok,
trail-11_00996,ok,
trail-11_01001,ok,
trail-11_01006,ok,
trail-11_01011,ok,
trail-11_01016,ok,
trail-11_01021,ok,
trail-11_01026,ok,
trail-11_01031,ok,
trail-11_01036,ok,
trail-11_01041,ok,
trail-11_01046,ok,
trail-11_01051,ok,
trail-11_01056,ok,
trail-11_01061,ok,
trail-11_01066,ok,
trail-11_01071,ok,
trail-11_01076,ok,
trail-11_01081,ok,
trail-11_01086,ok,
trail-11_01091,ok,
trail-11_01096,ok,
trail-11_01101,ok,
trail-11_01106,ok,
trail-11_01111,ok,
trail-11_01116,ok,
trail-11_01121,ok,
trail-11_01126,ok,
trail-11_01131,ok,
trail-11_01136,ok,
trail-11_01141,ok,
trail-11_01146,ok,
trail-11_01151,ok,
trail-11_01156,ok,
trail-11_01161,ok,
trail-11_01166,ok,
trail-11_01171,ok,
trail-11_01176,ok,
trail-11_01181,ok,
trail-11_01186,ok,
trail-11_01191,ok,
trail-11_01196,ok,
trail-11_01201,ok,
trail-11_01206,ok,
trail-11_01211,ok,
trail-11_01216,ok,
trail-11_01221,ok,
trail-11_01226,ok,
trail-11_01231,ok,
trail-11_01236,ok,
trail-11_01241,ok,
trail-11_01246,ok,
trail-11_01251,ok,
trail-11_01256,ok,
trail-11_01261,ok,
trail-11_01266,ok,
trail-11_01271,ok,
trail-11_01276,ok,
trail-11_01281,ok,
trail-11_01286,ok,
trail-11_01291,ok,
trail-11_01296,ok,
trail-11_01301,ok,
trail-11_01306,ok,
trail-11_01311,ok,
trail-11_01316,ok,
trail-11_01321,ok,
trail-11_01326,ok,
trail-11_01331,ok,
trail-11_01336,ok,
trail-11_01341,ok,
trail-11_01346,ok,
trail-11_01351,ok,
trail-11_01356,ok,
trail-11_01361,ok,
trail-11_01366,ok,
trail-11_01371,ok,
trail-11_01376,ok,
trail-11_01381,ok,
trail-11_01386,ok,
trail-11_01391,ok,
trail-11_01396,ok,
trail-11_01401,ok,
trail-11_01406,ok,
trail-11_01411,ok,
trail-11_01416,ok,
trail-11_01421,ok,
trail-11_01426,ok,
trail-11_01431,ok,
trail-11_01436,ok,
trail-11_01441,ok,
trail-11_01446,ok,
trail-11_01451,ok,
trail-11_01456,ok,
trail-11_01461,ok,
trail-11_01466,ok,
trail-11_01471,ok,
trail-11_01476,ok,
trail-11_01481,ok,
trail-11_01486,ok,
trail-11_01491,ok,
trail-11_01496,ok,
trail-11_01501,ok,
trail-11_01506,ok,
trail-11_01511,ok,
trail-11_01516,ok,
trail-11_01521,ok,
trail-11_01526,ok,
trail-11_01531,ok,
trail-11_01536,ok,
trail-11_01541,ok,
trail-11_01546,ok,
trail-11_01551,ok,
trail-11_01556,ok,
trail-11_01561,ok,
trail-11_01566,ok,
trail-11_01571,ok,
trail-11_01576,ok,
trail-11_01581,ok,
trail-11_01586,ok,
trail-11_01591,ok,
trail-11_01596,ok,
trail-11_01601,ok,
trail-11_01606,ok,
trail-11_01611,ok,
trail-11_01616,ok,
trail-11_01621,ok,
trail-11_01626,ok,
trail-11_01631,ok,
trail-11_01636,ok,
trail-11_01641,ok,
trail-11_01646,ok,
trail-11_01651,ok,
trail-11_01656,ok,
trail-11_01661,ok,
trail-11_01666,ok,
trail-11_01671,ok,
trail-11_01676,ok,
trail-11_01681,ok,
trail-11_01686,ok,
trail-11_01691,ok,
trail-11_01696,ok,
trail-11_01701,ok,
trail-11_01706,ok,
trail-11_01711,ok,
trail-11_01716,ok,
trail-11_01721,ok,
trail-11_01726,ok,
trail-11_01731,ok,
trail-11_01736,ok,
trail-11_01741,ok,
trail-11_01746,ok,
trail-11_01751,ok,
trail-11_01756,ok,
trail-11_01761,ok,
trail-11_01766,ok,
trail-11_01771,ok,
trail-11_01776,ok,
trail-11_01781,ok,
trail-11_01786,ok,
trail-11_01791,ok,
trail-11_01796,ok,
trail-11_01801,ok,
trail-11_01806,ok,
trail-11_01811,ok,
trail-11_01816,ok,
trail-11_01821,ok,
trail-11_01826,ok,
trail-11_01831,ok,
trail-11_01836,ok,
trail-11_01841,ok,
trail-11_01846,ok,
trail-11_01851,ok,
trail-11_01856,ok,
trail-11_01861,ok,
trail-11_01866,ok,
trail-11_01871,ok,
trail-11_01876,ok,
trail-11_01881,ok,
trail-11_01886,ok,
trail-11_01891,ok,
trail-11_01896,ok,
trail-11_01901,ok,
trail-11_01906,ok,
trail-11_01911,ok,
trail-11_01916,ok,
trail-11_01921,ok,
trail-11_01926,ok,
trail-11_01931,ok,
trail-11_01936,ok,
trail-11_01941,ok,
trail-11_01946,ok,
trail-11_01951,ok,
trail-11_01956,ok,
trail-11_01961,ok,
trail-11_01966,ok,
trail-11_01971,ok,
trail-11_01976,ok,
trail-11_01981,ok,
trail-11_01986,ok,
trail-11_01991,ok,
trail-11_01996,ok,
trail-11_02001,ok,
trail-11_02006,ok,
trail-11_02011,ok,
trail-11_02016,ok,
trail-11_02021,ok,
trail-11_02026,ok,
trail-11_02031,ok,
trail-11_02036,ok,
trail-11_02041,ok,
trail-11_02046,ok,
trail-11_02051,ok,
trail-11_02056,ok,
trail-11_02061,ok,
trail-11_02066,ok,
trail-11_02071,ok,
trail-11_02076,ok,
trail-11_02081,ok,
trail-11_02086,ok,
trail-11_02091,ok,
trail-11_02096,ok,
trail-11_02101,ok,
trail-11_02106,ok,
trail-11_02111,ok,
trail-11_02116,ok,
trail-11_02121,ok,
trail-11_02126,ok,
trail-11_02131,ok,
trail-11_02136,ok,
trail-11_02141,ok,
trail-11_02146,ok,
trail-11_02151,ok,
trail-11_02156,ok,
trail-11_02161,ok,
trail-11_02166,ok,
trail-11_02171,ok,
trail-11_02176,ok,
trail-11_02181,ok,
trail-11_02186,ok,
trail-12_00001,ok,
trail-12_00006,ok,
trail-12_00011,ok,
trail-12_00016,ok,
trail-12_00021,ok,
trail-12_00026,ok,
trail-12_00031,ok,
trail-12_00036,ok,
trail-12_00041,ok,
trail-12_00046,ok,
trail-12_00051,ok,
trail-12_00056,ok,
trail-12_00061,ok,
trail-12_00066,ok,
trail-12_00071,ok,
trail-12_00076,ok,
trail-12_00081,ok,
trail-12_00086,ok,
trail-12_00091,ok,
trail-12_00096,ok,
trail-12_00101,ok,
trail-12_00106,ok,
trail-12_00111,ok,
trail-12_00116,ok,
trail-12_00121,ok,
trail-12_00126,ok,
trail-12_00131,ok,
trail-12_00136,ok,
trail-12_00141,ok,
trail-12_00146,ok,
trail-12_00151,ok,
trail-12_00156,ok,
trail-12_00161,ok,
trail-12_00166,ok,
trail-12_00171,ok,
trail-12_00176,ok,
trail-12_00181,ok,
trail-12_00186,ok,
trail-12_00191,ok,
trail-12_00196,ok,
trail-12_00201,ok,
trail-12_00206,ok,
trail-12_00211,ok,
trail-12_00216,ok,
trail-12_00221,ok,
trail-12_00226,ok,
trail-12_00231,ok,
trail-12_00236,ok,
trail-12_00241,ok,
trail-12_00246,ok,
trail-12_00251,ok,
trail-12_00256,ok,
trail-12_00261,ok,
trail-12_00266,ok,
trail-12_00271,ok,
trail-12_00276,ok,
trail-12_00281,ok,
trail-12_00286,ok,
trail-12_00291,ok,
trail-12_00296,ok,
trail-12_00301,ok,
trail-12_00306,ok,
trail-12_00311,ok,
trail-12_00316,ok,
trail-12_00321,ok,
trail-12_00326,ok,
trail-12_00331,ok,
trail-12_00336,ok,
trail-12_00341,ok,
trail-12_00346,ok,
trail-12_00351,ok,
trail-12_00356,ok,
trail-12_00361,ok,
trail-12_00366,ok,
trail-12_00371,ok,
trail-12_00376,ok,
trail-12_00381,ok,
trail-12_00386,ok,
trail-12_00391,ok,
trail-12_00396,ok,
trail-12_00401,ok,
trail-12_00406,ok,
trail-12_00411,ok,
trail-12_00416,ok,
trail-12_00421,ok,
trail-12_00426,ok,
trail-12_00431,ok,
trail-12_00436,ok,
trail-12_00441,ok,
trail-12_00446,ok,
trail-12_00451,ok,
trail-12_00456,ok,
trail-12_00461,ok,
trail-12_00466,ok,
trail-12_00471,ok,
trail-12_00476,ok,
trail-12_00481,ok,
trail-12_00486,ok,
trail-12_00491,ok,
trail-12_00496,ok,
trail-12_00501,ok,
trail-12_00506,ok,
trail-12_00511,ok,
trail-12_00516,ok,
trail-12_00521,ok,
trail-12_00526,ok,
trail-12_00531,ok,
trail-12_00536,ok,
trail-12_00541,ok,
trail-12_00546,ok,
trail-12_00551,ok,
trail-12_00556,ok,
trail-12_00561,ok,
trail-12_00566,ok,
trail-12_00571,ok,
trail-12_00576,ok,
trail-12_00581,ok,
trail-12_00586,ok,
trail-12_00591,ok,
trail-12_00596,ok,
trail-12_00601,ok,
trail-12_00606,ok,
trail-12_00611,ok,
trail-12_00616,ok,
trail-12_00621,ok,
trail-12_00626,ok,
trail-12_00631,ok,
trail-12_00636,ok,
trail-12_00641,ok,
trail-12_00646,ok,
trail-12_00651,ok,
trail-12_00656,ok,
trail-12_00661,ok,
trail-12_00666,ok,
trail-12_00671,ok,
trail-12_00676,ok,
trail-12_00681,ok,
trail-12_00686,ok,
trail-12_00691,ok,
trail-12_00696,ok,
trail-12_00701,ok,
trail-12_00706,ok,
trail-12_00711,ok,
trail-12_00716,ok,
trail-12_00721,ok,
trail-12_00726,ok,
trail-12_00731,ok,
trail-12_00736,ok,
trail-12_00741,ok,
trail-12_00746,ok,
trail-12_00751,ok,
trail-12_00756,ok,
trail-12_00761,ok,
trail-12_00766,ok,
trail-12_00771,ok,
trail-12_00776,ok,
trail-12_00781,ok,
trail-12_00786,ok,
trail-12_00791,ok,
trail-12_00796,ok,
trail-12_00801,ok,
trail-12_00806,ok,
trail-12_00811,ok,
trail-12_00816,ok,
trail-12_00821,ok,
trail-12_00826,ok,
trail-12_00831,ok,
trail-12_00836,ok,
trail-12_00841,ok,
trail-12_00846,ok,
trail-12_00851,ok,
trail-12_00856,ok,
trail-12_00861,ok,
trail-12_00866,ok,
trail-12_00871,ok,
trail-12_00876,ok,
trail-12_00881,ok,
trail-12_00886,ok,
trail-12_00891,ok,
trail-12_00896,ok,
trail-12_00901,ok,
trail-12_00906,ok,
trail-12_00911,ok,
trail-12_00916,ok,
trail-12_00921,ok,
trail-12_00926,ok,
trail-12_00931,ok,
trail-12_00936,ok,
trail-12_00941,ok,
trail-12_00946,ok,
trail-12_00951,ok,
trail-12_00956,ok,
trail-12_00961,ok,
trail-12_00966,ok,
trail-12_00971,ok,
trail-12_00976,ok,
trail-12_00981,ok,
trail-12_00986,ok,
trail-12_00991,ok,
trail-12_00996,ok,
trail-12_01001,ok,
trail-12_01006,ok,
trail-12_01011,ok,
trail-12_01016,ok,
trail-12_01021,ok,
trail-12_01026,ok,
trail-12_01031,ok,
trail-12_01036,ok,
trail-12_01041,ok,
trail-12_01046,ok,
trail-12_01051,ok,
trail-12_01056,ok,
trail-12_01061,ok,
trail-12_01066,ok,
trail-12_01071,ok,
trail-12_01076,ok,
trail-12_01081,ok,
trail-12_01086,ok,
trail-12_01091,ok,
trail-12_01096,ok,
trail-12_01101,ok,
trail-12_01106,ok,
trail-12_01111,ok,
trail-12_01116,ok,
trail-12_01121,ok,
trail-12_01126,ok,
trail-12_01131,ok,
trail-12_01136,ok,
trail-12_01141,ok,
trail-12_01146,ok,
trail-12_01151,ok,
trail-12_01156,ok,
trail-12_01161,ok,
trail-12_01166,ok,
trail-12_01171,ok,
trail-12_01176,ok,
trail-12_01181,ok,
trail-12_01186,ok,
trail-12_01191,ok,
trail-12_01196,ok,
trail-12_01201,ok,
trail-12_01206,ok,
trail-12_01211,ok,
trail-12_01216,ok,
trail-12_01221,ok,
trail-12_01226,ok,
trail-12_01231,ok,
trail-12_01236,ok,
trail-12_01241,ok,
trail-12_01246,ok,
trail-12_01251,ok,
trail-12_01256,ok,
trail-12_01261,ok,
trail-12_01266,ok,
trail-12_01271,ok,
trail-12_01276,ok,
trail-12_01281,ok,
trail-12_01286,ok,
trail-12_01291,ok,
trail-12_01296,ok,
trail-12_01301,ok,
trail-12_01306,ok,
trail-12_01311,ok,
trail-12_01316,ok,
trail-12_01321,ok,
trail-12_01326,ok,
trail-12_01331,ok,
trail-12_01336,ok,
trail-12_01341,ok,
trail-12_01346,ok,
trail-12_01351,ok,
trail-12_01356,ok,
trail-12_01361,ok,
trail-12_01366,ok,
trail-12_01371,ok,
trail-12_01376,ok,
trail-12_01381,ok,
trail-12_01386,ok,
trail-12_01391,ok,
trail-12_01396,ok,
trail-12_01401,ok,
trail-12_01406,ok,
trail-12_01411,ok,
trail-12_01416,ok,
trail-12_01421,ok,
trail-12_01426,ok,
trail-12_01431,ok,
trail-12_01436,ok,
trail-12_01441,ok,
trail-12_01446,ok,
trail-12_01451,ok,
trail-12_01456,ok,
trail-12_01461,ok,
trail-12_01466,ok,
trail-12_01471,ok,
trail-12_01476,ok,
trail-12_01481,ok,
trail-12_01486,ok,
trail-12_01491,ok,
trail-12_01496,ok,
trail-12_01501,ok,
trail-12_01506,ok,
trail-12_01511,ok,
trail-12_01516,ok,
trail-12_01521,ok,
trail-12_01526,ok,
trail-12_01531,ok,
trail-12_01536,ok,
trail-12_01541,ok,
trail-12_01546,ok,
trail-12_01551,ok,
trail-12_01556,ok,
trail-12_01561,ok,
trail-12_01566,ok,
trail-12_01571,ok,
trail-12_01576,ok,
trail-12_01581,ok,
trail-12_01586,ok,
trail-12_01591,ok,
trail-12_01596,ok,
trail-12_01601,ok,
trail-12_01606,ok,
trail-12_01611,ok,
trail-12_01616,ok,
trail-12_01621,ok,
trail-12_01626,ok,
trail-12_01631,ok,
trail-12_01636,ok,
trail-12_01641,ok,
trail-12_01646,ok,
trail-12_01651,ok,
trail-12_01656,ok,
trail-12_01661,ok,
trail-12_01666,ok,
trail-12_01671,ok,
trail-12_01676,ok,
trail-12_01681,ok,
trail-12_01686,ok,
trail-12_01691,ok,
trail-12_01696,ok,
trail-12_01701,ok,
trail-12_01706,ok,
trail-12_01711,ok,
trail-12_01716,ok,
trail-12_01721,ok,
trail-12_01726,ok,
trail-12_01731,ok,
trail-12_01736,ok,
trail-12_01741,ok,
trail-12_01746,ok,
trail-12_01751,ok,
trail-12_01756,ok,
trail-13_00001,ok,
trail-13_00006,ok,
trail-13_00011,ok,
trail-13_00016,ok,
trail-13_00021,ok,
trail-13_00026,ok,
trail-13_00031,ok,
trail-13_00036,ok,
trail-13_00041,ok,
trail-13_00046,ok,
trail-13_00051,ok,
trail-13_00056,ok,
trail-13_00061,ok,
trail-13_00066,ok,
trail-13_00071,ok,
trail-13_00076,ok,
trail-13_00081,ok,
trail-13_00086,ok,
trail-13_00091,ok,
trail-13_00096,ok,
trail-13_00101,ok,
trail-13_00106,ok,
trail-13_00111,ok,
trail-13_00116,ok,
trail-13_00121,ok,
trail-13_00126,ok,
trail-13_00131,ok,
trail-13_00136,ok,
trail-13_00141,ok,
trail-13_00146,ok,
trail-13_00151,ok,
trail-13_00156,ok,
trail-13_00161,ok,
trail-13_00166,ok,
trail-13_00171,ok,
trail-13_00176,ok,
trail-13_00181,ok,
trail-13_00186,ok,
trail-13_00191,ok,
trail-13_00196,ok,
trail-13_00201,ok,
trail-13_00206,ok,
trail-13_00211,ok,
trail-13_00216,ok,
trail-13_00221,ok,
trail-13_00226,ok,
trail-13_00231,ok,
trail-13_00236,ok,
trail-13_00241,ok,
trail-13_00246,ok,
trail-13_00251,ok,
trail-13_00256,ok,
trail-13_00261,ok,
trail-13_00266,ok,
trail-13_00271,ok,
trail-13_00276,ok,
trail-13_00281,ok,
trail-13_00286,ok,
trail-13_00291,ok,
trail-13_00296,ok,
trail-13_00301,ok,
trail-13_00306,ok,
trail-13_00311,ok,
trail-13_00316,ok,
trail-13_00321,ok,
trail-13_00326,ok,
trail-13_00331,ok,
trail-13_00336,ok,
trail-13_00341,ok,
trail-13_00346,ok,
trail-13_00351,ok,
trail-13_00356,ok,
trail-13_00361,ok,
trail-13_00366,ok,
trail-13_00371,ok,
trail-13_00376,ok,
trail-13_00381,ok,
trail-13_00386,ok,
trail-13_00391,ok,
trail-13_00396,ok,
trail-13_00401,ok,
trail-13_00406,ok,
trail-13_00411,ok,
trail-13_00416,ok,
trail-13_00421,ok,
trail-13_00426,ok,
trail-13_00431,ok,
trail-13_00436,ok,
trail-13_00441,ok,
trail-13_00446,ok,
trail-13_00451,ok,
trail-13_00456,ok,
trail-13_00461,ok,
trail-13_00466,ok,
trail-13_00471,ok,
trail-13_00476,ok,
trail-13_00481,ok,
trail-13_00486,ok,
trail-13_00491,ok,
trail-13_00496,ok,
trail-13_00501,ok,
trail-13_00506,ok,
trail-13_00511,ok,
trail-13_00516,ok,
trail-13_00521,ok,
trail-13_00526,ok,
trail-13_00531,ok,
trail-13_00536,ok,
trail-13_00541,ok,
trail-13_00546,ok,
trail-13_00551,ok,
trail-13_00556,ok,
trail-13_00561,ok,
trail-13_00566,ok,
trail-13_00571,ok,
trail-13_00576,ok,
trail-13_00581,ok,
trail-13_00586,ok,
trail-13_00591,ok,
trail-13_00596,ok,
trail-13_00601,ok,
trail-13_00606,ok,
trail-13_00611,ok,
trail-13_00616,ok,
trail-13_00621,ok,
trail-13_00626,ok,
trail-13_00631,ok,
trail-13_00636,ok,
trail-13_00641,ok,
trail-13_00646,ok,
trail-13_00651,ok,
trail-13_00656,ok,
trail-13_00661,ok,
trail-13_00666,ok,
trail-13_00671,ok,
trail-13_00676,ok,
trail-13_00681,ok,
trail-13_00686,ok,
trail-13_00691,ok,
trail-13_00696,ok,
trail-13_00701,ok,
trail-13_00706,ok,
trail-13_00711,ok,
trail-13_00716,ok,
trail-13_00721,ok,
trail-13_00726,ok,
trail-13_00731,ok,
trail-13_00736,ok,
trail-13_00741,ok,
trail-13_00746,ok,
trail-13_00751,ok,
trail-13_00756,ok,
trail-13_00761,ok,
trail-13_00766,ok,
trail-13_00771,ok,
trail-13_00776,ok,
trail-13_00781,ok,
trail-13_00786,ok,
trail-13_00791,ok,
trail-13_00796,ok,
trail-13_00801,ok,
trail-13_00806,ok,
trail-13_00811,ok,
trail-13_00816,ok,
trail-13_00821,ok,
trail-13_00826,ok,
trail-13_00831,ok,
trail-13_00836,ok,
trail-13_00841,ok,
trail-13_00846,ok,
trail-13_00851,ok,
trail-13_00856,ok,
trail-14_00001,ok,
trail-14_00006,ok,
trail-14_00011,ok,
trail-14_00016,ok,
trail-14_00021,ok,
trail-14_00026,ok,
trail-14_00031,ok,
trail-14_00036,ok,
trail-14_00041,ok,
trail-14_00046,ok,
trail-14_00051,ok,
trail-14_00056,ok,
trail-14_00061,ok,
trail-14_00066,ok,
trail-14_00071,ok,
trail-14_00076,ok,
trail-14_00081,ok,
trail-14_00086,ok,
trail-14_00091,ok,
trail-14_00096,ok,
trail-14_00101,ok,
trail-14_00106,ok,
trail-14_00111,ok,
trail-14_00116,ok,
trail-14_00121,ok,
trail-14_00126,ok,
trail-14_00131,ok,
trail-14_00136,ok,
trail-14_00141,ok,
trail-14_00146,ok,
trail-14_00151,ok,
trail-14_00156,ok,
trail-14_00161,ok,
trail-14_00166,ok,
trail-14_00171,ok,
trail-14_00176,ok,
trail-14_00181,ok,
trail-14_00186,ok,
trail-14_00191,ok,
trail-14_00196,ok,
trail-14_00201,ok,
trail-14_00206,ok,
trail-14_00211,ok,
trail-14_00216,ok,
trail-14_00221,ok,
trail-14_00226,ok,
trail-14_00231,ok,
trail-14_00236,ok,
trail-14_00241,ok,
trail-14_00246,ok,
trail-14_00251,ok,
trail-14_00256,ok,
trail-14_00261,ok,
trail-14_00266,ok,
trail-14_00271,ok,
trail-14_00276,ok,
trail-14_00281,ok,
trail-14_00286,ok,
trail-14_00291,ok,
trail-14_00296,ok,
trail-14_00301,ok,
trail-14_00306,ok,
trail-14_00311,ok,
trail-14_00316,ok,
trail-14_00321,ok,
trail-14_00326,ok,
trail-14_00331,ok,
trail-14_00336,ok,
trail-14_00341,ok,
trail-14_00346,ok,
trail-14_00351,ok,
trail-14_00356,ok,
trail-14_00361,ok,
trail-14_00366,ok,
trail-14_00371,ok,
trail-14_00376,ok,
trail-14_00381,ok,
trail-14_00386,ok,
trail-14_00391,ok,
trail-14_00396,ok,
trail-14_00401,ok,
trail-14_00406,ok,
trail-14_00411,ok,
trail-14_00416,ok,
trail-14_00421,ok,
trail-14_00426,ok,
trail-14_00431,ok,
trail-14_00436,ok,
trail-14_00441,ok,
trail-14_00446,ok,
trail-14_00451,ok,
trail-14_00456,ok,
trail-14_00461,ok,
trail-14_00466,ok,
trail-14_00471,ok,
trail-14_00476,ok,
trail-14_00481,ok,
trail-14_00486,ok,
trail-14_00491,ok,
trail-14_00496,ok,
trail-14_00501,ok,
trail-14_00506,ok,
trail-14_00511,ok,
trail-14_00516,ok,
trail-14_00521,ok,
trail-14_00526,ok,
trail-14_00531,ok,
trail-14_00536,ok,
trail-14_00541,ok,
trail-14_00546,ok,
trail-14_00551,ok,
trail-14_00556,ok,
trail-14_00561,ok,
trail-14_00566,ok,
trail-14_00571,ok,
trail-14_00576,ok,
trail-14_00581,ok,
trail-14_00586,ok,
trail-14_00591,ok,
trail-14_00596,ok,
trail-14_00601,ok,
trail-14_00606,ok,
trail-14_00611,ok,
trail-14_00616,ok,
trail-14_00621,ok,
trail-14_00626,ok,
trail-14_00631,ok,
trail-14_00636,ok,
trail-14_00641,ok,
trail-14_00646,ok,
trail-14_00651,ok,
trail-14_00656,ok,
trail-14_00661,ok,
trail-14_00666,ok,
trail-14_00671,ok,
trail-14_00676,ok,
trail-14_00681,ok,
trail-14_00686,ok,
trail-14_00691,ok,
trail-14_00696,ok,
trail-14_00701,ok,
trail-14_00706,ok,
trail-14_00711,ok,
trail-14_00716,ok,
trail-14_00721,ok,
trail-14_00726,ok,
trail-14_00731,ok,
trail-14_00736,ok,
trail-14_00741,ok,
trail-14_00746,ok,
trail-14_00751,ok,
trail-14_00756,ok,
trail-14_00761,ok,
trail-14_00766,ok,
trail-14_00771,ok,
trail-14_00776,ok,
trail-14_00781,ok,
trail-14_00786,ok,
trail-14_00791,ok,
trail-14_00796,ok,
trail-14_00801,ok,
trail-14_00806,ok,
trail-14_00811,ok,
trail-14_00816,ok,
trail-14_00821,ok,
trail-14_00826,ok,
trail-14_00831,ok,
trail-14_00836,ok,
trail-14_00841,ok,
trail-14_00846,ok,
trail-14_00851,ok,
trail-14_00856,ok,
trail-14_00861,ok,
trail-14_00866,ok,
trail-14_00871,ok,
trail-14_00876,ok,
trail-14_00881,ok,
trail-14_00886,ok,
trail-14_00891,ok,
trail-14_00896,ok,
trail-14_00901,ok,
trail-14_00906,ok,
trail-14_00911,ok,
trail-14_00916,ok,
trail-14_00921,ok,
trail-14_00926,ok,
trail-14_00931,ok,
trail-14_00936,ok,
trail-14_00941,ok,
trail-14_00946,ok,
trail-14_00951,ok,
trail-14_00956,ok,
trail-14_00961,ok,
trail-14_00966,ok,
trail-14_00971,ok,
trail-14_00976,ok,
trail-14_00981,ok,
trail-14_00986,ok,
trail-14_00991,ok,
trail-14_00996,ok,
trail-14_01001,ok,
trail-14_01006,ok,
trail-14_01011,ok,
trail-14_01016,ok,
trail-14_01021,ok,
trail-14_01026,ok,
trail-14_01031,ok,
trail-14_01036,ok,
trail-14_01041,ok,
trail-14_01046,ok,
trail-14_01051,ok,
trail-14_01056,ok,
trail-14_01061,ok,
trail-14_01066,ok,
trail-14_01071,ok,
trail-14_01076,ok,
trail-14_01081,ok,
trail-14_01086,ok,
trail-14_01091,ok,
trail-14_01096,ok,
trail-14_01101,ok,
trail-14_01106,ok,
trail-14_01111,ok,
trail-14_01116,ok,
trail-14_01121,ok,
trail-14_01126,ok,
trail-14_01131,ok,
trail-14_01136,ok,
trail-14_01141,ok,
trail-14_01146,ok,
trail-14_01151,ok,
trail-14_01156,ok,
trail-14_01161,ok,
trail-14_01166,ok,
trail-14_01171,ok,
trail-14_01176,ok,
trail-14_01181,ok,
trail-14_01186,ok,
trail-14_01191,ok,
trail-14_01196,ok,
trail-14_01201,ok,
trail-14_01206,ok,
trail-14_01211,ok,
trail-14_01216,ok,
trail-14_01221,ok,
trail-14_01226,ok,
trail-14_01231,ok,
trail-14_01236,ok,
trail-14_01241,ok,
trail-14_01246,ok,
trail-14_01251,ok,
trail-14_01256,ok,
trail-14_01261,ok,
trail-14_01266,ok,
trail-14_01271,ok,
trail-14_01276,ok,
trail-14_01281,ok,
trail-14_01286,ok,
trail-14_01291,ok,
trail-14_01296,ok,
trail-14_01301,ok,
trail-14_01306,ok,
trail-14_01311,ok,
trail-14_01316,ok,
trail-14_01321,ok,
trail-14_01326,ok,
trail-14_01331,ok,
trail-14_01336,ok,
trail-14_01341,ok,
trail-14_01346,ok,
trail-14_01351,ok,
trail-14_01356,ok,
trail-14_01361,ok,
trail-14_01366,ok,
trail-14_01371,ok,
trail-14_01376,ok,
trail-14_01381,ok,
trail-14_01386,ok,
trail-14_01391,ok,
trail-14_01396,ok,
trail-14_01401,ok,
trail-14_01406,ok,
trail-14_01411,ok,
trail-14_01416,ok,
trail-14_01421,ok,
trail-14_01426,ok,
trail-14_01431,ok,
trail-14_01436,ok,
trail-14_01441,ok,
trail-14_01446,ok,
trail-14_01451,ok,
trail-14_01456,ok,
trail-14_01461,ok,
trail-14_01466,ok,
trail-14_01471,ok,
trail-14_01476,ok,
trail-14_01481,ok,
trail-14_01486,ok,
trail-14_01491,ok,
trail-14_01496,ok,
trail-14_01501,ok,
trail-14_01506,ok,
trail-14_01511,ok,
trail-14_01516,ok,
trail-14_01521,ok,
trail-14_01526,ok,
trail-14_01531,ok,
trail-14_01536,ok,
trail-14_01541,ok,
trail-14_01546,ok,
trail-14_01551,ok,
trail-14_01556,ok,
trail-14_01561,ok,
trail-14_01566,ok,
trail-15_00001,ok,
trail-15_00006,ok,
trail-15_00011,ok,
trail-15_00016,ok,
trail-15_00021,ok,
trail-15_00026,ok,
trail-15_00031,ok,
trail-15_00036,ok,
trail-15_00041,ok,
trail-15_00046,ok,
trail-15_00051,ok,
trail-15_00056,ok,
trail-15_00061,ok,
trail-15_00066,ok,
trail-15_00071,ok,
trail-15_00076,ok,
trail-15_00081,ok,
trail-15_00086,ok,
trail-15_00091,ok,
trail-15_00096,ok,
trail-15_00101,ok,
trail-15_00106,ok,
trail-15_00111,ok,
trail-15_00116,ok,
trail-15_00121,ok,
trail-15_00126,ok,
trail-15_00131,ok,
trail-15_00136,ok,
trail-15_00141,ok,
trail-15_00146,ok,
trail-15_00151,ok,
trail-15_00156,ok,
trail-15_00161,ok,
trail-15_00166,ok,
trail-15_00171,ok,
trail-15_00176,ok,
trail-15_00181,ok,
trail-15_00186,ok,
trail-15_00191,ok,
trail-15_00196,ok,
trail-15_00201,ok,
trail-15_00206,ok,
trail-15_00211,ok,
trail-15_00216,ok,
trail-15_00221,ok,
trail-15_00226,ok,
trail-15_00231,ok,
trail-15_00236,ok,
trail-15_00241,ok,
trail-15_00246,ok,
trail-15_00251,ok,
trail-15_00256,ok,
trail-15_00261,ok,
trail-15_00266,ok,
trail-15_00271,ok,
trail-15_00276,ok,
trail-15_00281,ok,
trail-15_00286,ok,
trail-15_00291,ok,
trail-15_00296,ok,
trail-15_00301,ok,
trail-15_00306,ok,
trail-15_00311,ok,
trail-15_00316,ok,
trail-15_00321,ok,
trail-15_00326,ok,
trail-15_00331,ok,
trail-15_00336,ok,
trail-15_00341,ok,
trail-15_00346,ok,
trail-15_00351,ok,
trail-15_00356,ok,
trail-15_00361,ok,
trail-15_00366,ok,
trail-15_00371,ok,
trail-15_00376,ok,
trail-15_00381,ok,
trail-15_00386,ok,
trail-15_00391,ok,
trail-15_00396,ok,
trail-15_00401,ok,
trail-15_00406,ok,
trail-15_00411,ok,
trail-15_00416,ok,
trail-15_00421,ok,
trail-15_00426,ok,
trail-15_00431,ok,
trail-15_00436,ok,
trail-15_00441,ok,
trail-15_00446,ok,
trail-15_00451,ok,
trail-15_00456,ok,
trail-15_00461,ok,
trail-15_00466,ok,
trail-15_00471,ok,
trail-15_00476,ok,
trail-15_00481,ok,
trail-15_00486,ok,
trail-15_00491,ok,
trail-15_00496,ok,
trail-15_00501,ok,
trail-15_00506,ok,
trail-15_00511,ok,
trail-15_00516,ok,
trail-15_00521,ok,
trail-15_00526,ok,
trail-15_00531,ok,
trail-15_00536,ok,
trail-15_00541,ok,
trail-15_00546,ok,
trail-15_00551,ok,
trail-15_00556,ok,
trail-15_00561,ok,
trail-15_00566,ok,
trail-15_00571,ok,
trail-15_00576,ok,
trail-15_00581,ok,
trail-15_00586,ok,
trail-15_00591,ok,
trail-15_00596,ok,
trail-15_00601,ok,
trail-15_00606,ok,
trail-15_00611,ok,
trail-15_00616,ok,
trail-15_00621,ok,
trail-15_00626,ok,
trail-15_00631,ok,
trail-15_00636,ok,
trail-15_00641,ok,
trail-15_00646,ok,
trail-15_00651,ok,
trail-15_00656,ok,
trail-15_00661,ok,
trail-15_00666,ok,
trail-15_00671,ok,
trail-15_00676,ok,
trail-15_00681,ok,
trail-15_00686,ok,
trail-15_00691,ok,
trail-15_00696,ok,
trail-15_00701,ok,
trail-15_00706,ok,
trail-15_00711,ok,
trail-15_00716,ok,
trail-15_00721,ok,
trail-15_00726,ok,
trail-15_00731,ok,
trail-15_00736,ok,
trail-15_00741,ok,
trail-15_00746,ok,
trail-15_00751,ok,
trail-15_00756,ok,
trail-15_00761,ok,
trail-15_00766,ok,
trail-15_00771,ok,
trail-15_00776,ok,
trail-15_00781,ok,
trail-15_00786,ok,
trail-15_00791,ok,
trail-15_00796,ok,
trail-15_00801,ok,
trail-15_00806,ok,
trail-15_00811,ok,
trail-15_00816,ok,
trail-15_00821,ok,
trail-15_00826,ok,
trail-15_00831,ok,
trail-15_00836,ok,
trail-15_00841,ok,
trail-15_00846,ok,
trail-15_00851,ok,
trail-15_00856,ok,
trail-15_00861,ok,
trail-15_00866,ok,
trail-15_00871,ok,
trail-15_00876,ok,
trail-15_00881,ok,
trail-15_00886,ok,
trail-15_00891,ok,
trail-15_00896,ok,
trail-15_00901,ok,
trail-15_00906,ok,
trail-15_00911,ok,
trail-15_00916,ok,
trail-15_00921,ok,
trail-15_00926,ok,
trail-15_00931,ok,
trail-15_00936,ok,
trail-15_00941,ok,
trail-15_00946,ok,
trail-15_00951,ok,
trail-15_00956,ok,
trail-15_00961,ok,
trail-15_00966,ok,
trail-15_00971,ok,
trail-15_00976,ok,
trail-15_00981,ok,
trail-15_00986,ok,
trail-15_00991,ok,
trail-15_00996,ok,
trail-15_01001,ok,
trail-15_01006,ok,
trail-15_01011,ok,
trail-15_01016,ok,
trail-15_01021,ok,
trail-15_01026,ok,
trail-15_01031,ok,
trail-15_01036,ok,
trail-15_01041,ok,
trail-15_01046,ok,
trail-15_01051,ok,
trail-15_01056,ok,
trail-15_01061,ok,
trail-15_01066,ok,
trail-15_01071,ok,
trail-15_01076,ok,
trail-15_01081,ok,
trail-15_01086,ok,
trail-15_01091,ok,
trail-15_01096,ok,
trail-15_01101,ok,
trail-15_01106,ok,
trail-15_01111,ok,
trail-15_01116,ok,
trail-15_01121,ok,
trail-15_01126,ok,
trail-15_01131,ok,
trail-15_01136,ok,
trail-15_01141,ok,
trail-15_01146,ok,
trail-15_01151,ok,
trail-15_01156,ok,
trail-15_01161,ok,
trail-15_01166,ok,
trail-15_01171,ok,
trail-15_01176,ok,
trail-15_01181,ok,
trail-15_01186,ok,
trail-15_01191,ok,
trail-15_01196,ok,
trail-15_01201,ok,
trail-15_01206,ok,
trail-15_01211,ok,
trail-15_01216,ok,
trail-15_01221,ok,
trail-15_01226,ok,
trail-15_01231,ok,
trail-15_01236,ok,
trail-15_01241,ok,
trail-15_01246,ok,
trail-15_01251,ok,
trail-15_01256,ok,
trail-15_01261,ok,
trail-15_01266,ok,
trail-15_01271,ok,
trail-15_01276,ok,
trail-15_01281,ok,
trail-15_01286,ok,
trail-15_01291,ok,
trail-15_01296,ok,
trail-15_01301,ok,
trail-15_01306,ok,
trail-15_01311,ok,
trail-15_01316,ok,
trail-15_01321,ok,
trail-15_01326,ok,
trail-15_01331,ok,
trail-15_01336,ok,
trail-15_01341,ok,
trail-15_01346,ok,
trail-15_01351,ok,
trail-15_01356,ok,
trail-15_01361,ok,
trail-15_01366,ok,
trail-15_01371,ok,
trail-15_01376,ok,
trail-15_01381,ok,
trail-15_01386,ok,
trail-15_01391,ok,
trail-15_01396,ok,
trail-15_01401,ok,
trail-15_01406,ok,
trail-15_01411,ok,
trail-15_01416,ok,
trail-15_01421,ok,
trail-15_01426,ok,
trail-15_01431,ok,
trail-15_01436,ok,
trail-15_01441,ok,
trail-15_01446,ok,
trail-15_01451,ok,
trail-15_01456,ok,
trail-15_01461,ok,
trail-15_01466,ok,
trail-15_01471,ok,
trail-15_01476,ok,
trail-15_01481,ok,
trail-15_01486,ok,
trail-15_01491,ok,
trail-15_01496,ok,
trail-15_01501,ok,
trail-15_01506,ok,
trail-15_01511,ok,
trail-15_01516,ok,
trail-15_01521,ok,
trail-15_01526,ok,
trail-15_01531,ok,
trail-15_01536,ok,
trail-15_01541,ok,
trail-15_01546,ok,
trail-15_01551,ok,
trail-15_01556,ok,
trail-15_01561,ok,
trail-15_01566,ok,
trail-15_01571,ok,
trail-15_01576,ok,
trail-15_01581,ok,
trail-15_01586,ok,
trail-15_01591,ok,
trail-15_01596,ok,
trail-15_01601,ok,
trail-15_01606,ok,
trail-15_01611,ok,
trail-15_01616,ok,
trail-3_00001,ok,
trail-3_00006,ok,
trail-3_00011,ok,
trail-3_00016,ok,
trail-3_00021,ok,
trail-3_00026,ok,
trail-3_00031,ok,
trail-3_00036,ok,
trail-3_00041,ok,
trail-3_00046,ok,
trail-3_00051,ok,
trail-3_00056,ok,
trail-3_00061,ok,
trail-3_00066,ok,
trail-3_00071,ok,
trail-3_00076,ok,
trail-3_00081,ok,
trail-3_00086,ok,
trail-3_00091,ok,
trail-3_00096,ok,
trail-3_00101,ok,
trail-3_00106,ok,
trail-3_00111,ok,
trail-3_00116,ok,
trail-3_00121,ok,
trail-3_00126,ok,
trail-3_00131,ok,
trail-3_00136,ok,
trail-3_00141,ok,
trail-3_00146,ok,
trail-3_00151,ok,
trail-3_00156,ok,
trail-3_00161,ok,
trail-3_00166,ok,
trail-3_00171,ok,
trail-3_00176,ok,
trail-3_00181,ok,
trail-3_00186,ok,
trail-3_00191,ok,
trail-3_00196,ok,
trail-3_00201,ok,
trail-3_00206,ok,
trail-3_00211,ok,
trail-3_00216,ok,
trail-3_00221,ok,
trail-3_00226,ok,
trail-3_00231,ok,
trail-3_00236,ok,
trail-3_00241,ok,
trail-3_00246,ok,
trail-3_00251,ok,
trail-3_00256,ok,
trail-3_00261,ok,
trail-3_00266,ok,
trail-3_00271,ok,
trail-3_00276,ok,
trail-3_00281,ok,
trail-3_00286,ok,
trail-3_00291,ok,
trail-3_00296,ok,
trail-3_00301,ok,
trail-3_00306,ok,
trail-3_00311,ok,
trail-3_00316,ok,
trail-3_00321,ok,
trail-3_00326,ok,
trail-3_00331,ok,
trail-3_00336,ok,
trail-3_00341,ok,
trail-3_00346,ok,
trail-3_00351,ok,
trail-3_00356,ok,
trail-3_00361,ok,
trail-3_00366,ok,
trail-3_00371,ok,
trail-3_00376,ok,
trail-3_00381,ok,
trail-3_00386,ok,
trail-3_00391,ok,
trail-3_00396,ok,
trail-3_00401,ok,
trail-3_00406,ok,
trail-3_00411,ok,
trail-3_00416,ok,
trail-3_00421,ok,
trail-3_00426,ok,
trail-3_00431,ok,
trail-3_00436,ok,
trail-3_00441,ok,
trail-3_00446,ok,
trail-3_00451,ok,
trail-3_00456,ok,
trail-3_00461,ok,
trail-3_00466,ok,
trail-3_00471,ok,
trail-3_00476,ok,
trail-3_00481,ok,
trail-3_00486,ok,
trail-3_00491,ok,
trail-3_00496,ok,
trail-3_00501,ok,
trail-3_00506,ok,
trail-3_00511,ok,
trail-3_00516,ok,
trail-3_00521,ok,
trail-3_00526,ok,
trail-3_00531,ok,
trail-3_00536,ok,
trail-3_00541,ok,
trail-3_00546,ok,
trail-3_00551,ok,
trail-3_00556,ok,
trail-3_00561,ok,
trail-3_00566,ok,
trail-3_00571,ok,
trail-3_00576,ok,
trail-3_00581,ok,
trail-3_00586,ok,
trail-3_00591,ok,
trail-3_00596,ok,
trail-3_00601,ok,
trail-3_00606,ok,
trail-3_00611,ok,
trail-3_00616,ok,
trail-3_00621,ok,
trail-3_00626,ok,
trail-3_00631,ok,
trail-3_00636,ok,
trail-3_00641,ok,
trail-3_00646,ok,
trail-3_00651,ok,
trail-3_00656,ok,
trail-3_00661,ok,
trail-3_00666,ok,
trail-3_00671,ok,
trail-3_00676,ok,
trail-3_00681,ok,
trail-3_00686,ok,
trail-3_00691,ok,
trail-3_00696,ok,
trail-3_00701,ok,
trail-3_00706,ok,
trail-3_00711,ok,
trail-3_00716,ok,
trail-3_00721,ok,
trail-3_00726,ok,
trail-3_00731,ok,
trail-3_00736,ok,
trail-3_00741,ok,
trail-3_00746,ok,
trail-3_00751,ok,
trail-3_00756,ok,
trail-3_00761,ok,
trail-3_00766,ok,
trail-3_00771,ok,
trail-3_00776,ok,
trail-3_00781,ok,
trail-3_00786,ok,
trail-3_00791,ok,
trail-3_00796,ok,
trail-3_00801,ok,
trail-3_00806,ok,
trail-3_00811,ok,
trail-3_00816,ok,
trail-3_00821,ok,
trail-3_00826,ok,
trail-3_00831,ok,
trail-3_00836,ok,
trail-3_00841,ok,
trail-3_00846,ok,
trail-3_00851,ok,
trail-3_00856,ok,
trail-3_00861,ok,
trail-3_00866,ok,
trail-3_00871,ok,
trail-3_00876,ok,
trail-3_00881,ok,
trail-3_00886,ok,
trail-3_00891,ok,
trail-3_00896,ok,
trail-3_00901,ok,
trail-3_00906,ok,
trail-3_00911,ok,
trail-3_00916,ok,
trail-3_00921,ok,
trail-3_00926,ok,
trail-3_00931,ok,
trail-3_00936,ok,
trail-3_00941,ok,
trail-3_00946,ok,
trail-3_00951,ok,
trail-3_00956,ok,
trail-3_00961,ok,
trail-3_00966,ok,
trail-3_00971,ok,
trail-3_00976,ok,
trail-3_00981,ok,
trail-3_00986,ok,
trail-3_00991,ok,
trail-3_00996,ok,
trail-3_01001,ok,
trail-3_01006,ok,
trail-3_01011,ok,
trail-3_01016,ok,
trail-3_01021,ok,
trail-3_01026,ok,
trail-3_01031,ok,
trail-3_01036,ok,
trail-3_01041,ok,
trail-3_01046,ok,
trail-3_01051,ok,
trail-3_01056,ok,
trail-3_01061,ok,
trail-3_01066,ok,
trail-3_01071,ok,
trail-3_01076,ok,
trail-3_01081,ok,
trail-3_01086,ok,
trail-3_01091,ok,
trail-3_01096,ok,
trail-3_01101,ok,
trail-3_01106,ok,
trail-3_01111,ok,
trail-3_01116,ok,
trail-3_01121,ok,
trail-3_01126,ok,
trail-3_01131,ok,
trail-3_01136,ok,
trail-3_01141,ok,
trail-3_01146,ok,
trail-3_01151,ok,
trail-3_01156,ok,
trail-3_01161,ok,
trail-3_01166,ok,
trail-3_01171,ok,
trail-3_01176,ok,
trail-3_01181,ok,
trail-3_01186,ok,
trail-3_01191,ok,
trail-3_01196,ok,
trail-3_01201,ok,
trail-3_01206,ok,
trail-3_01211,ok,
trail-3_01216,ok,
trail-3_01221,ok,
trail-3_01226,ok,
trail-3_01231,ok,
trail-3_01236,ok,
trail-3_01241,ok,
trail-3_01246,ok,
trail-3_01251,ok,
trail-3_01256,ok,
trail-3_01261,ok,
trail-3_01266,ok,
trail-3_01271,ok,
trail-3_01276,ok,
trail-3_01281,ok,
trail-3_01286,ok,
trail-3_01291,ok,
trail-3_01296,ok,
trail-3_01301,ok,
trail-3_01306,ok,
trail-3_01311,ok,
trail-3_01316,ok,
trail-3_01321,ok,
trail-3_01326,ok,
trail-3_01331,ok,
trail-3_01336,ok,
trail-3_01341,ok,
trail-3_01346,ok,
trail-3_01351,ok,
trail-3_01356,ok,
trail-3_01361,ok,
trail-3_01366,ok,
trail-3_01371,ok,
trail-3_01376,ok,
trail-3_01381,ok,
trail-3_01386,ok,
trail-3_01391,ok,
trail-3_01396,ok,
trail-3_01401,ok,
trail-3_01406,ok,
trail-3_01411,ok,
trail-3_01416,ok,
trail-3_01421,ok,
trail-3_01426,ok,
trail-3_01431,ok,
trail-3_01436,ok,
trail-3_01441,ok,
trail-3_01446,ok,
trail-3_01451,ok,
trail-3_01456,ok,
trail-3_01461,ok,
trail-3_01466,ok,
trail-3_01471,ok,
trail-3_01476,ok,
trail-3_01481,ok,
trail-3_01486,ok,
trail-3_01491,ok,
trail-3_01496,ok,
trail-3_01501,ok,
trail-3_01506,ok,
trail-3_01511,ok,
trail-3_01516,ok,
trail-3_01521,ok,
trail-3_01526,ok,
trail-3_01531,ok,
trail-3_01536,ok,
trail-3_01541,ok,
trail-3_01546,ok,
trail-3_01551,ok,
trail-3_01556,ok,
trail-3_01561,ok,
trail-3_01566,ok,
trail-3_01571,ok,
trail-3_01576,ok,
trail-3_01581,ok,
trail-3_01586,ok,
trail-3_01591,ok,
trail-3_01596,ok,
trail-3_01601,ok,
trail-3_01606,ok,
trail-3_01611,ok,
trail-3_01616,ok,
trail-3_01621,ok,
trail-3_01626,ok,
trail-3_01631,ok,
trail-3_01636,ok,
trail-3_01641,ok,
trail-3_01646,ok,
trail-3_01651,ok,
trail-3_01656,ok,
trail-3_01661,ok,
trail-3_01666,ok,
trail-3_01671,ok,
trail-3_01676,ok,
trail-3_01681,ok,
trail-3_01686,ok,
trail-3_01691,ok,
trail-3_01696,ok,
trail-3_01701,ok,
trail-3_01706,ok,
trail-3_01711,ok,
trail-3_01716,ok,
trail-3_01721,ok,
trail-3_01726,ok,
trail-3_01731,ok,
trail-3_01736,ok,
trail-3_01741,ok,
trail-3_01746,ok,
trail-3_01751,ok,
trail-3_01756,ok,
trail-3_01761,ok,
trail-3_01766,ok,
trail-3_01771,ok,
trail-3_01776,ok,
trail-3_01781,ok,
trail-3_01786,ok,
trail-3_01791,ok,
trail-3_01796,ok,
trail-3_01801,ok,
trail-3_01806,ok,
trail-3_01811,ok,
trail-3_01816,ok,
trail-3_01821,ok,
trail-3_01826,ok,
trail-3_01831,ok,
trail-3_01836,ok,
trail-3_01841,ok,
trail-3_01846,ok,
trail-3_01851,ok,
trail-3_01856,ok,
trail-3_01861,ok,
trail-3_01866,ok,
trail-3_01871,ok,
trail-3_01876,ok,
trail-3_01881,ok,
trail-3_01886,ok,
trail-3_01891,ok,
trail-3_01896,ok,
trail-3_01901,ok,
trail-3_01906,ok,
trail-3_01911,ok,
trail-3_01916,ok,
trail-3_01921,ok,
trail-3_01926,ok,
trail-3_01931,ok,
trail-3_01936,ok,
trail-3_01941,ok,
trail-3_01946,ok,
trail-3_01951,ok,
trail-3_01956,ok,
trail-3_01961,ok,
trail-3_01966,ok,
trail-3_01971,ok,
trail-3_01976,ok,
trail-3_01981,ok,
trail-3_01986,ok,
trail-3_01991,ok,
trail-3_01996,ok,
trail-3_02001,ok,
trail-3_02006,ok,
trail-3_02011,ok,
trail-3_02016,ok,
trail-3_02021,ok,
trail-3_02026,ok,
trail-3_02031,ok,
trail-3_02036,ok,
trail-3_02041,ok,
trail-3_02046,ok,
trail-3_02051,ok,
trail-3_02056,ok,
trail-3_02061,ok,
trail-3_02066,ok,
trail-3_02071,ok,
trail-3_02076,ok,
trail-3_02081,ok,
trail-3_02086,ok,
trail-3_02091,ok,
trail-3_02096,ok,
trail-3_02101,ok,
trail-3_02106,ok,
trail-3_02111,ok,
trail-3_02116,ok,
trail-3_02121,ok,
trail-3_02126,ok,
trail-3_02131,ok,
trail-3_02136,ok,
trail-3_02141,ok,
trail-3_02146,ok,
trail-3_02151,ok,
trail-3_02156,ok,
trail-3_02161,ok,
trail-3_02166,ok,
trail-3_02171,ok,
trail-3_02176,ok,
trail-3_02181,ok,
trail-3_02186,ok,
trail-3_02191,ok,
trail-3_02196,ok,
trail-3_02201,ok,
trail-3_02206,ok,
trail-3_02211,ok,
trail-3_02216,ok,
trail-3_02221,ok,
trail-3_02226,ok,
trail-3_02231,ok,
trail-3_02236,ok,
trail-3_02241,ok,
trail-3_02246,ok,
trail-3_02251,ok,
trail-3_02256,ok,
trail-3_02261,ok,
trail-3_02266,ok,
trail-3_02271,ok,
trail-3_02276,ok,
trail-3_02281,ok,
trail-3_02286,ok,
trail-3_02291,ok,
trail-3_02296,ok,
trail-3_02301,ok,
trail-3_02306,ok,
trail-3_02311,ok,
trail-3_02316,ok,
trail-3_02321,ok,
trail-3_02326,ok,
trail-3_02331,ok,
trail-3_02336,ok,
trail-3_02341,ok,
trail-3_02346,ok,
trail-3_02351,ok,
trail-3_02356,ok,
trail-3_02361,ok,
trail-3_02366,ok,
trail-3_02371,ok,
trail-3_02376,ok,
trail-3_02381,ok,
trail-3_02386,ok,
trail-3_02391,ok,
trail-3_02396,ok,
trail-3_02401,ok,
trail-3_02406,ok,
trail-3_02411,ok,
trail-3_02416,ok,
trail-3_02421,ok,
trail-3_02426,ok,
trail-3_02431,ok,
trail-3_02436,ok,
trail-3_02441,ok,
trail-3_02446,ok,
trail-3_02451,ok,
trail-3_02456,ok,
trail-3_02461,ok,
trail-3_02466,ok,
trail-3_02471,ok,
trail-3_02476,ok,
trail-3_02481,ok,
trail-3_02486,ok,
trail-3_02491,ok,
trail-3_02496,ok,
trail-3_02501,ok,
trail-3_02506,ok,
trail-3_02511,ok,
trail-3_02516,ok,
trail-3_02521,ok,
trail-3_02526,ok,
trail-3_02531,ok,
trail-3_02536,ok,
trail-3_02541,ok,
trail-3_02546,ok,
trail-3_02551,ok,
trail-3_02556,ok,
trail-3_02561,ok,
trail-3_02566,ok,
trail-3_02571,ok,
trail-3_02576,ok,
trail-3_02581,ok,
trail-3_02586,ok,
trail-3_02591,ok,
trail-3_02596,ok,
trail-3_02601,ok,
trail-3_02606,ok,
trail-3_02611,ok,
trail-3_02616,ok,
trail-3_02621,ok,
trail-3_02626,ok,
trail-3_02631,ok,
trail-3_02636,ok,
trail-3_02641,ok,
trail-3_02646,ok,
trail-3_02651,ok,
trail-3_02656,ok,
trail-3_02661,ok,
trail-3_02666,ok,
trail-3_02671,ok,
trail-3_02676,ok,
trail-3_02681,ok,
trail-3_02686,ok,
trail-3_02691,ok,
trail-3_02696,ok,
trail-3_02701,ok,
trail-3_02706,ok,
trail-3_02711,ok,
trail-3_02716,ok,
trail-3_02721,ok,
trail-3_02726,ok,
trail-3_02731,ok,
trail-3_02736,ok,
trail-3_02741,ok,
trail-3_02746,ok,
trail-3_02751,ok,
trail-3_02756,ok,
trail-3_02761,ok,
trail-3_02766,ok,
trail-3_02771,ok,
trail-3_02776,ok,
trail-3_02781,ok,
trail-3_02786,ok,
trail-3_02791,ok,
trail-3_02796,ok,
trail-3_02801,ok,
trail-3_02806,ok,
trail-3_02811,ok,
trail-3_02816,ok,
trail-3_02821,ok,
trail-3_02826,ok,
trail-3_02831,ok,
trail-3_02836,ok,
trail-3_02841,ok,
trail-3_02846,ok,
trail-3_02851,ok,
trail-3_02856,ok,
trail-3_02861,ok,
trail-3_02866,ok,
trail-3_02871,ok,
trail-3_02876,ok,
trail-3_02881,ok,
trail-3_02886,ok,
trail-3_02891,ok,
trail-3_02896,ok,
trail-4_00001,ok,
trail-4_00006,ok,
trail-4_00011,ok,
trail-4_00016,ok,
trail-4_00021,ok,
trail-4_00026,ok,
trail-4_00031,ok,
trail-4_00036,ok,
trail-4_00041,ok,
trail-4_00046,ok,
trail-4_00051,ok,
trail-4_00056,ok,
trail-4_00061,ok,
trail-4_00066,ok,
trail-4_00071,ok,
trail-4_00076,ok,
trail-4_00081,ok,
trail-4_00086,ok,
trail-4_00091,ok,
trail-4_00096,ok,
trail-4_00101,ok,
trail-4_00106,ok,
trail-4_00111,ok,
trail-4_00116,ok,
trail-4_00121,ok,
trail-4_00126,ok,
trail-4_00131,ok,
trail-4_00136,ok,
trail-4_00141,ok,
trail-4_00146,ok,
trail-4_00151,ok,
trail-4_00156,ok,
trail-4_00161,ok,
trail-4_00166,ok,
trail-4_00171,ok,
trail-4_00176,ok,
trail-4_00181,ok,
trail-4_00186,ok,
trail-4_00191,ok,
trail-4_00196,ok,
trail-4_00201,ok,
trail-4_00206,ok,
trail-4_00211,ok,
trail-4_00216,ok,
trail-4_00221,ok,
trail-4_00226,ok,
trail-4_00231,ok,
trail-4_00236,ok,
trail-4_00241,ok,
trail-4_00246,ok,
trail-4_00251,ok,
trail-4_00256,ok,
trail-4_00261,ok,
trail-4_00266,ok,
trail-4_00271,ok,
trail-4_00276,ok,
trail-4_00281,ok,
trail-4_00286,ok,
trail-4_00291,ok,
trail-4_00296,ok,
trail-4_00301,ok,
trail-4_00306,ok,
trail-4_00311,ok,
trail-4_00316,ok,
trail-4_00321,ok,
trail-4_00326,ok,
trail-4_00331,ok,
trail-4_00336,ok,
trail-4_00341,ok,
trail-4_00346,ok,
trail-4_00351,ok,
trail-4_00356,ok,
trail-4_00361,ok,
trail-4_00366,ok,
trail-4_00371,ok,
trail-4_00376,ok,
trail-4_00381,ok,
trail-4_00386,ok,
trail-4_00391,ok,
trail-4_00396,ok,
trail-4_00401,ok,
trail-4_00406,ok,
trail-4_00411,ok,
trail-4_00416,ok,
trail-4_00421,ok,
trail-4_00426,ok,
trail-4_00431,ok,
trail-4_00436,ok,
trail-4_00441,ok,
trail-4_00446,ok,
trail-4_00451,ok,
trail-4_00456,ok,
trail-4_00461,ok,
trail-4_00466,ok,
trail-4_00471,ok,
trail-4_00476,ok,
trail-4_00481,ok,
trail-4_00486,ok,
trail-4_00491,ok,
trail-4_00496,ok,
trail-4_00501,ok,
trail-4_00506,ok,
trail-4_00511,ok,
trail-4_00516,ok,
trail-4_00521,ok,
trail-4_00526,ok,
trail-4_00531,ok,
trail-4_00536,ok,
trail-4_00541,ok,
trail-4_00546,ok,
trail-4_00551,ok,
trail-4_00556,ok,
trail-4_00561,ok,
trail-4_00566,ok,
trail-4_00571,ok,
trail-4_00576,ok,
trail-4_00581,ok,
trail-4_00586,ok,
trail-4_00591,ok,
trail-4_00596,ok,
trail-4_00601,ok,
trail-4_00606,ok,
trail-4_00611,ok,
trail-4_00616,ok,
trail-4_00621,ok,
trail-4_00626,ok,
trail-4_00631,ok,
trail-4_00636,ok,
trail-4_00641,ok,
trail-4_00646,ok,
trail-4_00651,ok,
trail-4_00656,ok,
trail-4_00661,ok,
trail-4_00666,ok,
trail-4_00671,ok,
trail-4_00676,ok,
trail-4_00681,ok,
trail-4_00686,ok,
trail-4_00691,ok,
trail-4_00696,ok,
trail-4_00701,ok,
trail-4_00706,ok,
trail-4_00711,ok,
trail-4_00716,ok,
trail-4_00721,ok,
trail-4_00726,ok,
trail-4_00731,ok,
trail-4_00736,ok,
trail-4_00741,ok,
trail-4_00746,ok,
trail-4_00751,ok,
trail-4_00756,ok,
trail-4_00761,ok,
trail-4_00766,ok,
trail-4_00771,ok,
trail-4_00776,ok,
trail-4_00781,ok,
trail-4_00786,ok,
trail-4_00791,ok,
trail-4_00796,ok,
trail-4_00801,ok,
trail-4_00806,ok,
trail-4_00811,ok,
trail-4_00816,ok,
trail-4_00821,ok,
trail-4_00826,ok,
trail-4_00831,ok,
trail-4_00836,ok,
trail-4_00841,ok,
trail-4_00846,ok,
trail-4_00851,ok,
trail-4_00856,ok,
trail-4_00861,ok,
trail-4_00866,ok,
trail-4_00871,ok,
trail-4_00876,ok,
trail-4_00881,ok,
trail-4_00886,ok,
trail-4_00891,ok,
trail-4_00896,ok,
trail-4_00901,ok,
trail-4_00906,ok,
trail-4_00911,ok,
trail-4_00916,ok,
trail-4_00921,ok,
trail-4_00926,ok,
trail-4_00931,ok,
trail-4_00936,ok,
trail-4_00941,ok,
trail-4_00946,ok,
trail-4_00951,ok,
trail-4_00956,ok,
trail-4_00961,ok,
trail-4_00966,ok,
trail-4_00971,ok,
trail-4_00976,ok,
trail-4_00981,ok,
trail-4_00986,ok,
trail-4_00991,ok,
trail-4_00996,ok,
trail-4_01001,ok,
trail-4_01006,ok,
trail-4_01011,ok,
trail-4_01016,ok,
trail-4_01021,ok,
trail-4_01026,ok,
trail-4_01031,ok,
trail-4_01036,ok,
trail-4_01041,ok,
trail-4_01046,ok,
trail-4_01051,ok,
trail-4_01056,ok,
trail-4_01061,ok,
trail-4_01066,ok,
trail-4_01071,ok,
trail-4_01076,ok,
trail-4_01081,ok,
trail-4_01086,ok,
trail-4_01091,ok,
trail-4_01096,ok,
trail-4_01101,ok,
trail-4_01106,ok,
trail-4_01111,ok,
trail-4_01116,ok,
trail-4_01121,ok,
trail-4_01126,ok,
trail-4_01131,ok,
trail-4_01136,ok,
trail-4_01141,ok,
trail-4_01146,ok,
trail-4_01151,ok,
trail-4_01156,ok,
trail-4_01161,ok,
trail-4_01166,ok,
trail-4_01171,ok,
trail-4_01176,ok,
trail-4_01181,ok,
trail-4_01186,ok,
trail-4_01191,ok,
trail-4_01196,ok,
trail-4_01201,ok,
trail-4_01206,ok,
trail-4_01211,ok,
trail-4_01216,ok,
trail-4_01221,ok,
trail-4_01226,ok,
trail-4_01231,ok,
trail-4_01236,ok,
trail-4_01241,ok,
trail-4_01246,ok,
trail-4_01251,ok,
trail-4_01256,ok,
trail-4_01261,ok,
trail-4_01266,ok,
trail-4_01271,ok,
trail-4_01276,ok,
trail-4_01281,ok,
trail-4_01286,ok,
trail-4_01291,ok,
trail-4_01296,ok,
trail-4_01301,ok,
trail-4_01306,ok,
trail-4_01311,ok,
trail-4_01316,ok,
trail-4_01321,ok,
trail-4_01326,ok,
trail-4_01331,ok,
trail-4_01336,ok,
trail-4_01341,ok,
trail-4_01346,ok,
trail-4_01351,ok,
trail-4_01356,ok,
trail-4_01361,ok,
trail-4_01366,ok,
trail-4_01371,ok,
trail-4_01376,ok,
trail-4_01381,ok,
trail-4_01386,ok,
trail-4_01391,ok,
trail-4_01396,ok,
trail-4_01401,ok,
trail-4_01406,ok,
trail-4_01411,ok,
trail-4_01416,ok,
trail-4_01421,ok,
trail-4_01426,ok,
trail-4_01431,ok,
trail-4_01436,ok,
trail-4_01441,ok,
trail-4_01446,ok,
trail-4_01451,ok,
trail-4_01456,ok,
trail-4_01461,ok,
trail-4_01466,ok,
trail-4_01471,ok,
trail-4_01476,ok,
trail-4_01481,ok,
trail-4_01486,ok,
trail-4_01491,ok,
trail-4_01496,ok,
trail-4_01501,ok,
trail-4_01506,ok,
trail-4_01511,ok,
trail-4_01516,ok,
trail-4_01521,ok,
trail-4_01526,ok,
trail-4_01531,ok,
trail-4_01536,ok,
trail-4_01541,ok,
trail-4_01546,ok,
trail-4_01551,ok,
trail-4_01556,ok,
trail-4_01561,ok,
trail-4_01566,ok,
trail-4_01571,ok,
trail-4_01576,ok,
trail-4_01581,ok,
trail-4_01586,ok,
trail-4_01591,ok,
trail-4_01596,ok,
trail-4_01601,ok,
trail-4_01606,ok,
trail-4_01611,ok,
trail-4_01616,ok,
trail-4_01621,ok,
trail-4_01626,ok,
trail-4_01631,ok,
trail-4_01636,ok,
trail-4_01641,ok,
trail-4_01646,ok,
trail-4_01651,ok,
trail-4_01656,ok,
trail-4_01661,ok,
trail-4_01666,ok,
trail-4_01671,ok,
trail-4_01676,ok,
trail-4_01681,ok,
trail-4_01686,ok,
trail-4_01691,ok,
trail-4_01696,ok,
trail-4_01701,ok,
trail-4_01706,ok,
trail-4_01711,ok,
trail-4_01716,ok,
trail-4_01721,ok,
trail-4_01726,ok,
trail-4_01731,ok,
trail-4_01736,ok,
trail-4_01741,ok,
trail-4_01746,ok,
trail-4_01751,ok,
trail-4_01756,ok,
trail-4_01761,ok,
trail-4_01766,ok,
trail-4_01771,ok,
trail-4_01776,ok,
trail-4_01781,ok,
trail-4_01786,ok,
trail-4_01791,ok,
trail-4_01796,ok,
trail-4_01801,ok,
trail-4_01806,ok,
trail-4_01811,ok,
trail-4_01816,ok,
trail-4_01821,ok,
trail-4_01826,ok,
trail-4_01831,ok,
trail-4_01836,ok,
trail-4_01841,ok,
trail-4_01846,ok,
trail-4_01851,ok,
trail-4_01856,ok,
trail-4_01861,ok,
trail-4_01866,ok,
trail-4_01871,ok,
trail-4_01876,ok,
trail-4_01881,ok,
trail-4_01886,ok,
trail-4_01891,ok,
trail-4_01896,ok,
trail-4_01901,ok,
trail-4_01906,ok,
trail-4_01911,ok,
trail-4_01916,ok,
trail-4_01921,ok,
trail-4_01926,ok,
trail-4_01931,ok,
trail-4_01936,ok,
trail-4_01941,ok,
trail-4_01946,ok,
trail-4_01951,ok,
trail-4_01956,ok,
trail-4_01961,ok,
trail-4_01966,ok,
trail-4_01971,ok,
trail-4_01976,ok,
trail-4_01981,ok,
trail-4_01986,ok,
trail-4_01991,ok,
trail-4_01996,ok,
trail-4_02001,ok,
trail-4_02006,ok,
trail-4_02011,ok,
trail-4_02016,ok,
trail-4_02021,ok,
trail-4_02026,ok,
trail-4_02031,ok,
trail-4_02036,ok,
trail-4_02041,ok,
trail-4_02046,ok,
trail-4_02051,ok,
trail-4_02056,ok,
trail-4_02061,ok,
trail-4_02066,ok,
trail-4_02071,ok,
trail-4_02076,ok,
trail-4_02081,ok,
trail-4_02086,ok,
trail-4_02091,ok,
trail-4_02096,ok,
trail-4_02101,ok,
trail-4_02106,ok,
trail-4_02111,ok,
trail-4_02116,ok,
trail-4_02121,ok,
trail-4_02126,ok,
trail-4_02131,ok,
trail-4_02136,ok,
trail-4_02141,ok,
trail-4_02146,ok,
trail-4_02151,ok,
trail-4_02156,ok,
trail-4_02161,ok,
trail-4_02166,ok,
trail-4_02171,ok,
trail-4_02176,ok,
trail-4_02181,ok,
trail-4_02186,ok,
trail-4_02191,ok,
trail-4_02196,ok,
trail-4_02201,ok,
trail-4_02206,ok,
trail-4_02211,ok,
trail-4_02216,ok,
trail-4_02221,ok,
trail-4_02226,ok,
trail-4_02231,ok,
trail-4_02236,ok,
trail-4_02241,ok,
trail-4_02246,ok,
trail-4_02251,ok,
trail-4_02256,ok,
trail-4_02261,ok,
trail-4_02266,ok,
trail-4_02271,ok,
trail-4_02276,ok,
trail-4_02281,ok,
trail-4_02286,ok,
trail-4_02291,ok,
trail-4_02296,ok,
trail-4_02301,ok,
trail-4_02306,ok,
trail-4_02311,ok,
trail-4_02316,ok,
trail-4_02321,ok,
trail-4_02326,ok,
trail-4_02331,ok,
trail-4_02336,ok,
trail-4_02341,ok,
trail-4_02346,ok,
trail-4_02351,ok,
trail-4_02356,ok,
trail-4_02361,ok,
trail-4_02366,ok,
trail-4_02371,ok,
trail-4_02376,ok,
trail-4_02381,ok,
trail-4_02386,ok,
trail-4_02391,ok,
trail-4_02396,ok,
trail-4_02401,ok,
trail-4_02406,ok,
trail-4_02411,ok,
trail-4_02416,ok,
trail-4_02421,ok,
trail-4_02426,ok,
trail-4_02431,ok,
trail-4_02436,ok,
trail-4_02441,ok,
trail-4_02446,ok,
trail-4_02451,ok,
trail-4_02456,ok,
trail-4_02461,ok,
trail-4_02466,ok,
trail-4_02471,ok,
trail-4_02476,ok,
trail-4_02481,ok,
trail-4_02486,ok,
trail-4_02491,ok,
trail-4_02496,ok,
trail-4_02501,ok,
trail-4_02506,ok,
trail-4_02511,ok,
trail-4_02516,ok,
trail-4_02521,ok,
trail-4_02526,ok,
trail-4_02531,ok,
trail-4_02536,ok,
trail-4_02541,ok,
trail-4_02546,ok,
trail-4_02551,ok,
trail-4_02556,ok,
trail-4_02561,ok,
trail-4_02566,ok,
trail-4_02571,ok,
trail-4_02576,ok,
trail-4_02581,ok,
trail-4_02586,ok,
trail-4_02591,ok,
trail-4_02596,ok,
trail-4_02601,ok,
trail-4_02606,ok,
trail-4_02611,ok,
trail-4_02616,ok,
trail-4_02621,ok,
trail-4_02626,ok,
trail-4_02631,ok,
trail-4_02636,ok,
trail-4_02641,ok,
trail-4_02646,ok,
trail-4_02651,ok,
trail-4_02656,ok,
trail-4_02661,ok,
trail-4_02666,ok,
trail-4_02671,ok,
trail-4_02676,ok,
trail-4_02681,ok,
trail-4_02686,ok,
trail-4_02691,ok,
trail-4_02696,ok,
trail-4_02701,ok,
trail-4_02706,ok,
trail-4_02711,ok,
trail-4_02716,ok,
trail-4_02721,ok,
trail-4_02726,ok,
trail-4_02731,ok,
trail-4_02736,ok,
trail-4_02741,ok,
trail-4_02746,ok,
trail-4_02751,ok,
trail-4_02756,ok,
trail-4_02761,ok,
trail-4_02766,ok,
trail-4_02771,ok,
trail-4_02776,ok,
trail-4_02781,ok,
trail-4_02786,ok,
trail-4_02791,ok,
trail-4_02796,ok,
trail-4_02801,ok,
trail-4_02806,ok,
trail-4_02811,ok,
trail-4_02816,ok,
trail-4_02821,ok,
trail-4_02826,ok,
trail-4_02831,ok,
trail-4_02836,ok,
trail-4_02841,ok,
trail-4_02846,ok,
trail-4_02851,ok,
trail-4_02856,ok,
trail-4_02861,ok,
trail-4_02866,ok,
trail-4_02871,ok,
trail-4_02876,ok,
trail-4_02881,ok,
trail-4_02886,ok,
trail-4_02891,ok,
trail-4_02896,ok,
trail-4_02901,ok,
trail-4_02906,ok,
trail-4_02911,ok,
trail-4_02916,ok,
trail-4_02921,ok,
trail-4_02926,ok,
trail-4_02931,ok,
trail-4_02936,ok,
trail-4_02941,ok,
trail-4_02946,ok,
trail-4_02951,ok,
trail-4_02956,ok,
trail-4_02961,ok,
trail-4_02966,ok,
trail-4_02971,ok,
trail-4_02976,ok,
trail-4_02981,ok,
trail-4_02986,ok,
trail-4_02991,ok,
trail-4_02996,ok,
trail-4_03001,ok,
trail-4_03006,ok,
trail-4_03011,ok,
trail-4_03016,ok,
trail-4_03021,ok,
trail-4_03026,ok,
trail-4_03031,ok,
trail-4_03036,ok,
trail-4_03041,ok,
trail-4_03046,ok,
trail-4_03051,ok,
trail-4_03056,ok,
trail-4_03061,ok,
trail-4_03066,ok,
trail-4_03071,ok,
trail-4_03076,ok,
trail-4_03081,ok,
trail-4_03086,ok,
trail-4_03091,ok,
trail-4_03096,ok,
trail-4_03101,ok,
trail-4_03106,ok,
trail-4_03111,ok,
trail-4_03116,ok,
trail-4_03121,ok,
trail-4_03126,ok,
trail-4_03131,ok,
trail-4_03136,ok,
trail-4_03141,ok,
trail-4_03146,ok,
trail-4_03151,ok,
trail-4_03156,ok,
trail-4_03161,ok,
trail-4_03166,ok,
trail-4_03171,ok,
trail-4_03176,ok,
trail-4_03181,ok,
trail-4_03186,ok,
trail-4_03191,ok,
trail-4_03196,ok,
trail-4_03201,ok,
trail-4_03206,ok,
trail-4_03211,ok,
trail-4_03216,ok,
trail-4_03221,ok,
trail-4_03226,ok,
trail-4_03231,ok,
trail-4_03236,ok,
trail-4_03241,ok,
trail-4_03246,ok,
trail-4_03251,ok,
trail-4_03256,ok,
trail-4_03261,ok,
trail-4_03266,ok,
trail-4_03271,ok,
trail-4_03276,ok,
trail-4_03281,ok,
trail-4_03286,ok,
trail-4_03291,ok,
trail-4_03296,ok,
trail-4_03301,ok,
trail-4_03306,ok,
trail-4_03311,ok,
trail-4_03316,ok,
trail-4_03321,ok,
trail-4_03326,ok,
trail-4_03331,ok,
trail-4_03336,ok,
trail-4_03341,ok,
trail-4_03346,ok,
trail-4_03351,ok,
trail-4_03356,ok,
trail-4_03361,ok,
trail-4_03366,ok,
trail-4_03371,ok,
trail-4_03376,ok,
trail-4_03381,ok,
trail-4_03386,ok,
trail-4_03391,ok,
trail-4_03396,ok,
trail-4_03401,ok,
trail-4_03406,ok,
trail-4_03411,ok,
trail-4_03416,ok,
trail-4_03421,ok,
trail-4_03426,ok,
trail-4_03431,ok,
trail-4_03436,ok,
trail-4_03441,ok,
trail-4_03446,ok,
trail-4_03451,ok,
trail-4_03456,ok,
trail-4_03461,ok,
trail-4_03466,ok,
trail-4_03471,ok,
trail-4_03476,ok,
trail-4_03481,ok,
trail-4_03486,ok,
trail-4_03491,ok,
trail-4_03496,ok,
trail-4_03501,ok,
trail-4_03506,ok,
trail-4_03511,ok,
trail-4_03516,ok,
trail-4_03521,ok,
trail-4_03526,ok,
trail-4_03531,ok,
trail-4_03536,ok,
trail-4_03541,ok,
trail-4_03546,ok,
trail-4_03551,ok,
trail-4_03556,ok,
trail-4_03561,ok,
trail-4_03566,ok,
trail-4_03571,ok,
trail-4_03576,ok,
trail-4_03581,ok,
trail-4_03586,ok,
trail-4_03591,ok,
trail-4_03596,ok,
trail-4_03601,ok,
trail-4_03606,ok,
trail-4_03611,ok,
trail-4_03616,ok,
trail-4_03621,ok,
trail-4_03626,ok,
trail-4_03631,ok,
trail-4_03636,ok,
trail-4_03641,ok,
trail-4_03646,ok,
trail-4_03651,ok,
trail-4_03656,ok,
trail-4_03661,ok,
trail-4_03666,ok,
trail-4_03671,ok,
trail-4_03676,ok,
trail-4_03681,ok,
trail-4_03686,ok,
trail-4_03691,ok,
trail-4_03696,ok,
trail-4_03701,ok,
trail-4_03706,ok,
trail-4_03711,ok,
trail-4_03716,ok,
trail-4_03721,ok,
trail-4_03726,ok,
trail-4_03731,ok,
trail-4_03736,ok,
trail-4_03741,ok,
trail-4_03746,ok,
trail-4_03751,ok,
trail-4_03756,ok,
trail-4_03761,ok,
trail-4_03766,ok,
trail-4_03771,ok,
trail-4_03776,ok,
trail-4_03781,ok,
trail-4_03786,ok,
trail-5_00001,ok,
trail-5_00006,ok,
trail-5_00011,ok,
trail-5_00016,ok,
trail-5_00021,ok,
trail-5_00026,ok,
trail-5_00031,ok,
trail-5_00036,ok,
trail-5_00041,ok,
trail-5_00046,ok,
trail-5_00051,ok,
trail-5_00056,ok,
trail-5_00061,ok,
trail-5_00066,ok,
trail-5_00071,ok,
trail-5_00076,ok,
trail-5_00081,ok,
trail-5_00086,ok,
trail-5_00091,ok,
trail-5_00096,ok,
trail-5_00101,ok,
trail-5_00106,ok,
trail-5_00111,ok,
trail-5_00116,ok,
trail-5_00121,ok,
trail-5_00126,ok,
trail-5_00131,ok,
trail-5_00136,ok,
trail-5_00141,ok,
trail-5_00146,ok,
trail-5_00151,ok,
trail-5_00156,ok,
trail-5_00161,ok,
trail-5_00166,ok,
trail-5_00171,ok,
trail-5_00176,ok,
trail-5_00181,ok,
trail-5_00186,ok,
trail-5_00191,ok,
trail-5_00196,ok,
trail-5_00201,ok,
trail-5_00206,ok,
trail-5_00211,ok,
trail-5_00216,ok,
trail-5_00221,ok,
trail-5_00226,ok,
trail-5_00231,ok,
trail-5_00236,ok,
trail-5_00241,ok,
trail-5_00246,ok,
trail-5_00251,ok,
trail-5_00256,ok,
trail-5_00261,ok,
trail-5_00266,ok,
trail-5_00271,ok,
trail-5_00276,ok,
trail-5_00281,ok,
trail-5_00286,ok,
trail-5_00291,ok,
trail-5_00296,ok,
trail-5_00301,ok,
trail-5_00306,ok,
trail-5_00311,ok,
trail-5_00316,ok,
trail-5_00321,ok,
trail-5_00326,ok,
trail-5_00331,ok,
trail-5_00336,ok,
trail-5_00341,ok,
trail-5_00346,ok,
trail-5_00351,ok,
trail-5_00356,ok,
trail-5_00361,ok,
trail-5_00366,ok,
trail-5_00371,ok,
trail-5_00376,ok,
trail-5_00381,ok,
trail-5_00386,ok,
trail-5_00391,ok,
trail-5_00396,ok,
trail-5_00401,ok,
trail-5_00406,ok,
trail-5_00411,ok,
trail-5_00416,ok,
trail-5_00421,ok,
trail-5_00426,ok,
trail-5_00431,ok,
trail-5_00436,ok,
trail-5_00441,ok,
trail-5_00446,ok,
trail-5_00451,ok,
trail-5_00456,ok,
trail-5_00461,ok,
trail-5_00466,ok,
trail-5_00471,ok,
trail-5_00476,ok,
trail-5_00481,ok,
trail-5_00486,ok,
trail-5_00491,ok,
trail-5_00496,ok,
trail-5_00501,ok,
trail-5_00506,ok,
trail-5_00511,ok,
trail-5_00516,ok,
trail-5_00521,ok,
trail-5_00526,ok,
trail-5_00531,ok,
trail-5_00536,ok,
trail-5_00541,ok,
trail-5_00546,ok,
trail-5_00551,ok,
trail-5_00556,ok,
trail-5_00561,ok,
trail-5_00566,ok,
trail-5_00571,ok,
trail-5_00576,ok,
trail-5_00581,ok,
trail-5_00586,ok,
trail-5_00591,ok,
trail-5_00596,ok,
trail-5_00601,ok,
trail-5_00606,ok,
trail-5_00611,ok,
trail-5_00616,ok,
trail-5_00621,ok,
trail-5_00626,ok,
trail-5_00631,ok,
trail-5_00636,ok,
trail-5_00641,ok,
trail-5_00646,ok,
trail-5_00651,ok,
trail-5_00656,ok,
trail-5_00661,ok,
trail-5_00666,ok,
trail-5_00671,ok,
trail-5_00676,ok,
trail-5_00681,ok,
trail-5_00686,ok,
trail-5_00691,ok,
trail-5_00696,ok,
trail-5_00701,ok,
trail-5_00706,ok,
trail-5_00711,ok,
trail-5_00716,ok,
trail-5_00721,ok,
trail-5_00726,ok,
trail-5_00731,ok,
trail-5_00736,ok,
trail-5_00741,ok,
trail-5_00746,ok,
trail-5_00751,ok,
trail-5_00756,ok,
trail-5_00761,ok,
trail-5_00766,ok,
trail-5_00771,ok,
trail-5_00776,ok,
trail-5_00781,ok,
trail-5_00786,ok,
trail-5_00791,ok,
trail-5_00796,ok,
trail-5_00801,ok,
trail-5_00806,ok,
trail-5_00811,ok,
trail-5_00816,ok,
trail-5_00821,ok,
trail-5_00826,ok,
trail-5_00831,ok,
trail-5_00836,ok,
trail-5_00841,ok,
trail-5_00846,ok,
trail-5_00851,ok,
trail-5_00856,ok,
trail-5_00861,ok,
trail-5_00866,ok,
trail-5_00871,ok,
trail-5_00876,ok,
trail-5_00881,ok,
trail-5_00886,ok,
trail-5_00891,ok,
trail-5_00896,ok,
trail-5_00901,ok,
trail-5_00906,ok,
trail-5_00911,ok,
trail-5_00916,ok,
trail-5_00921,ok,
trail-5_00926,ok,
trail-5_00931,ok,
trail-5_00936,ok,
trail-5_00941,ok,
trail-5_00946,ok,
trail-5_00951,ok,
trail-5_00956,ok,
trail-5_00961,ok,
trail-5_00966,ok,
trail-5_00971,ok,
trail-5_00976,ok,
trail-5_00981,ok,
trail-5_00986,ok,
trail-5_00991,ok,
trail-5_00996,ok,
trail-5_01001,ok,
trail-5_01006,ok,
trail-5_01011,ok,
trail-5_01016,ok,
trail-5_01021,ok,
trail-5_01026,ok,
trail-5_01031,ok,
trail-5_01036,ok,
trail-5_01041,ok,
trail-5_01046,ok,
trail-5_01051,ok,
trail-5_01056,ok,
trail-5_01061,ok,
trail-5_01066,ok,
trail-5_01071,ok,
trail-5_01076,ok,
trail-5_01081,ok,
trail-5_01086,ok,
trail-5_01091,ok,
trail-5_01096,ok,
trail-5_01101,ok,
trail-5_01106,ok,
trail-5_01111,ok,
trail-5_01116,ok,
trail-5_01121,ok,
trail-5_01126,ok,
trail-5_01131,ok,
trail-5_01136,ok,
trail-5_01141,ok,
trail-5_01146,ok,
trail-5_01151,ok,
trail-5_01156,ok,
trail-5_01161,ok,
trail-5_01166,ok,
trail-5_01171,ok,
trail-5_01176,ok,
trail-5_01181,ok,
trail-5_01186,ok,
trail-5_01191,ok,
trail-5_01196,ok,
trail-5_01201,ok,
trail-5_01206,ok,
trail-5_01211,ok,
trail-5_01216,ok,
trail-5_01221,ok,
trail-5_01226,ok,
trail-5_01231,ok,
trail-5_01236,ok,
trail-5_01241,ok,
trail-5_01246,ok,
trail-5_01251,ok,
trail-5_01256,ok,
trail-5_01261,ok,
trail-5_01266,ok,
trail-5_01271,ok,
trail-5_01276,ok,
trail-5_01281,ok,
trail-5_01286,ok,
trail-5_01291,ok,
trail-5_01296,ok,
trail-5_01301,ok,
trail-5_01306,ok,
trail-5_01311,ok,
trail-5_01316,ok,
trail-5_01321,ok,
trail-5_01326,ok,
trail-5_01331,ok,
trail-5_01336,ok,
trail-5_01341,ok,
trail-5_01346,ok,
trail-5_01351,ok,
trail-5_01356,ok,
trail-5_01361,ok,
trail-5_01366,ok,
trail-5_01371,ok,
trail-5_01376,ok,
trail-5_01381,ok,
trail-5_01386,ok,
trail-5_01391,ok,
trail-5_01396,ok,
trail-5_01401,ok,
trail-5_01406,ok,
trail-5_01411,ok,
trail-5_01416,ok,
trail-5_01421,ok,
trail-5_01426,ok,
trail-5_01431,ok,
trail-5_01436,ok,
trail-5_01441,ok,
trail-5_01446,ok,
trail-5_01451,ok,
trail-5_01456,ok,
trail-5_01461,ok,
trail-5_01466,ok,
trail-5_01471,ok,
trail-5_01476,ok,
trail-5_01481,ok,
trail-5_01486,ok,
trail-5_01491,ok,
trail-5_01496,ok,
trail-5_01501,ok,
trail-5_01506,ok,
trail-5_01511,ok,
trail-5_01516,ok,
trail-5_01521,ok,
trail-5_01526,ok,
trail-5_01531,ok,
trail-5_01536,ok,
trail-5_01541,ok,
trail-5_01546,ok,
trail-5_01551,ok,
trail-5_01556,ok,
trail-5_01561,ok,
trail-5_01566,ok,
trail-5_01571,ok,
trail-5_01576,ok,
trail-5_01581,ok,
trail-5_01586,ok,
trail-5_01591,ok,
trail-5_01596,ok,
trail-5_01601,ok,
trail-5_01606,ok,
trail-5_01611,ok,
trail-5_01616,ok,
trail-5_01621,ok,
trail-5_01626,ok,
trail-5_01631,ok,
trail-5_01636,ok,
trail-5_01641,ok,
trail-5_01646,ok,
trail-5_01651,ok,
trail-5_01656,ok,
trail-5_01661,ok,
trail-5_01666,ok,
trail-5_01671,ok,
trail-5_01676,ok,
trail-5_01681,ok,
trail-5_01686,ok,
trail-5_01691,ok,
trail-5_01696,ok,
trail-5_01701,ok,
trail-5_01706,ok,
trail-5_01711,ok,
trail-5_01716,ok,
trail-5_01721,ok,
trail-5_01726,ok,
trail-5_01731,ok,
trail-5_01736,ok,
trail-5_01741,ok,
trail-5_01746,ok,
trail-5_01751,ok,
trail-5_01756,ok,
trail-5_01761,ok,
trail-5_01766,ok,
trail-5_01771,ok,
trail-5_01776,ok,
trail-5_01781,ok,
trail-5_01786,ok,
trail-5_01791,ok,
trail-5_01796,ok,
trail-5_01801,ok,
trail-5_01806,ok,
trail-5_01811,ok,
trail-5_01816,ok,
trail-5_01821,ok,
trail-5_01826,ok,
trail-5_01831,ok,
trail-5_01836,ok,
trail-5_01841,ok,
trail-5_01846,ok,
trail-5_01851,ok,
trail-5_01856,ok,
trail-5_01861,ok,
trail-5_01866,ok,
trail-5_01871,ok,
trail-5_01876,ok,
trail-6_00001,ok,
trail-6_00006,ok,
trail-6_00011,ok,
trail-6_00016,ok,
trail-6_00021,ok,
trail-6_00026,ok,
trail-6_00031,ok,
trail-6_00036,ok,
trail-6_00041,ok,
trail-6_00046,ok,
trail-6_00051,ok,
trail-6_00056,ok,
trail-6_00061,ok,
trail-6_00066,ok,
trail-6_00071,ok,
trail-6_00076,ok,
trail-6_00081,ok,
trail-6_00086,ok,
trail-6_00091,ok,
trail-6_00096,ok,
trail-6_00101,ok,
trail-6_00106,ok,
trail-6_00111,ok,
trail-6_00116,ok,
trail-6_00121,ok,
trail-6_00126,ok,
trail-6_00131,ok,
trail-6_00136,ok,
trail-6_00141,ok,
trail-6_00146,ok,
trail-6_00151,ok,
trail-6_00156,ok,
trail-6_00161,ok,
trail-6_00166,ok,
trail-6_00171,ok,
trail-6_00176,ok,
trail-6_00181,ok,
trail-6_00186,ok,
trail-6_00191,ok,
trail-6_00196,ok,
trail-6_00201,ok,
trail-6_00206,ok,
trail-6_00211,ok,
trail-6_00216,ok,
trail-6_00221,ok,
trail-6_00226,ok,
trail-6_00231,ok,
trail-6_00236,ok,
trail-6_00241,ok,
trail-6_00246,ok,
trail-6_00251,ok,
trail-6_00256,ok,
trail-6_00261,ok,
trail-6_00266,ok,
trail-6_00271,ok,
trail-6_00276,ok,
trail-6_00281,ok,
trail-6_00286,ok,
trail-6_00291,ok,
trail-6_00296,ok,
trail-6_00301,ok,
trail-6_00306,ok,
trail-6_00311,ok,
trail-6_00316,ok,
trail-6_00321,ok,
trail-6_00326,ok,
trail-6_00331,ok,
trail-6_00336,ok,
trail-6_00341,ok,
trail-6_00346,ok,
trail-6_00351,ok,
trail-6_00356,ok,
trail-6_00361,ok,
trail-6_00366,ok,
trail-6_00371,ok,
trail-6_00376,ok,
trail-6_00381,ok,
trail-6_00386,ok,
trail-6_00391,ok,
trail-6_00396,ok,
trail-6_00401,ok,
trail-6_00406,ok,
trail-6_00411,ok,
trail-6_00416,ok,
trail-6_00421,ok,
trail-6_00426,ok,
trail-6_00431,ok,
trail-6_00436,ok,
trail-6_00441,ok,
trail-6_00446,ok,
trail-6_00451,ok,
trail-6_00456,ok,
trail-6_00461,ok,
trail-6_00466,ok,
trail-6_00471,ok,
trail-6_00476,ok,
trail-6_00481,ok,
trail-6_00486,ok,
trail-6_00491,ok,
trail-6_00496,ok,
trail-6_00501,ok,
trail-6_00506,ok,
trail-6_00511,ok,
trail-6_00516,ok,
trail-6_00521,ok,
trail-6_00526,ok,
trail-6_00531,ok,
trail-6_00536,ok,
trail-6_00541,ok,
trail-6_00546,ok,
trail-6_00551,ok,
trail-6_00556,ok,
trail-6_00561,ok,
trail-6_00566,ok,
trail-6_00571,ok,
trail-6_00576,ok,
trail-6_00581,ok,
trail-6_00586,ok,
trail-6_00591,ok,
trail-6_00596,ok,
trail-6_00601,ok,
trail-6_00606,ok,
trail-6_00611,ok,
trail-6_00616,ok,
trail-6_00621,ok,
trail-6_00626,ok,
trail-6_00631,ok,
trail-6_00636,ok,
trail-6_00641,ok,
trail-6_00646,ok,
trail-6_00651,ok,
trail-6_00656,ok,
trail-6_00661,ok,
trail-6_00666,ok,
trail-6_00671,ok,
trail-6_00676,ok,
trail-6_00681,ok,
trail-6_00686,ok,
trail-6_00691,ok,
trail-6_00696,ok,
trail-6_00701,ok,
trail-6_00706,ok,
trail-6_00711,ok,
trail-6_00716,ok,
trail-6_00721,ok,
trail-6_00726,ok,
trail-6_00731,ok,
trail-6_00736,ok,
trail-6_00741,ok,
trail-6_00746,ok,
trail-6_00751,ok,
trail-6_00756,ok,
trail-6_00761,ok,
trail-6_00766,ok,
trail-6_00771,ok,
trail-6_00776,ok,
trail-6_00781,ok,
trail-6_00786,ok,
trail-6_00791,ok,
trail-6_00796,ok,
trail-6_00801,ok,
trail-6_00806,ok,
trail-6_00811,ok,
trail-6_00816,ok,
trail-6_00821,ok,
trail-6_00826,ok,
trail-6_00831,ok,
trail-6_00836,ok,
trail-6_00841,ok,
trail-6_00846,ok,
trail-6_00851,ok,
trail-6_00856,ok,
trail-6_00861,ok,
trail-6_00866,ok,
trail-6_00871,ok,
trail-6_00876,ok,
trail-6_00881,ok,
trail-6_00886,ok,
trail-6_00891,ok,
trail-6_00896,ok,
trail-6_00901,ok,
trail-6_00906,ok,
trail-6_00911,ok,
trail-6_00916,ok,
trail-6_00921,ok,
trail-6_00926,ok,
trail-6_00931,ok,
trail-6_00936,ok,
trail-6_00941,ok,
trail-6_00946,ok,
trail-6_00951,ok,
trail-6_00956,ok,
trail-6_00961,ok,
trail-6_00966,ok,
trail-6_00971,ok,
trail-6_00976,ok,
trail-6_00981,ok,
trail-6_00986,ok,
trail-6_00991,ok,
trail-6_00996,ok,
trail-6_01001,ok,
trail-6_01006,ok,
trail-6_01011,ok,
trail-6_01016,ok,
trail-6_01021,ok,
trail-6_01026,ok,
trail-6_01031,ok,
trail-6_01036,ok,
trail-6_01041,ok,
trail-6_01046,ok,
trail-6_01051,ok,
trail-6_01056,ok,
trail-6_01061,ok,
trail-6_01066,ok,
trail-6_01071,ok,
trail-6_01076,ok,
trail-6_01081,ok,
trail-6_01086,ok,
trail-6_01091,ok,
trail-6_01096,ok,
trail-6_01101,ok,
trail-6_01106,ok,
trail-6_01111,ok,
trail-6_01116,ok,
trail-6_01121,ok,
trail-6_01126,ok,
trail-6_01131,ok,
trail-6_01136,ok,
trail-6_01141,ok,
trail-6_01146,ok,
trail-6_01151,ok,
trail-6_01156,ok,
trail-6_01161,ok,
trail-6_01166,ok,
trail-6_01171,ok,
trail-6_01176,ok,
trail-6_01181,ok,
trail-6_01186,ok,
trail-6_01191,ok,
trail-6_01196,ok,
trail-6_01201,ok,
trail-6_01206,ok,
trail-6_01211,ok,
trail-6_01216,ok,
trail-6_01221,ok,
trail-6_01226,ok,
trail-6_01231,ok,
trail-6_01236,ok,
trail-6_01241,ok,
trail-6_01246,ok,
trail-6_01251,ok,
trail-6_01256,ok,
trail-6_01261,ok,
trail-6_01266,ok,
trail-6_01271,ok,
trail-6_01276,ok,
trail-6_01281,ok,
trail-6_01286,ok,
trail-6_01291,ok,
trail-6_01296,ok,
trail-6_01301,ok,
trail-6_01306,ok,
trail-6_01311,ok,
trail-6_01316,ok,
trail-6_01321,ok,
trail-6_01326,ok,
trail-6_01331,ok,
trail-6_01336,ok,
trail-6_01341,ok,
trail-6_01346,ok,
trail-6_01351,ok,
trail-6_01356,ok,
trail-6_01361,ok,
trail-6_01366,ok,
trail-6_01371,ok,
trail-6_01376,ok,
trail-6_01381,ok,
trail-6_01386,ok,
trail-6_01391,ok,
trail-6_01396,ok,
trail-6_01401,ok,
trail-6_01406,ok,
trail-6_01411,ok,
trail-6_01416,ok,
trail-6_01421,ok,
trail-6_01426,ok,
trail-6_01431,ok,
trail-6_01436,ok,
trail-6_01441,ok,
trail-6_01446,ok,
trail-6_01451,ok,
trail-6_01456,ok,
trail-6_01461,ok,
trail-6_01466,ok,
trail-6_01471,ok,
trail-6_01476,ok,
trail-6_01481,ok,
trail-6_01486,ok,
trail-6_01491,ok,
trail-6_01496,ok,
trail-6_01501,ok,
trail-6_01506,ok,
trail-6_01511,ok,
trail-6_01516,ok,
trail-6_01521,ok,
trail-6_01526,ok,
trail-6_01531,ok,
trail-6_01536,ok,
trail-6_01541,ok,
trail-6_01546,ok,
trail-6_01551,ok,
trail-6_01556,ok,
trail-6_01561,ok,
trail-6_01566,ok,
trail-6_01571,ok,
trail-6_01576,ok,
trail-6_01581,ok,
trail-6_01586,ok,
trail-6_01591,ok,
trail-6_01596,ok,
trail-6_01601,ok,
trail-6_01606,ok,
trail-6_01611,ok,
trail-6_01616,ok,
trail-6_01621,ok,
trail-6_01626,ok,
trail-6_01631,ok,
trail-6_01636,ok,
trail-6_01641,ok,
trail-6_01646,ok,
trail-6_01651,ok,
trail-6_01656,ok,
trail-6_01661,ok,
trail-6_01666,ok,
trail-6_01671,ok,
trail-6_01676,ok,
trail-6_01681,ok,
trail-6_01686,ok,
trail-6_01691,ok,
trail-6_01696,ok,
trail-6_01701,ok,
trail-6_01706,ok,
trail-6_01711,ok,
trail-6_01716,ok,
trail-6_01721,ok,
trail-6_01726,ok,
trail-6_01731,ok,
trail-6_01736,ok,
trail-6_01741,ok,
trail-6_01746,ok,
trail-6_01751,ok,
trail-6_01756,ok,
trail-6_01761,ok,
trail-6_01766,ok,
trail-6_01771,ok,
trail-6_01776,ok,
trail-6_01781,ok,
trail-6_01786,ok,
trail-6_01791,ok,
trail-6_01796,ok,
trail-6_01801,ok,
trail-6_01806,ok,
trail-6_01811,ok,
trail-6_01816,ok,
trail-6_01821,ok,
trail-6_01826,ok,
trail-6_01831,ok,
trail-6_01836,ok,
trail-6_01841,ok,
trail-6_01846,ok,
trail-6_01851,ok,
trail-6_01856,ok,
trail-6_01861,ok,
trail-6_01866,ok,
trail-6_01871,ok,
trail-6_01876,ok,
trail-6_01881,ok,
trail-6_01886,ok,
trail-6_01891,ok,
trail-6_01896,ok,
trail-6_01901,ok,
trail-6_01906,ok,
trail-6_01911,ok,
trail-6_01916,ok,
trail-6_01921,ok,
trail-6_01926,ok,
trail-6_01931,ok,
trail-6_01936,ok,
trail-6_01941,ok,
trail-6_01946,ok,
trail-6_01951,ok,
trail-6_01956,ok,
trail-6_01961,ok,
trail-6_01966,ok,
trail-6_01971,ok,
trail-6_01976,ok,
trail-6_01981,ok,
trail-6_01986,ok,
trail-6_01991,ok,
trail-6_01996,ok,
trail-6_02001,ok,
trail-6_02006,ok,
trail-6_02011,ok,
trail-6_02016,ok,
trail-6_02021,ok,
trail-6_02026,ok,
trail-6_02031,ok,
trail-6_02036,ok,
trail-6_02041,ok,
trail-6_02046,ok,
trail-6_02051,ok,
trail-6_02056,ok,
trail-6_02061,ok,
trail-6_02066,ok,
trail-6_02071,ok,
trail-6_02076,ok,
trail-6_02081,ok,
trail-6_02086,ok,
trail-6_02091,ok,
trail-6_02096,ok,
trail-6_02101,ok,
trail-6_02106,ok,
trail-6_02111,ok,
trail-6_02116,ok,
trail-6_02121,ok,
trail-6_02126,ok,
trail-6_02131,ok,
trail-6_02136,ok,
trail-6_02141,ok,
trail-6_02146,ok,
trail-6_02151,ok,
trail-6_02156,ok,
trail-6_02161,ok,
trail-6_02166,ok,
trail-6_02171,ok,
trail-6_02176,ok,
trail-6_02181,ok,
trail-6_02186,ok,
trail-6_02191,ok,
trail-7_00001,ok,
trail-7_00006,ok,
trail-7_00011,ok,
trail-7_00016,ok,
trail-7_00021,ok,
trail-7_00026,ok,
trail-7_00031,ok,
trail-7_00036,ok,
trail-7_00041,ok,
trail-7_00046,ok,
trail-7_00051,ok,
trail-7_00056,ok,
trail-7_00061,ok,
trail-7_00066,ok,
trail-7_00071,ok,
trail-7_00076,ok,
trail-7_00081,ok,
trail-7_00086,ok,
trail-7_00091,ok,
trail-7_00096,ok,
trail-7_00101,ok,
trail-7_00106,ok,
trail-7_00111,ok,
trail-7_00116,ok,
trail-7_00121,ok,
trail-7_00126,ok,
trail-7_00131,ok,
trail-7_00136,ok,
trail-7_00141,ok,
trail-7_00146,ok,
trail-7_00151,ok,
trail-7_00156,ok,
trail-7_00161,ok,
trail-7_00166,ok,
trail-7_00171,ok,
trail-7_00176,ok,
trail-7_00181,ok,
trail-7_00186,ok,
trail-7_00191,ok,
trail-7_00196,ok,
trail-7_00201,ok,
trail-7_00206,ok,
trail-7_00211,ok,
trail-7_00216,ok,
trail-7_00221,ok,
trail-7_00226,ok,
trail-7_00231,ok,
trail-7_00236,ok,
trail-7_00241,ok,
trail-7_00246,ok,
trail-7_00251,ok,
trail-7_00256,ok,
trail-7_00261,ok,
trail-7_00266,ok,
trail-7_00271,ok,
trail-7_00276,ok,
trail-7_00281,ok,
trail-7_00286,ok,
trail-7_00291,ok,
trail-7_00296,ok,
trail-7_00301,ok,
trail-7_00306,ok,
trail-7_00311,ok,
trail-7_00316,ok,
trail-7_00321,ok,
trail-7_00326,ok,
trail-7_00331,ok,
trail-7_00336,ok,
trail-7_00341,ok,
trail-7_00346,ok,
trail-7_00351,ok,
trail-7_00356,ok,
trail-7_00361,ok,
trail-7_00366,ok,
trail-7_00371,ok,
trail-7_00376,ok,
trail-7_00381,ok,
trail-7_00386,ok,
trail-7_00391,ok,
trail-7_00396,ok,
trail-7_00401,ok,
trail-7_00406,ok,
trail-7_00411,ok,
trail-7_00416,ok,
trail-7_00421,ok,
trail-7_00426,ok,
trail-7_00431,ok,
trail-7_00436,ok,
trail-7_00441,ok,
trail-7_00446,ok,
trail-7_00451,ok,
trail-7_00456,ok,
trail-7_00461,ok,
trail-7_00466,ok,
trail-7_00471,ok,
trail-7_00476,ok,
trail-7_00481,ok,
trail-7_00486,ok,
trail-7_00491,ok,
trail-7_00496,ok,
trail-7_00501,ok,
trail-7_00506,ok,
trail-7_00511,ok,
trail-7_00516,ok,
trail-7_00521,ok,
trail-7_00526,ok,
trail-7_00531,ok,
trail-7_00536,ok,
trail-7_00541,ok,
trail-7_00546,ok,
trail-7_00551,ok,
trail-7_00556,ok,
trail-7_00561,ok,
trail-7_00566,ok,
trail-7_00571,ok,
trail-7_00576,ok,
trail-7_00581,ok,
trail-7_00586,ok,
trail-7_00591,ok,
trail-7_00596,ok,
trail-7_00601,ok,
trail-7_00606,ok,
trail-7_00611,ok,
trail-7_00616,ok,
trail-7_00621,ok,
trail-7_00626,ok,
trail-7_00631,ok,
trail-7_00636,ok,
trail-7_00641,ok,
trail-7_00646,ok,
trail-7_00651,ok,
trail-7_00656,ok,
trail-7_00661,ok,
trail-7_00666,ok,
trail-7_00671,ok,
trail-7_00676,ok,
trail-7_00681,ok,
trail-7_00686,ok,
trail-7_00691,ok,
trail-7_00696,ok,
trail-7_00701,ok,
trail-7_00706,ok,
trail-7_00711,ok,
trail-7_00716,ok,
trail-7_00721,ok,
trail-7_00726,ok,
trail-7_00731,ok,
trail-7_00736,ok,
trail-7_00741,ok,
trail-7_00746,ok,
trail-7_00751,ok,
trail-7_00756,ok,
trail-7_00761,ok,
trail-7_00766,ok,
trail-7_00771,ok,
trail-7_00776,ok,
trail-7_00781,ok,
trail-7_00786,ok,
trail-7_00791,ok,
trail-7_00796,ok,
trail-7_00801,ok,
trail-7_00806,ok,
trail-7_00811,ok,
trail-7_00816,ok,
trail-7_00821,ok,
trail-7_00826,ok,
trail-7_00831,ok,
trail-7_00836,ok,
trail-7_00841,ok,
trail-7_00846,ok,
trail-7_00851,ok,
trail-7_00856,ok,
trail-7_00861,ok,
trail-7_00866,ok,
trail-7_00871,ok,
trail-7_00876,ok,
trail-7_00881,ok,
trail-7_00886,ok,
trail-7_00891,ok,
trail-7_00896,ok,
trail-7_00901,ok,
trail-7_00906,ok,
trail-7_00911,ok,
trail-7_00916,ok,
trail-7_00921,ok,
trail-7_00926,ok,
trail-7_00931,ok,
trail-7_00936,ok,
trail-7_00941,ok,
trail-7_00946,ok,
trail-7_00951,ok,
trail-7_00956,ok,
trail-7_00961,ok,
trail-7_00966,ok,
trail-7_00971,ok,
trail-7_00976,ok,
trail-7_00981,ok,
trail-7_00986,ok,
trail-7_00991,ok,
trail-7_00996,ok,
trail-7_01001,ok,
trail-7_01006,ok,
trail-7_01011,ok,
trail-7_01016,ok,
trail-7_01021,ok,
trail-7_01026,ok,
trail-7_01031,ok,
trail-7_01036,ok,
trail-7_01041,ok,
trail-7_01046,ok,
trail-7_01051,ok,
trail-7_01056,ok,
trail-7_01061,ok,
trail-7_01066,ok,
trail-7_01071,ok,
trail-7_01076,ok,
trail-7_01081,ok,
trail-7_01086,ok,
trail-7_01091,ok,
trail-7_01096,ok,
trail-7_01101,ok,
trail-7_01106,ok,
trail-7_01111,ok,
trail-7_01116,ok,
trail-7_01121,ok,
trail-7_01126,ok,
trail-7_01131,ok,
trail-7_01136,ok,
trail-7_01141,ok,
trail-7_01146,ok,
trail-7_01151,ok,
trail-7_01156,ok,
trail-7_01161,ok,
trail-7_01166,ok,
trail-7_01171,ok,
trail-7_01176,ok,
trail-7_01181,ok,
trail-7_01186,ok,
trail-7_01191,ok,
trail-7_01196,ok,
trail-7_01201,ok,
trail-7_01206,ok,
trail-7_01211,ok,
trail-7_01216,ok,
trail-7_01221,ok,
trail-7_01226,ok,
trail-7_01231,ok,
trail-7_01236,ok,
trail-7_01241,ok,
trail-7_01246,ok,
trail-7_01251,ok,
trail-7_01256,ok,
trail-7_01261,ok,
trail-7_01266,ok,
trail-7_01271,ok,
trail-7_01276,ok,
trail-7_01281,ok,
trail-7_01286,ok,
trail-7_01291,ok,
trail-7_01296,ok,
trail-7_01301,ok,
trail-7_01306,ok,
trail-7_01311,ok,
trail-7_01316,ok,
trail-7_01321,ok,
trail-7_01326,ok,
trail-7_01331,ok,
trail-7_01336,ok,
trail-7_01341,ok,
trail-7_01346,ok,
trail-7_01351,ok,
trail-7_01356,ok,
trail-7_01361,ok,
trail-7_01366,ok,
trail-7_01371,ok,
trail-7_01376,ok,
trail-7_01381,ok,
trail-7_01386,ok,
trail-7_01391,ok,
trail-7_01396,ok,
trail-7_01401,ok,
trail-7_01406,ok,
trail-7_01411,ok,
trail-7_01416,ok,
trail-7_01421,ok,
trail-7_01426,ok,
trail-7_01431,ok,
trail-7_01436,ok,
trail-7_01441,ok,
trail-9_00001,ok,
trail-9_00006,ok,
trail-9_00011,ok,
trail-9_00016,ok,
trail-9_00021,ok,
trail-9_00026,ok,
trail-9_00031,ok,
trail-9_00036,ok,
trail-9_00041,ok,
trail-9_00046,ok,
trail-9_00051,ok,
trail-9_00056,ok,
trail-9_00061,ok,
trail-9_00066,ok,
trail-9_00071,ok,
trail-9_00076,ok,
trail-9_00081,ok,
trail-9_00086,ok,
trail-9_00091,ok,
trail-9_00096,ok,
trail-9_00101,ok,
trail-9_00106,ok,
trail-9_00111,ok,
trail-9_00116,ok,
trail-9_00121,ok,
trail-9_00126,ok,
trail-9_00131,ok,
trail-9_00136,ok,
trail-9_00141,ok,
trail-9_00146,ok,
trail-9_00151,ok,
trail-9_00156,ok,
trail-9_00161,ok,
trail-9_00166,ok,
trail-9_00171,ok,
trail-9_00176,ok,
trail-9_00181,ok,
trail-9_00186,ok,
trail-9_00191,ok,
trail-9_00196,ok,
trail-9_00201,ok,
trail-9_00206,ok,
trail-9_00211,ok,
trail-9_00216,ok,
trail-9_00221,ok,
trail-9_00226,ok,
trail-9_00231,ok,
trail-9_00236,ok,
trail-9_00241,ok,
trail-9_00246,ok,
trail-9_00251,ok,
trail-9_00256,ok,
trail-9_00261,ok,
trail-9_00266,ok,
trail-9_00271,ok,
trail-9_00276,ok,
trail-9_00281,ok,
trail-9_00286,ok,
trail-9_00291,ok,
trail_00001,ok,
trail_00006,ok,
trail_00011,ok,
trail_00016,ok,
trail_00021,ok,
trail_00026,ok,
trail_00031,ok,
trail_00036,ok,
trail_00041,ok,
trail_00046,ok,
trail_00051,ok,
trail_00056,ok,
trail_00061,ok,
trail_00066,ok,
trail_00071,ok,
trail_00076,ok,
trail_00081,ok,
trail_00086,ok,
trail_00090,ok,
trail_00091,ok,
trail_00096,ok,
trail_00101,ok,
trail_00106,ok,
trail_00111,ok,
trail_00116,ok,
trail_00121,ok,
trail_00126,ok,
trail_00131,ok,
trail_00136,ok,
trail_00141,ok,
trail_00146,ok,
trail_00151,ok,
trail_00156,ok,
trail_00161,ok,
trail_00166,ok,
trail_00171,ok,
trail_00176,ok,
trail_00181,ok,
trail_00186,ok,
trail_00191,ok,
trail_00196,ok,
trail_00201,ok,
trail_00206,ok,
trail_00211,ok,
trail_00216,ok,
trail_00221,ok,
trail_00226,ok,
trail_00231,ok,
trail_00236,ok,
trail_00241,ok,
trail_00246,ok,
trail_00251,ok,
trail_00256,ok,
trail_00260,ok,
trail_00261,ok,
trail_00266,ok,
trail_00271,ok,
trail_00276,ok,
trail_00281,ok,
trail_00286,ok,
trail_00291,ok,
trail_00296,ok,
trail_00301,ok,
trail_00306,ok,
trail_00311,ok,
trail_00316,ok,
trail_00321,ok,
trail_00326,ok,
trail_00331,ok,
trail_00336,ok,
trail_00341,ok,
trail_00346,ok,
trail_00351,ok,
trail_00356,ok,
trail_00361,ok,
trail_00366,ok,
trail_00371,ok,
trail_00376,ok,
trail_00381,ok,
trail_00386,ok,
trail_00391,ok,
trail_00396,ok,
trail_00401,ok,
trail_00406,ok,
trail_00411,ok,
trail_00416,ok,
trail_00421,ok,
trail_00426,ok,
trail_00430,ok,
trail_00431,ok,
trail_00436,ok,
trail_00441,ok,
trail_00446,ok,
trail_00451,ok,
trail_00456,ok,
trail_00461,ok,
trail_00466,ok,
trail_00471,ok,
trail_00476,ok,
trail_00481,ok,
trail_00486,ok,
trail_00491,ok,
trail_00496,ok,
trail_00501,ok,
trail_00506,ok,
trail_00511,ok,
trail_00516,ok,
trail_00521,ok,
trail_00526,ok,
trail_00531,ok,
trail_00536,ok,
trail_00541,ok,
trail_00546,ok,
trail_00551,ok,
trail_00556,ok,
trail_00561,ok,
trail_00566,ok,
trail_00571,ok,
trail_00576,ok,
trail_00581,ok,
trail_00586,ok,
trail_00591,ok,
trail_00596,ok,
trail_00600,ok,
trail_00601,ok,
trail_00606,ok,
trail_00611,ok,
trail_00616,ok,
trail_00621,ok,
trail_00626,ok,
trail_00631,ok,
trail_00636,ok,
trail_00641,ok,
trail_00646,ok,
trail_00651,ok,
trail_00656,ok,
trail_00661,ok,
trail_00666,ok,
trail_00671,ok,
trail_00676,ok,
trail_00681,ok,
trail_00686,ok,
trail_00691,ok,
trail_00696,ok,
trail_00701,ok,
trail_00706,ok,
trail_00711,ok,
trail_00716,ok,
trail_00721,ok,
trail_00726,ok,
trail_00731,ok,
trail_00736,ok,
trail_00741,ok,
trail_00746,ok,
trail_00751,ok,
trail_00756,ok,
trail_00761,ok,
trail_00766,ok,
trail_00770,ok,
trail_00771,ok,
trail_00776,ok,
trail_00781,ok,
trail_00786,ok,
trail_00791,ok,
trail_00796,ok,
trail_00801,ok,
trail_00806,ok,
trail_00811,ok,
trail_00816,ok,
trail_00821,ok,
trail_00826,ok,
trail_00831,ok,
trail_00836,ok,
trail_00841,ok,
trail_00846,ok,
trail_00851,ok,
trail_00856,ok,
trail_00861,ok,
trail_00866,ok,
trail_00871,ok,
trail_00876,ok,
trail_00881,ok,
trail_00886,ok,
trail_00891,ok,
trail_00896,ok,
trail_00901,ok,
trail_00906,ok,
trail_00911,ok,
trail_00916,ok,
trail_00921,ok,
trail_00926,ok,
trail_00931,ok,
trail_00936,ok,
trail_00940,ok,
trail_00941,ok,
trail_00946,ok,
trail_00951,ok,
trail_00956,ok,
trail_00961,ok,
trail_00966,ok,
trail_00971,ok,
trail_00976,ok,
trail_00981,ok,
trail_00986,ok,
trail_00991,ok,
trail_00996,ok,
trail_01001,ok,
trail_01006,ok,
trail_01011,ok,
trail_01016,ok,
trail_01021,ok,
trail_01026,ok,
trail_01031,ok,
trail_01036,ok,
trail_01041,ok,
trail_01046,ok,
trail_01051,ok,
trail_01056,ok,
trail_01061,ok,
trail_01066,ok,
trail_01071,ok,
trail_01076,ok,
trail_01081,ok,
trail_01086,ok,
trail_01091,ok,
trail_01096,ok,
trail_01101,ok,
trail_01106,ok,
trail_01110,ok,
trail_01111,ok,
trail_01116,ok,
trail_01121,ok,
trail_01126,ok,
trail_01131,ok,
trail_01136,ok,
trail_01141,ok,
trail_01146,ok,
trail_01151,ok,
trail_01156,ok,
trail_01161,ok,
trail_01166,ok,
trail_01171,ok,
trail_01176,ok,
trail_01181,ok,
trail_01186,ok,
trail_01191,ok,
trail_01196,ok,
trail_01201,ok,
trail_01206,ok,
trail_01211,ok,
trail_01216,ok,
trail_01221,ok,
trail_01226,ok,
trail_01231,ok,
trail_01236,ok,
trail_01241,ok,
trail_01246,ok,
trail_01251,ok,
trail_01256,ok,
trail_01261,ok,
trail_01266,ok,
trail_01271,ok,
trail_01276,ok,
trail_01280,ok,
trail_01281,ok,
trail_01286,ok,
trail_01291,ok,
trail_01296,ok,
trail_01301,ok,
trail_01306,ok,
trail_01311,ok,
trail_01316,ok,
trail_01321,ok,
trail_01326,ok,
trail_01331,ok,
trail_01336,ok,
trail_01341,ok,
trail_01346,ok,
trail_01351,ok,
trail_01356,ok,
trail_01361,ok,
trail_01366,ok,
trail_01371,ok,
trail_01376,ok,
trail_01381,ok,
trail_01386,ok,
trail_01391,ok,
trail_01396,ok,
trail_01401,ok,
trail_01406,ok,
trail_01411,ok,
trail_01416,ok,
trail_01421,ok,
trail_01426,ok,
trail_01431,ok,
trail_01436,ok,
trail_01441,ok,
trail_01446,ok,
trail_01450,ok,
trail_01451,ok,
trail_01456,ok,
trail_01461,ok,
trail_01466,ok,
trail_01471,ok,
trail_01476,ok,
trail_01481,ok,
trail_01486,ok,
trail_01491,ok,
trail_01496,ok,
trail_01501,ok,
trail_01506,ok,
trail_01511,ok,
trail_01516,ok,
trail_01521,ok,
trail_01526,ok,
trail_01531,ok,
trail_01536,ok,
trail_01541,ok,
trail_01546,ok,
trail_01551,ok,
trail_01556,ok,
trail_01561,ok,
trail_01566,ok,
trail_01571,ok,
trail_01576,ok,
trail_01581,ok,
trail_01586,ok,
trail_01591,ok,
trail_01596,ok,
trail_01601,ok,
trail_01606,ok,
trail_01611,ok,
trail_01616,ok,
trail_01620,ok,
trail_01621,ok,
trail_01626,ok,
trail_01631,ok,
trail_01636,ok,
trail_01641,ok,
trail_01646,ok,
trail_01651,ok,
trail_01656,ok,
trail_01661,ok,
trail_01666,ok,
trail_01671,ok,
trail_01676,ok,
trail_01681,ok,
trail_01686,ok,
trail_01691,ok,
trail_01696,ok,
trail_01701,ok,
trail_01706,ok,
trail_01711,ok,
trail_01716,ok,
trail_01721,ok,
trail_01726,ok,
trail_01731,ok,
trail_01736,ok,
trail_01741,ok,
trail_01746,ok,
trail_01751,ok,
trail_01756,ok,
trail_01761,ok,
trail_01766,ok,
trail_01771,ok,
trail_01776,ok,
trail_01781,ok,
trail_01786,ok,
trail_01790,ok,
trail_01791,ok,
trail_01796,ok,
trail_01801,ok,
trail_01806,ok,
trail_01811,ok,
trail_01816,ok,
trail_01821,ok,
trail_01826,ok,
trail_01831,ok,
trail_01836,ok,
trail_01841,ok,
trail_01846,ok,
trail_01851,ok,
trail_01856,ok,
trail_01861,ok,
trail_01866,ok,
trail_01871,ok,
trail_01876,ok,
trail_01881,ok,
trail_01886,ok,
trail_01891,ok,
trail_01896,ok,
trail_01901,ok,
trail_01906,ok,
trail_01911,ok,
trail_01916,ok,
trail_01921,ok,
trail_01926,ok,
trail_01931,ok,
trail_01936,ok,
trail_01941,ok,
trail_01946,ok,
trail_01951,ok,
trail_01956,ok,
trail_01960,ok,
trail_01961,ok,
trail_01966,ok,
trail_01971,ok,
trail_01976,ok,
trail_01981,ok,
trail_01986,ok,
trail_01991,ok,
trail_01996,ok,
trail_02001,ok,
trail_02006,ok,
trail_02011,ok,
trail_02016,ok,
trail_02021,ok,
trail_02026,ok,
trail_02031,ok,
trail_02036,ok,
trail_02041,ok,
trail_02046,ok,
trail_02051,ok,
trail_02056,ok,
trail_02061,ok,
trail_02066,ok,
trail_02071,ok,
trail_02076,ok,
trail_02081,ok,
trail_02086,ok,
trail_02091,ok,
trail_02096,ok,
trail_02101,ok,
trail_02106,ok,
trail_02111,ok,
trail_02116,ok,
trail_02121,ok,
trail_02126,ok,
trail_02130,ok,
trail_02131,ok,
trail_02136,ok,
trail_02141,ok,
trail_02146,ok,
trail_02151,ok,
trail_02156,ok,
trail_02161,ok,
trail_02166,ok,
trail_02171,ok,
trail_02176,ok,
trail_02181,ok,
trail_02186,ok,
trail_02191,ok,
trail_02196,ok,
trail_02201,ok,
trail_02206,ok,
trail_02211,ok,
trail_02216,ok,
trail_02221,ok,
trail_02226,ok,
trail_02231,ok,
trail_02236,ok,
trail_02241,ok,
trail_02246,ok,
trail_02251,ok,
trail_02256,ok,
trail_02261,ok,
trail_02266,ok,
trail_02271,ok,
trail_02276,ok,
trail_02281,ok,
trail_02286,ok,
trail_02291,ok,
trail_02296,ok,
trail_02300,ok,
trail_02301,ok,
trail_02306,ok,
trail_02311,ok,
trail_02316,ok,
trail_02321,ok,
trail_02326,ok,
trail_02331,ok,
trail_02336,ok,
trail_02341,ok,
trail_02346,ok,
trail_02351,ok,
trail_02356,ok,
trail_02361,ok,
trail_02366,ok,
trail_02371,ok,
trail_02376,ok,
trail_02381,ok,
trail_02386,ok,
trail_02391,ok,
trail_02396,ok,
trail_02401,ok,
trail_02406,ok,
trail_02411,ok,
trail_02416,ok,
trail_02421,ok,
trail_02426,ok,
trail_02431,ok,
trail_02436,ok,
trail_02441,ok,
trail_02446,ok,
trail_02451,ok,
trail_02456,ok,
trail_02461,ok,
trail_02466,ok,
trail_02470,ok,
trail_02471,ok,
trail_02476,ok,
trail_02481,ok,
trail_02486,ok,
trail_02491,ok,
trail_02496,ok,
trail_02501,ok,
trail_02506,ok,
trail_02511,ok,
trail_02516,ok,
trail_02521,ok,
trail_02526,ok,
trail_02531,ok,
trail_02536,ok,
trail_02541,ok,
trail_02546,ok,
trail_02551,ok,
trail_02556,ok,
trail_02561,ok,
trail_02566,ok,
trail_02571,ok,
trail_02576,ok,
trail_02581,ok,
trail_02586,ok,
trail_02591,ok,
trail_02596,ok,
trail_02601,ok,
trail_02606,ok,
trail_02611,ok,
trail_02616,ok,
trail_02621,ok,
trail_02626,ok,
trail_02631,ok,
trail_02636,ok,
trail_02640,ok,
trail_02641,ok,
trail_02646,ok,
trail_02651,ok,
trail_02656,ok,
trail_02661,ok,
trail_02666,ok,
trail_02671,ok,
trail_02676,ok,
trail_02681,ok,
trail_02686,ok,
trail_02691,ok,
trail_02696,ok,
trail_02701,ok,
trail_02706,ok,
trail_02711,ok,
trail_02716,ok,
trail_02721,ok,
trail_02726,ok,
trail_02731,ok,
trail_02736,ok,
trail_02741,ok,
trail_02746,ok,
trail_02751,ok,
trail_02756,ok,
trail_02761,ok,
trail_02766,ok,
trail_02771,ok,
trail_02776,ok,
trail_02781,ok,
trail_02786,ok,
trail_02791,ok,
trail_02796,ok,
trail_02801,ok,
trail_02806,ok,
trail_02810,ok,
trail_02811,ok,
trail_02816,ok,
trail_02821,ok,
trail_02826,ok,
trail_02831,ok,
trail_02836,ok,
trail_02841,ok,
trail_02846,ok,
trail_02851,ok,
trail_02856,ok,
trail_02861,ok,
trail_02866,ok,
trail_02871,ok,
trail_02876,ok,
trail_02881,ok,
trail_02886,ok,
trail_02891,ok,
trail_02896,ok,
trail_02901,ok,
trail_02906,ok,
trail_02911,ok,
trail_02916,ok,
trail_02921,ok,
trail_02926,ok,
trail_02931,ok,
trail_02936,ok,
trail_02941,ok,
trail_02946,ok,
trail_02951,ok,
trail_02956,ok,
trail_02961,ok,
trail_02966,ok,
trail_02971,ok,
trail_02976,ok,
trail_02980,ok,
trail_02981,ok,
trail_02986,ok,
trail_02991,ok,
trail_02996,ok,
trail_03001,ok,
trail_03006,ok,
trail_03011,ok,
trail_03016,ok,
trail_03021,ok,
trail_03026,ok,
trail_03031,ok,
trail_03036,ok,
trail_03041,ok,
trail_03046,ok,
trail_03051,ok,
trail_03056,ok,
trail_03061,ok,
trail_03066,ok,
trail_03071,ok,
trail_03076,ok,
trail_03081,ok,
trail_03086,ok,
trail_03091,ok,
trail_03096,ok,
trail_03101,ok,
trail_03106,ok,
trail_03111,ok,
trail_03116,ok,
trail_03121,ok,
trail_03126,ok,
trail_03131,ok,
trail_03136,ok,
trail_03141,ok,
trail_03146,ok,
trail_03150,ok,
trail_03151,ok,
trail_03156,ok,
trail_03161,ok,
trail_03166,ok,
trail_03171,ok,
trail_03176,ok,
trail_03181,ok,
trail_03186,ok,
trail_03191,ok,
trail_03196,ok,
trail_03201,ok,
trail_03206,ok,
trail_03211,ok,
trail_03216,ok,
trail_03221,ok,
trail_03226,ok,
trail_03231,ok,
trail_03236,ok,
trail_03241,ok,
trail_03246,ok,
trail_03251,ok,
trail_03256,ok,
trail_03261,ok,
trail_03266,ok,
trail_03271,ok,
trail_03276,ok,
trail_03281,ok,
trail_03286,ok,
trail_03291,ok,
trail_03296,ok,
trail_03301,ok,
trail_03306,ok,
trail_03311,ok,
trail_03316,ok,
trail_03320,ok,
trail_03321,ok,
trail_03326,ok,
trail_03331,ok,
trail_03336,ok,
trail_03341,ok,
trail_03346,ok,
trail_03351,ok,
trail_03356,ok,
trail_03361,ok,
village_00003,ok,
village_00008,ok,
village_00013,ok,
village_00018,ok,
village_00023,ok,
village_00028,ok,
village_00033,ok,
village_00038,ok,
village_00043,ok,
village_00048,ok,
village_00053,ok,
village_00058,ok,
village_00063,ok,
village_00068,ok,
village_00073,ok,
village_00078,ok,
village_00083,ok,
village_00088,ok,
village_00093,ok,
village_00098,ok,
village_00103,ok,
village_00108,ok,
village_00113,ok,
village_00118,ok,
village_00123,ok,
village_00128,ok,
village_00133,ok,
village_00138,ok,
village_00143,ok,
village_00148,ok,
village_00153,ok,
village_00158,ok,
village_00163,ok,
village_00168,ok,
village_00173,ok,
village_00178,ok,
village_00183,ok,
village_00188,ok,
village_00193,ok,
village_00198,ok,
village_00203,ok,
village_00208,ok,
village_00213,ok,
village_00218,ok,
village_00223,ok,
village_00228,ok,
village_00233,ok,
village_00238,ok,
village_00243,ok,
village_00248,ok,
village_00253,ok,
village_00258,ok,
village_00263,ok,
village_00268,ok,
village_00273,ok,
village_00278,ok,
village_00283,ok,
village_00288,ok,
village_00293,ok,
village_00298,ok,
village_00303,ok,
village_00308,ok,
village_00313,ok,
village_00318,ok,
village_00323,ok,
village_00328,ok,
village_00333,ok,
village_00338,ok,
village_00343,ok,
village_00348,ok,
village_00353,ok,
village_00358,ok,
village_00363,ok,
village_00368,ok,
village_00373,ok,
village_00378,ok,
village_00383,ok,
village_00388,ok,
village_00393,ok,
village_00398,ok,
village_00403,ok,
village_00408,ok,
village_00413,ok,
village_00418,ok,
village_00423,ok,
village_00428,ok,
village_00433,ok,
village_00438,ok,
village_00443,ok,
village_00448,ok,
village_00453,ok,
village_00458,ok,
village_00463,ok,
village_00468,ok,
village_00473,ok,
village_00478,ok,
village_00483,ok,
village_00488,ok,
village_00493,ok,
village_00498,ok,
village_00503,ok,
village_00508,ok,
village_00513,ok,
village_00518,ok,
village_00523,ok,
village_00528,ok,
village_00533,ok,
village_00538,ok,
village_00543,ok,
village_00548,ok,
village_00553,ok,
village_00558,ok,
village_00563,ok,
village_00568,ok,
village_00573,ok,
village_00578,ok,
village_00583,ok,
