sample_id,status,details
00000_frame000000-1581624652_750,ok,
00000_frame000002-1581624652_949,ok,
00000_frame000004-1581624653_150,ok,
00000_frame000006-1581624653_349,ok,
00000_frame000008-1581624653_549,ok,
00000_frame000010-1581624653_749,ok,
00000_frame000012-1581624653_949,ok,
00000_frame000014-1581624654_149,ok,
00000_frame000016-1581624654_350,ok,
00000_frame000018-1581624654_549,ok,
00000_frame000020-1581624654_750,ok,
00000_frame000022-1581624654_949,ok,
00000_frame000024-1581624655_149,ok,
00000_frame000026-1581624655_350,ok,
00000_frame000028-1581624655_549,ok,
00000_frame000030-1581624655_749,ok,
00000_frame000032-1581624655_950,ok,
00000_frame000034-1581624656_149,ok,
00000_frame000036-1581624656_349,ok,
00000_frame000038-1581624656_549,ok,
00000_frame000040-1581624656_750,ok,
00000_frame000042-1581624656_950,ok,
00000_frame000044-1581624657_149,ok,
00000_frame000046-1581624657_349,ok,
00000_frame000048-1581624657_549,ok,
00000_frame000050-1581624657_750,ok,
00000_frame000052-1581624657_950,ok,
00000_frame000054-1581624658_150,ok,
00000_frame000056-1581624658_349,ok,
00000_frame000058-1581624658_549,ok,
00000_frame000060-1581624658_749,ok,
00000_frame000062-1581624658_949,ok,
00000_frame000064-1581624659_149,ok,
00000_frame000066-1581624659_349,ok,
00000_frame000068-1581624659_550,ok,
00000_frame000070-1581624659_750,ok,
00000_frame000072-1581624659_950,ok,
00000_frame000074-1581624660_150,ok,
00000_frame000076-1581624660_350,ok,
00000_frame000078-1581624660_550,ok,
00000_frame000080-1581624660_749,ok,
00000_frame000082-1581624660_950,ok,
00000_frame000084-1581624661_150,ok,
00000_frame000086-1581624661_349,ok,
00000_frame000088-1581624661_550,ok,
00000_frame000090-1581624661_749,ok,
00000_frame000092-1581624661_950,ok,
00000_frame000094-1581624662_150,ok,
00000_frame000096-1581624662_349,ok,
00000_frame000098-1581624662_549,ok,
00000_frame000100-1581624662_749,ok,
00000_frame000102-1581624662_950,ok,
00000_frame000104-1581624663_149,ok,
00000_frame000106-1581624663_349,ok,
00000_frame000108-1581624663_550,ok,
00000_frame000110-1581624663_749,ok,
00000_frame000112-1581624663_950,ok,
00000_frame000114-1581624664_150,ok,
00000_frame000116-1581624664_349,ok,
00000_frame000118-1581624664_549,ok,
00000_frame000120-1581624664_750,ok,
00000_frame000122-1581624664_949,ok,
00000_frame000124-1581624665_150,ok,
00000_frame000126-1581624665_350,ok,
00000_frame000128-1581624665_549,ok,
00000_frame000130-1581624665_750,ok,
00000_frame000132-1581624665_950,ok,
00000_frame000134-1581624666_150,ok,
00000_frame000136-1581624666_350,ok,
00000_frame000138-1581624666_549,ok,
00000_frame000140-1581624666_750,ok,
00000_frame000142-1581624666_949,ok,
00000_frame000144-1581624667_150,ok,
00000_frame000146-1581624667_349,ok,
00000_frame000148-1581624667_550,ok,
00000_frame000150-1581624667_749,ok,
00000_frame000152-1581624667_949,ok,
00000_frame000154-1581624668_149,ok,
00000_frame000156-1581624668_350,ok,
00000_frame000158-1581624668_549,ok,
00000_frame000160-1581624668_749,ok,
00000_frame000162-1581624668_949,ok,
00000_frame000164-1581624669_149,ok,
00000_frame000166-1581624669_349,ok,
00000_frame000168-1581624669_549,ok,
00000_frame000170-1581624669_750,ok,
00000_frame000172-1581624669_949,ok,
00000_frame000174-1581624670_149,ok,
00000_frame000176-1581624670_349,ok,
00000_frame000178-1581624670_550,ok,
00000_frame000180-1581624670_749,ok,
00000_frame000182-1581624670_949,ok,
00000_frame000184-1581624671_149,ok,
00000_frame000186-1581624671_350,ok,
00000_frame000188-1581624671_550,ok,
00000_frame000190-1581624671_750,ok,
00000_frame000192-1581624671_949,ok,
00000_frame000194-1581624672_149,ok,
00000_frame000196-1581624672_350,ok,
00000_frame000198-1581624672_550,ok,
00000_frame000200-1581624672_750,ok,
00000_frame000202-1581624672_950,ok,
00000_frame000204-1581624673_149,ok,
00000_frame000206-1581624673_349,ok,
00000_frame000208-1581624673_550,ok,
00000_frame000210-1581624673_750,ok,
00000_frame000212-1581624673_950,ok,
00000_frame000214-1581624674_150,ok,
00000_frame000216-1581624674_350,ok,
00000_frame000218-1581624674_550,ok,
00000_frame000220-1581624674_749,ok,
00000_frame000222-1581624674_950,ok,
00000_frame000224-1581624675_150,ok,
00000_frame000226-1581624675_349,ok,
00000_frame000228-1581624675_549,ok,
00000_frame000230-1581624675_750,ok,
00000_frame000232-1581624675_950,ok,
00000_frame000234-1581624676_149,ok,
00000_frame000236-1581624676_349,ok,
00000_frame000238-1581624676_549,ok,
00000_frame000240-1581624676_749,ok,
00000_frame000242-1581624676_949,ok,
00000_frame000244-1581624677_150,ok,
00000_frame000246-1581624677_349,ok,
00000_frame000248-1581624677_550,ok,
00000_frame000250-1581624677_749,ok,
00000_frame000252-1581624677_950,ok,
00000_frame000254-1581624678_150,ok,
00000_frame000256-1581624678_349,ok,
00000_frame000258-1581624678_550,ok,
00000_frame000260-1581624678_750,ok,
00000_frame000262-1581624678_949,ok,
00000_frame000264-1581624679_149,ok,
00000_frame000266-1581624679_350,ok,
00000_frame000268-1581624679_550,ok,
00000_frame000270-1581624679_749,ok,
00000_frame000272-1581624679_950,ok,
00000_frame000274-1581624680_150,ok,
00000_frame000276-1581624680_349,ok,
00000_frame000278-1581624680_549,ok,
00000_frame000280-1581624680_750,ok,
00000_frame000282-1581624680_950,ok,
00000_frame000284-1581624681_150,ok,
00000_frame000286-1581624681_350,ok,
00000_frame000288-1581624681_549,ok,
00000_frame000290-1581624681_749,ok,
00000_frame000292-1581624681_950,ok,
00000_frame000294-1581624682_150,ok,
00000_frame000296-1581624682_349,ok,
00000_frame000298-1581624682_550,ok,
00000_frame000300-1581624682_750,ok,
00000_frame000302-1581624682_950,ok,
00000_frame000304-1581624683_151,ok,
00000_frame000306-1581624683_350,ok,
00000_frame000308-1581624683_550,ok,
00000_frame000310-1581624683_750,ok,
00000_frame000312-1581624683_950,ok,
00000_frame000314-1581624684_149,ok,
00000_frame000316-1581624684_350,ok,
00000_frame000318-1581624684_550,ok,
00000_frame000320-1581624684_749,ok,
00000_frame000322-1581624684_949,ok,
00000_frame000324-1581624685_150,ok,
00000_frame000326-1581624685_350,ok,
00000_frame000328-1581624685_549,ok,
00000_frame000330-1581624685_750,ok,
00000_frame000332-1581624685_950,ok,
00000_frame000334-1581624686_149,ok,
00000_frame000336-1581624686_349,ok,
00000_frame000338-1581624686_549,ok,
00000_frame000340-1581624686_749,ok,
00000_frame000342-1581624686_950,ok,
00000_frame000344-1581624687_149,ok,
00000_frame000346-1581624687_349,ok,
00000_frame000348-1581624687_549,ok,
00000_frame000350-1581624687_750,ok,
00000_frame000352-1581624687_949,ok,
00000_frame000354-1581624688_149,ok,
00000_frame000356-1581624688_350,ok,
00000_frame000358-1581624688_550,ok,
00000_frame000360-1581624688_750,ok,
00000_frame000362-1581624688_949,ok,
00000_frame000364-1581624689_150,ok,
00000_frame000366-1581624689_349,ok,
00000_frame000368-1581624689_549,ok,
00000_frame000370-1581624689_750,ok,
00000_frame000372-1581624689_949,ok,
00000_frame000374-1581624690_149,ok,
00000_frame000376-1581624690_349,ok,
00000_frame000378-1581624690_550,ok,
00000_frame000380-1581624690_749,ok,
00000_frame000382-1581624690_949,ok,
00000_frame000384-1581624691_149,ok,
00000_frame000386-1581624691_350,ok,
00000_frame000388-1581624691_549,ok,
00000_frame000390-1581624691_749,ok,
00000_frame000392-1581624691_949,ok,
00000_frame000394-1581624692_149,ok,
00000_frame000396-1581624692_350,ok,
00000_frame000398-1581624692_549,ok,
00000_frame000400-1581624692_749,ok,
00000_frame000402-1581624692_950,ok,
00000_frame000404-1581624693_150,ok,
00000_frame000406-1581624693_349,ok,
00000_frame000408-1581624693_549,ok,
00000_frame000410-1581624693_750,ok,
00000_frame000412-1581624693_949,ok,
00000_frame000414-1581624694_150,ok,
00000_frame000416-1581624694_350,ok,
00000_frame000418-1581624694_549,ok,
00000_frame000420-1581624694_749,ok,
00000_frame000422-1581624694_949,ok,
00000_frame000424-1581624695_150,ok,
00000_frame000426-1581624695_350,ok,
00000_frame000428-1581624695_549,ok,
00000_frame000430-1581624695_750,ok,
00000_frame000432-1581624695_949,ok,
00000_frame000434-1581624696_150,ok,
00000_frame000436-1581624696_349,ok,
00000_frame000438-1581624696_549,ok,
00000_frame000440-1581624696_749,ok,
00000_frame000442-1581624696_949,ok,
00000_frame000444-1581624697_149,ok,
00000_frame000446-1581624697_349,ok,
00000_frame000448-1581624697_550,ok,
00000_frame000450-1581624697_749,ok,
00000_frame000452-1581624697_949,ok,
00000_frame000454-1581624698_149,ok,
00000_frame000456-1581624698_349,ok,
00000_frame000458-1581624698_550,ok,
00000_frame000460-1581624698_750,ok,
00000_frame000462-1581624698_950,ok,
00000_frame000464-1581624699_149,ok,
00000_frame000466-1581624699_349,ok,
00000_frame000468-1581624699_549,ok,
00000_frame000470-1581624699_749,ok,
00000_frame000472-1581624699_949,ok,
00000_frame000474-1581624700_149,ok,
00000_frame000476-1581624700_350,ok,
00000_frame000478-1581624700_549,ok,
00000_frame000480-1581624700_749,ok,
00000_frame000482-1581624700_949,ok,
00000_frame000484-1581624701_149,ok,
00000_frame000486-1581624701_349,ok,
00000_frame000488-1581624701_550,ok,
00000_frame000490-1581624701_749,ok,
00000_frame000492-1581624701_949,ok,
00000_frame000494-1581624702_149,ok,
00000_frame000496-1581624702_350,ok,
00000_frame000498-1581624702_549,ok,
00000_frame000500-1581624702_749,ok,
00000_frame000502-1581624702_949,ok,
00000_frame000504-1581624703_150,ok,
00000_frame000506-1581624703_350,ok,
00000_frame000508-1581624703_550,ok,
00000_frame000510-1581624703_749,ok,
00000_frame000512-1581624703_949,ok,
00000_frame000514-1581624704_150,ok,
00000_frame000516-1581624704_349,ok,
00000_frame000518-1581624704_550,ok,
00000_frame000520-1581624704_749,ok,
00000_frame000522-1581624704_949,ok,
00000_frame000524-1581624705_150,ok,
00000_frame000526-1581624705_350,ok,
00000_frame000528-1581624705_549,ok,
00000_frame000530-1581624705_749,ok,
00000_frame000532-1581624705_950,ok,
00000_frame000534-1581624706_150,ok,
00000_frame000536-1581624706_349,ok,
00000_frame000538-1581624706_549,ok,
00000_frame000540-1581624706_749,ok,
00000_frame000542-1581624706_950,ok,
00000_frame000544-1581624707_149,ok,
00000_frame000546-1581624707_350,ok,
00000_frame000548-1581624707_550,ok,
00000_frame000550-1581624707_750,ok,
00000_frame000552-1581624707_950,ok,
00000_frame000554-1581624708_149,ok,
00000_frame000556-1581624708_349,ok,
00000_frame000558-1581624708_550,ok,
00000_frame000560-1581624708_750,ok,
00000_frame000562-1581624708_949,ok,
00000_frame000564-1581624709_149,ok,
00000_frame000566-1581624709_349,ok,
00000_frame000568-1581624709_549,ok,
00000_frame000570-1581624709_750,ok,
00000_frame000572-1581624709_949,ok,
00000_frame000574-1581624710_149,ok,
00000_frame000576-1581624710_349,ok,
00000_frame000578-1581624710_549,ok,
00000_frame000580-1581624710_749,ok,
00000_frame000582-1581624710_950,ok,
00000_frame000584-1581624711_149,ok,
00000_frame000586-1581624711_349,ok,
00000_frame000588-1581624711_549,ok,
00000_frame000590-1581624711_750,ok,
00000_frame000592-1581624711_949,ok,
00000_frame000594-1581624712_149,ok,
00000_frame000596-1581624712_349,ok,
00000_frame000598-1581624712_549,ok,
00000_frame000599-1581624712_650,ok,
00000_frame000601-1581624712_849,ok,
00000_frame000603-1581624713_050,ok,
00000_frame000605-1581624713_249,ok,
00000_frame000607-1581624713_449,ok,
00000_frame000609-1581624713_650,ok,
00000_frame000611-1581624713_849,ok,
00000_frame000613-1581624714_050,ok,
00000_frame000615-1581624714_250,ok,
00000_frame000617-1581624714_450,ok,
00000_frame000619-1581624714_650,ok,
00000_frame000621-1581624714_849,ok,
00000_frame000623-1581624715_050,ok,
00000_frame000625-1581624715_249,ok,
00000_frame000627-1581624715_450,ok,
00000_frame000629-1581624715_649,ok,
00000_frame000631-1581624715_850,ok,
00000_frame000633-1581624716_050,ok,
00000_frame000635-1581624716_250,ok,
00000_frame000637-1581624716_449,ok,
00000_frame000639-1581624716_650,ok,
00000_frame000641-1581624716_850,ok,
00000_frame000643-1581624717_049,ok,
00000_frame000645-1581624717_250,ok,
00000_frame000647-1581624717_449,ok,
00000_frame000649-1581624717_649,ok,
00000_frame000651-1581624717_850,ok,
00000_frame000653-1581624718_049,ok,
00000_frame000655-1581624718_249,ok,
00000_frame000657-1581624718_450,ok,
00000_frame000659-1581624718_649,ok,
00000_frame000661-1581624718_849,ok,
00000_frame000663-1581624719_049,ok,
00000_frame000665-1581624719_249,ok,
00000_frame000667-1581624719_450,ok,
00000_frame000669-1581624719_649,ok,
00000_frame000671-1581624719_850,ok,
00000_frame000673-1581624720_050,ok,
00000_frame000675-1581624720_249,ok,
00000_frame000677-1581624720_450,ok,
00000_frame000679-1581624720_650,ok,
00000_frame000681-1581624720_849,ok,
00000_frame000683-1581624721_050,ok,
00000_frame000685-1581624721_250,ok,
00000_frame000687-1581624721_450,ok,
00000_frame000689-1581624721_649,ok,
00000_frame000691-1581624721_850,ok,
00000_frame000693-1581624722_049,ok,
00000_frame000695-1581624722_250,ok,
00000_frame000697-1581624722_450,ok,
00000_frame000699-1581624722_650,ok,
00000_frame000701-1581624722_849,ok,
00000_frame000703-1581624723_050,ok,
00000_frame000705-1581624723_249,ok,
00000_frame000707-1581624723_450,ok,
00000_frame000709-1581624723_650,ok,
00000_frame000711-1581624723_850,ok,
00000_frame000713-1581624724_050,ok,
00000_frame000715-1581624724_249,ok,
00000_frame000717-1581624724_449,ok,
00000_frame000719-1581624724_650,ok,
00000_frame000721-1581624724_849,ok,
00000_frame000723-1581624725_050,ok,
00000_frame000725-1581624725_250,ok,
00000_frame000727-1581624725_449,ok,
00000_frame000729-1581624725_649,ok,
00000_frame000731-1581624725_850,ok,
00000_frame000733-1581624726_049,ok,
00000_frame000735-1581624726_249,ok,
00000_frame000737-1581624726_449,ok,
00000_frame000739-1581624726_650,ok,
00000_frame000741-1581624726_849,ok,
00000_frame000743-1581624727_050,ok,
00000_frame000745-1581624727_250,ok,
00000_frame000747-1581624727_450,ok,
00000_frame000749-1581624727_650,ok,
00000_frame000751-1581624727_849,ok,
00000_frame000753-1581624728_050,ok,
00000_frame000755-1581624728_249,ok,
00000_frame000757-1581624728_450,ok,
00000_frame000759-1581624728_649,ok,
00000_frame000761-1581624728_849,ok,
00000_frame000763-1581624729_049,ok,
00000_frame000765-1581624729_249,ok,
00000_frame000767-1581624729_449,ok,
00000_frame000769-1581624729_649,ok,
00000_frame000771-1581624729_849,ok,
00000_frame000773-1581624730_049,ok,
00000_frame000775-1581624730_250,ok,
00000_frame000777-1581624730_449,ok,
00000_frame000779-1581624730_649,ok,
00000_frame000781-1581624730_850,ok,
00000_frame000783-1581624731_049,ok,
00000_frame000785-1581624731_250,ok,
00000_frame000787-1581624731_449,ok,
00000_frame000789-1581624731_649,ok,
00000_frame000791-1581624731_850,ok,
00000_frame000793-1581624732_049,ok,
00000_frame000795-1581624732_249,ok,
00000_frame000797-1581624732_450,ok,
00000_frame000799-1581624732_649,ok,
00000_frame000801-1581624732_849,ok,
00000_frame000803-1581624733_050,ok,
00000_frame000805-1581624733_249,ok,
00000_frame000807-1581624733_450,ok,
00000_frame000809-1581624733_649,ok,
00000_frame000811-1581624733_850,ok,
00000_frame000813-1581624734_049,ok,
00000_frame000815-1581624734_250,ok,
00000_frame000817-1581624734_449,ok,
00000_frame000819-1581624734_649,ok,
00000_frame000821-1581624734_850,ok,
00000_frame000823-1581624735_049,ok,
00000_frame000825-1581624735_249,ok,
00000_frame000827-1581624735_449,ok,
00000_frame000829-1581624735_650,ok,
00000_frame000831-1581624735_850,ok,
00000_frame000833-1581624736_049,ok,
00000_frame000835-1581624736_250,ok,
00000_frame000837-1581624736_449,ok,
00000_frame000839-1581624736_649,ok,
00000_frame000841-1581624736_849,ok,
00000_frame000843-1581624737_050,ok,
00000_frame000845-1581624737_250,ok,
00000_frame000847-1581624737_450,ok,
00000_frame000849-1581624737_650,ok,
00000_frame000851-1581624737_849,ok,
00000_frame000853-1581624738_049,ok,
00000_frame000855-1581624738_249,ok,
00000_frame000857-1581624738_449,ok,
00000_frame000859-1581624738_649,ok,
00000_frame000861-1581624738_850,ok,
00000_frame000863-1581624739_050,ok,
00000_frame000865-1581624739_249,ok,
00000_frame000867-1581624739_449,ok,
00000_frame000869-1581624739_649,ok,
00000_frame000871-1581624739_850,ok,
00000_frame000873-1581624740_049,ok,
00000_frame000875-1581624740_250,ok,
00000_frame000877-1581624740_449,ok,
00000_frame000879-1581624740_650,ok,
00000_frame000881-1581624740_850,ok,
00000_frame000883-1581624741_049,ok,
00000_frame000885-1581624741_250,ok,
00000_frame000887-1581624741_449,ok,
00000_frame000889-1581624741_649,ok,
00000_frame000891-1581624741_849,ok,
00000_frame000893-1581624742_050,ok,
00000_frame000895-1581624742_249,ok,
00000_frame000897-1581624742_449,ok,
00000_frame000899-1581624742_649,ok,
00000_frame000901-1581624742_849,ok,
00000_frame000903-1581624743_050,ok,
00000_frame000905-1581624743_250,ok,
00000_frame000907-1581624743_450,ok,
00000_frame000909-1581624743_649,ok,
00000_frame000911-1581624743_849,ok,
00000_frame000913-1581624744_049,ok,
00000_frame000915-1581624744_250,ok,
00000_frame000917-1581624744_450,ok,
00000_frame000919-1581624744_650,ok,
00000_frame000921-1581624744_849,ok,
00000_frame000923-1581624745_050,ok,
00000_frame000925-1581624745_250,ok,
00000_frame000927-1581624745_449,ok,
00000_frame000929-1581624745_649,ok,
00000_frame000931-1581624745_849,ok,
00000_frame000933-1581624746_049,ok,
00000_frame000935-1581624746_249,ok,
00000_frame000937-1581624746_449,ok,
00000_frame000939-1581624746_649,ok,
00000_frame000941-1581624746_850,ok,
00000_frame000943-1581624747_050,ok,
00000_frame000945-1581624747_250,ok,
00000_frame000947-1581624747_449,ok,
00000_frame000949-1581624747_649,ok,
00000_frame000951-1581624747_850,ok,
00000_frame000953-1581624748_050,ok,
00000_frame000955-1581624748_249,ok,
00000_frame000957-1581624748_450,ok,
00000_frame000959-1581624748_649,ok,
00000_frame000961-1581624748_849,ok,
00000_frame000963-1581624749_049,ok,
00000_frame000965-1581624749_249,ok,
00000_frame000967-1581624749_449,ok,
00000_frame000969-1581624749_649,ok,
00000_frame000971-1581624749_849,ok,
00000_frame000973-1581624750_049,ok,
00000_frame000975-1581624750_250,ok,
00000_frame000977-1581624750_450,ok,
00000_frame000979-1581624750_650,ok,
00000_frame000981-1581624750_850,ok,
00000_frame000983-1581624751_050,ok,
00000_frame000985-1581624751_249,ok,
00000_frame000987-1581624751_449,ok,
00000_frame000989-1581624751_650,ok,
00000_frame000991-1581624751_849,ok,
00000_frame000993-1581624752_049,ok,
00000_frame000995-1581624752_249,ok,
00000_frame000997-1581624752_449,ok,
00000_frame000999-1581624752_650,ok,
00000_frame001001-1581624752_849,ok,
00000_frame001003-1581624753_049,ok,
00000_frame001005-1581624753_249,ok,
00000_frame001007-1581624753_449,ok,
00000_frame001009-1581624753_650,ok,
00000_frame001011-1581624753_849,ok,
00000_frame001013-1581624754_050,ok,
00000_frame001015-1581624754_249,ok,
00000_frame001017-1581624754_450,ok,
00000_frame001019-1581624754_649,ok,
00000_frame001021-1581624754_849,ok,
00000_frame001023-1581624755_050,ok,
00000_frame001025-1581624755_250,ok,
00000_frame001027-1581624755_450,ok,
00000_frame001029-1581624755_649,ok,
00000_frame001031-1581624755_849,ok,
00000_frame001033-1581624756_049,ok,
00000_frame001035-1581624756_249,ok,
00000_frame001037-1581624756_450,ok,
00000_frame001039-1581624756_650,ok,
00000_frame001041-1581624756_850,ok,
00000_frame001043-1581624757_050,ok,
00000_frame001045-1581624757_250,ok,
00000_frame001047-1581624757_449,ok,
00000_frame001049-1581624757_650,ok,
00000_frame001051-1581624757_850,ok,
00000_frame001053-1581624758_050,ok,
00000_frame001055-1581624758_249,ok,
00000_frame001057-1581624758_449,ok,
00000_frame001059-1581624758_650,ok,
00000_frame001061-1581624758_849,ok,
00000_frame001063-1581624759_049,ok,
00000_frame001065-1581624759_249,ok,
00000_frame001067-1581624759_449,ok,
00000_frame001069-1581624759_650,ok,
00000_frame001071-1581624759_850,ok,
00000_frame001073-1581624760_049,ok,
00000_frame001075-1581624760_250,ok,
00000_frame001077-1581624760_450,ok,
00000_frame001079-1581624760_650,ok,
00000_frame001081-1581624760_849,ok,
00000_frame001083-1581624761_050,ok,
00000_frame001085-1581624761_249,ok,
00000_frame001087-1581624761_449,ok,
00000_frame001089-1581624761_649,ok,
00000_frame001091-1581624761_850,ok,
00000_frame001093-1581624762_050,ok,
00000_frame001095-1581624762_249,ok,
00000_frame001097-1581624762_449,ok,
00000_frame001099-1581624762_649,ok,
00000_frame001101-1581624762_850,ok,
00000_frame001103-1581624763_050,ok,
00000_frame001105-1581624763_250,ok,
00000_frame001107-1581624763_449,ok,
00000_frame001109-1581624763_649,ok,
00000_frame001111-1581624763_849,ok,
00000_frame001113-1581624764_049,ok,
00000_frame001115-1581624764_250,ok,
00000_frame001117-1581624764_450,ok,
00000_frame001119-1581624764_650,ok,
00000_frame001121-1581624764_849,ok,
00000_frame001123-1581624765_049,ok,
00000_frame001125-1581624765_250,ok,
00000_frame001127-1581624765_449,ok,
00000_frame001129-1581624765_650,ok,
00000_frame001131-1581624765_850,ok,
00000_frame001133-1581624766_050,ok,
00000_frame001135-1581624766_249,ok,
00000_frame001137-1581624766_450,ok,
00000_frame001139-1581624766_650,ok,
00000_frame001141-1581624766_849,ok,
00000_frame001143-1581624767_049,ok,
00000_frame001145-1581624767_249,ok,
00000_frame001147-1581624767_450,ok,
00000_frame001149-1581624767_649,ok,
00000_frame001151-1581624767_849,ok,
00000_frame001153-1581624768_049,ok,
00000_frame001155-1581624768_249,ok,
00000_frame001157-1581624768_450,ok,
00000_frame001159-1581624768_649,ok,
00000_frame001161-1581624768_849,ok,
00000_frame001163-1581624769_050,ok,
00000_frame001165-1581624769_249,ok,
00000_frame001167-1581624769_449,ok,
00000_frame001169-1581624769_649,ok,
00000_frame001171-1581624769_849,ok,
00000_frame001173-1581624770_049,ok,
00000_frame001175-1581624770_250,ok,
00000_frame001177-1581624770_449,ok,
00000_frame001179-1581624770_650,ok,
00000_frame001181-1581624770_850,ok,
00000_frame001183-1581624771_049,ok,
00000_frame001185-1581624771_249,ok,
00000_frame001187-1581624771_449,ok,
00000_frame001189-1581624771_650,ok,
00000_frame001191-1581624771_849,ok,
00000_frame001193-1581624772_049,ok,
00000_frame001195-1581624772_249,ok,
00000_frame001197-1581624772_449,ok,
00000_frame001199-1581624772_649,ok,
00000_frame001201-1581624772_849,ok,
00000_frame001203-1581624773_049,ok,
00000_frame001205-1581624773_249,ok,
00000_frame001207-1581624773_449,ok,
00000_frame001209-1581624773_649,ok,
00000_frame001211-1581624773_849,ok,
00000_frame001213-1581624774_049,ok,
00000_frame001215-1581624774_249,ok,
00000_frame001217-1581624774_449,ok,
00000_frame001219-1581624774_650,ok,
00000_frame001221-1581624774_849,ok,
00000_frame001223-1581624775_049,ok,
00000_frame001225-1581624775_249,ok,
00000_frame001227-1581624775_449,ok,
00000_frame001229-1581624775_649,ok,
00000_frame001231-1581624775_849,ok,
00000_frame001233-1581624776_049,ok,
00000_frame001235-1581624776_250,ok,
00000_frame001237-1581624776_449,ok,
00000_frame001239-1581624776_649,ok,
00000_frame001241-1581624776_849,ok,
00000_frame001243-1581624777_050,ok,
00000_frame001245-1581624777_250,ok,
00000_frame001247-1581624777_449,ok,
00000_frame001249-1581624777_649,ok,
00000_frame001251-1581624777_849,ok,
00000_frame001253-1581624778_049,ok,
00000_frame001255-1581624778_250,ok,
00000_frame001257-1581624778_450,ok,
00000_frame001259-1581624778_649,ok,
00000_frame001261-1581624778_849,ok,
00000_frame001263-1581624779_049,ok,
00000_frame001265-1581624779_249,ok,
00000_frame001267-1581624779_450,ok,
00000_frame001269-1581624779_649,ok,
00000_frame001271-1581624779_850,ok,
00000_frame001273-1581624780_049,ok,
00000_frame001275-1581624780_249,ok,
00000_frame001277-1581624780_449,ok,
00000_frame001279-1581624780_649,ok,
00000_frame001281-1581624780_849,ok,
00000_frame001283-1581624781_049,ok,
00000_frame001285-1581624781_250,ok,
00000_frame001287-1581624781_449,ok,
00000_frame001289-1581624781_650,ok,
00000_frame001291-1581624781_849,ok,
00000_frame001293-1581624782_049,ok,
00000_frame001295-1581624782_250,ok,
00000_frame001297-1581624782_449,ok,
00000_frame001299-1581624782_649,ok,
00000_frame001301-1581624782_849,ok,
00000_frame001303-1581624783_049,ok,
00000_frame001305-1581624783_249,ok,
00000_frame001307-1581624783_449,ok,
00000_frame001309-1581624783_649,ok,
00000_frame001311-1581624783_849,ok,
00000_frame001313-1581624784_050,ok,
00000_frame001315-1581624784_250,ok,
00000_frame001317-1581624784_449,ok,
00000_frame001319-1581624784_649,ok,
00000_frame001321-1581624784_849,ok,
00000_frame001323-1581624785_049,ok,
00000_frame001325-1581624785_249,ok,
00000_frame001327-1581624785_449,ok,
00000_frame001329-1581624785_649,ok,
00000_frame001331-1581624785_850,ok,
00000_frame001333-1581624786_049,ok,
00000_frame001335-1581624786_249,ok,
00000_frame001337-1581624786_449,ok,
00000_frame001339-1581624786_650,ok,
00000_frame001341-1581624786_850,ok,
00000_frame001343-1581624787_049,ok,
00000_frame001345-1581624787_249,ok,
00000_frame001347-1581624787_450,ok,
00000_frame001349-1581624787_650,ok,
00000_frame001351-1581624787_850,ok,
00000_frame001353-1581624788_049,ok,
00000_frame001355-1581624788_249,ok,
00000_frame001357-1581624788_449,ok,
00000_frame001359-1581624788_650,ok,
00000_frame001361-1581624788_849,ok,
00000_frame001363-1581624789_049,ok,
00000_frame001365-1581624789_250,ok,
00000_frame001367-1581624789_450,ok,
00000_frame001369-1581624789_649,ok,
00000_frame001371-1581624789_850,ok,
00000_frame001373-1581624790_050,ok,
00000_frame001375-1581624790_249,ok,
00000_frame001377-1581624790_449,ok,
00000_frame001379-1581624790_649,ok,
00000_frame001381-1581624790_850,ok,
00000_frame001383-1581624791_050,ok,
00000_frame001385-1581624791_249,ok,
00000_frame001387-1581624791_449,ok,
00000_frame001389-1581624791_649,ok,
00000_frame001391-1581624791_849,ok,
00000_frame001393-1581624792_049,ok,
00000_frame001395-1581624792_249,ok,
00000_frame001397-1581624792_449,ok,
00000_frame001399-1581624792_649,ok,
00000_frame001401-1581624792_850,ok,
00000_frame001403-1581624793_049,ok,
00000_frame001405-1581624793_249,ok,
00000_frame001407-1581624793_449,ok,
00000_frame001409-1581624793_649,ok,
00000_frame001411-1581624793_849,ok,
00000_frame001413-1581624794_049,ok,
00000_frame001415-1581624794_250,ok,
00000_frame001417-1581624794_449,ok,
00000_frame001419-1581624794_649,ok,
00000_frame001421-1581624794_849,ok,
00000_frame001423-1581624795_049,ok,
00000_frame001425-1581624795_249,ok,
00000_frame001427-1581624795_450,ok,
00000_frame001429-1581624795_650,ok,
00000_frame001431-1581624795_850,ok,
00000_frame001433-1581624796_050,ok,
00000_frame001435-1581624796_250,ok,
00000_frame001437-1581624796_449,ok,
00000_frame001439-1581624796_649,ok,
00000_frame001441-1581624796_849,ok,
00000_frame001443-1581624797_049,ok,
00000_frame001445-1581624797_249,ok,
00000_frame001447-1581624797_449,ok,
00000_frame001449-1581624797_649,ok,
00000_frame001451-1581624797_850,ok,
00000_frame001453-1581624798_049,ok,
00000_frame001455-1581624798_249,ok,
00000_frame001457-1581624798_450,ok,
00000_frame001459-1581624798_649,ok,
00000_frame001461-1581624798_849,ok,
00000_frame001463-1581624799_050,ok,
00000_frame001465-1581624799_249,ok,
00000_frame001467-1581624799_449,ok,
00000_frame001469-1581624799_649,ok,
00000_frame001471-1581624799_849,ok,
00000_frame001473-1581624800_050,ok,
00000_frame001475-1581624800_249,ok,
00000_frame001477-1581624800_449,ok,
00000_frame001479-1581624800_649,ok,
00000_frame001481-1581624800_850,ok,
00000_frame001483-1581624801_050,ok,
00000_frame001485-1581624801_250,ok,
00000_frame001487-1581624801_449,ok,
00000_frame001489-1581624801_649,ok,
00000_frame001491-1581624801_849,ok,
00000_frame001493-1581624802_049,ok,
00000_frame001495-1581624802_249,ok,
00000_frame001497-1581624802_449,ok,
00000_frame001499-1581624802_649,ok,
00000_frame001501-1581624802_849,ok,
00000_frame001503-1581624803_049,ok,
00000_frame001505-1581624803_250,ok,
00000_frame001507-1581624803_449,ok,
00000_frame001509-1581624803_649,ok,
00000_frame001511-1581624803_849,ok,
00000_frame001513-1581624804_049,ok,
00000_frame001515-1581624804_249,ok,
00000_frame001517-1581624804_449,ok,
00000_frame001519-1581624804_649,ok,
00000_frame001521-1581624804_849,ok,
00000_frame001523-1581624805_049,ok,
00000_frame001525-1581624805_249,ok,
00000_frame001527-1581624805_449,ok,
00000_frame001529-1581624805_649,ok,
00000_frame001531-1581624805_849,ok,
00000_frame001533-1581624806_049,ok,
00000_frame001535-1581624806_249,ok,
00000_frame001537-1581624806_449,ok,
00000_frame001539-1581624806_650,ok,
00000_frame001541-1581624806_849,ok,
00000_frame001543-1581624807_049,ok,
00000_frame001545-1581624807_250,ok,
00000_frame001547-1581624807_449,ok,
00000_frame001549-1581624807_649,ok,
00000_frame001551-1581624807_850,ok,
00000_frame001553-1581624808_049,ok,
00000_frame001555-1581624808_250,ok,
00000_frame001557-1581624808_449,ok,
00000_frame001559-1581624808_649,ok,
00000_frame001561-1581624808_850,ok,
00000_frame001563-1581624809_050,ok,
00000_frame001565-1581624809_249,ok,
00000_frame001567-1581624809_449,ok,
00000_frame001569-1581624809_649,ok,
00000_frame001571-1581624809_850,ok,
00000_frame001573-1581624810_050,ok,
00000_frame001575-1581624810_250,ok,
00000_frame001577-1581624810_449,ok,
00000_frame001579-1581624810_649,ok,
00000_frame001581-1581624810_850,ok,
00000_frame001583-1581624811_050,ok,
00000_frame001585-1581624811_249,ok,
00000_frame001587-1581624811_450,ok,
00000_frame001589-1581624811_649,ok,
00000_frame001591-1581624811_850,ok,
00000_frame001593-1581624812_050,ok,
00000_frame001595-1581624812_249,ok,
00000_frame001597-1581624812_449,ok,
00000_frame001599-1581624812_649,ok,
00000_frame001601-1581624812_849,ok,
00000_frame001603-1581624813_049,ok,
00000_frame001605-1581624813_249,ok,
00000_frame001607-1581624813_449,ok,
00000_frame001609-1581624813_649,ok,
00000_frame001611-1581624813_849,ok,
00000_frame001613-1581624814_049,ok,
00000_frame001615-1581624814_250,ok,
00000_frame001617-1581624814_450,ok,
00000_frame001619-1581624814_650,ok,
00000_frame001621-1581624814_850,ok,
00000_frame001623-1581624815_049,ok,
00000_frame001625-1581624815_249,ok,
00000_frame001627-1581624815_449,ok,
00000_frame001629-1581624815_650,ok,
00000_frame001631-1581624815_850,ok,
00000_frame001633-1581624816_049,ok,
00000_frame001635-1581624816_249,ok,
00000_frame001637-1581624816_450,ok,
00000_frame001639-1581624816_650,ok,
00000_frame001641-1581624816_850,ok,
00000_frame001643-1581624817_049,ok,
00000_frame001645-1581624817_249,ok,
00000_frame001647-1581624817_450,ok,
00000_frame001649-1581624817_650,ok,
00000_frame001651-1581624817_850,ok,
00000_frame001653-1581624818_050,ok,
00000_frame001655-1581624818_249,ok,
00000_frame001657-1581624818_449,ok,
00000_frame001659-1581624818_649,ok,
00000_frame001661-1581624818_849,ok,
00000_frame001663-1581624819_050,ok,
00000_frame001665-1581624819_250,ok,
00000_frame001667-1581624819_449,ok,
00000_frame001669-1581624819_649,ok,
00000_frame001671-1581624819_849,ok,
00000_frame001673-1581624820_050,ok,
00000_frame001675-1581624820_249,ok,
00000_frame001677-1581624820_449,ok,
00000_frame001679-1581624820_650,ok,
00000_frame001681-1581624820_850,ok,
00000_frame001683-1581624821_049,ok,
00000_frame001685-1581624821_249,ok,
00000_frame001687-1581624821_449,ok,
00000_frame001689-1581624821_650,ok,
00000_frame001691-1581624821_849,ok,
00000_frame001693-1581624822_050,ok,
00000_frame001695-1581624822_250,ok,
00000_frame001697-1581624822_449,ok,
00000_frame001699-1581624822_649,ok,
00000_frame001701-1581624822_850,ok,
00000_frame001703-1581624823_050,ok,
00000_frame001705-1581624823_250,ok,
00000_frame001707-1581624823_450,ok,
00000_frame001709-1581624823_650,ok,
00000_frame001711-1581624823_849,ok,
00000_frame001713-1581624824_050,ok,
00000_frame001715-1581624824_250,ok,
00000_frame001717-1581624824_449,ok,
00000_frame001719-1581624824_650,ok,
00000_frame001721-1581624824_849,ok,
00000_frame001723-1581624825_049,ok,
00000_frame001725-1581624825_249,ok,
00000_frame001727-1581624825_449,ok,
00000_frame001729-1581624825_649,ok,
00000_frame001731-1581624825_850,ok,
00000_frame001733-1581624826_050,ok,
00000_frame001735-1581624826_249,ok,
00000_frame001737-1581624826_449,ok,
00000_frame001739-1581624826_649,ok,
00000_frame001741-1581624826_850,ok,
00000_frame001743-1581624827_049,ok,
00000_frame001745-1581624827_250,ok,
00000_frame001747-1581624827_450,ok,
00000_frame001749-1581624827_649,ok,
00000_frame001751-1581624827_850,ok,
00000_frame001753-1581624828_050,ok,
00000_frame001755-1581624828_250,ok,
00000_frame001757-1581624828_449,ok,
00000_frame001759-1581624828_650,ok,
00000_frame001761-1581624828_850,ok,
00000_frame001763-1581624829_050,ok,
00000_frame001765-1581624829_249,ok,
00000_frame001767-1581624829_450,ok,
00000_frame001769-1581624829_649,ok,
00000_frame001771-1581624829_850,ok,
00000_frame001773-1581624830_050,ok,
00000_frame001775-1581624830_250,ok,
00000_frame001777-1581624830_450,ok,
00000_frame001779-1581624830_649,ok,
00000_frame001781-1581624830_850,ok,
00000_frame001783-1581624831_050,ok,
00000_frame001785-1581624831_249,ok,
00000_frame001787-1581624831_449,ok,
00000_frame001789-1581624831_649,ok,
00000_frame001791-1581624831_850,ok,
00000_frame001793-1581624832_050,ok,
00000_frame001795-1581624832_249,ok,
00000_frame001797-1581624832_450,ok,
00000_frame001799-1581624832_650,ok,
00000_frame001801-1581624832_849,ok,
00000_frame001803-1581624833_050,ok,
00000_frame001805-1581624833_250,ok,
00000_frame001807-1581624833_449,ok,
00000_frame001809-1581624833_650,ok,
00000_frame001811-1581624833_849,ok,
00000_frame001813-1581624834_050,ok,
00000_frame001815-1581624834_249,ok,
00000_frame001817-1581624834_449,ok,
00000_frame001819-1581624834_650,ok,
00000_frame001821-1581624834_850,ok,
00000_frame001823-1581624835_049,ok,
00000_frame001825-1581624835_250,ok,
00000_frame001827-1581624835_450,ok,
00000_frame001829-1581624835_650,ok,
00000_frame001831-1581624835_850,ok,
00000_frame001833-1581624836_050,ok,
00000_frame001835-1581624836_249,ok,
00000_frame001837-1581624836_450,ok,
00000_frame001839-1581624836_649,ok,
00000_frame001841-1581624836_850,ok,
00000_frame001843-1581624837_049,ok,
00000_frame001845-1581624837_250,ok,
00000_frame001847-1581624837_450,ok,
00000_frame001849-1581624837_650,ok,
00000_frame001851-1581624837_850,ok,
00000_frame001853-1581624838_049,ok,
00000_frame001855-1581624838_249,ok,
00000_frame001857-1581624838_450,ok,
00000_frame001859-1581624838_649,ok,
00000_frame001861-1581624838_849,ok,
00000_frame001863-1581624839_049,ok,
00000_frame001865-1581624839_250,ok,
00000_frame001867-1581624839_449,ok,
00000_frame001869-1581624839_650,ok,
00000_frame001871-1581624839_849,ok,
00000_frame001873-1581624840_049,ok,
00000_frame001875-1581624840_249,ok,
00000_frame001877-1581624840_449,ok,
00000_frame001879-1581624840_649,ok,
00000_frame001881-1581624840_849,ok,
00000_frame001883-1581624841_049,ok,
00000_frame001885-1581624841_250,ok,
00000_frame001887-1581624841_450,ok,
00000_frame001889-1581624841_650,ok,
00000_frame001891-1581624841_850,ok,
00000_frame001893-1581624842_050,ok,
00000_frame001895-1581624842_249,ok,
00000_frame001897-1581624842_450,ok,
00000_frame001899-1581624842_650,ok,
00000_frame001901-1581624842_850,ok,
00000_frame001903-1581624843_049,ok,
00000_frame001905-1581624843_249,ok,
00000_frame001907-1581624843_450,ok,
00000_frame001909-1581624843_649,ok,
00000_frame001911-1581624843_850,ok,
00000_frame001913-1581624844_049,ok,
00000_frame001915-1581624844_250,ok,
00000_frame001917-1581624844_450,ok,
00000_frame001919-1581624844_649,ok,
00000_frame001921-1581624844_850,ok,
00000_frame001923-1581624845_049,ok,
00000_frame001925-1581624845_249,ok,
00000_frame001927-1581624845_449,ok,
00000_frame001929-1581624845_649,ok,
00000_frame001931-1581624845_849,ok,
00000_frame001933-1581624846_050,ok,
00000_frame001935-1581624846_249,ok,
00000_frame001937-1581624846_449,ok,
00000_frame001939-1581624846_650,ok,
00000_frame001941-1581624846_850,ok,
00000_frame001943-1581624847_049,ok,
00000_frame001945-1581624847_249,ok,
00000_frame001947-1581624847_449,ok,
00000_frame001949-1581624847_650,ok,
00000_frame001951-1581624847_849,ok,
00000_frame001953-1581624848_050,ok,
00000_frame001955-1581624848_250,ok,
00000_frame001957-1581624848_449,ok,
00000_frame001959-1581624848_650,ok,
00000_frame001961-1581624848_850,ok,
00000_frame001963-1581624849_050,ok,
00000_frame001965-1581624849_249,ok,
00000_frame001967-1581624849_449,ok,
00000_frame001969-1581624849_649,ok,
00000_frame001971-1581624849_850,ok,
00000_frame001973-1581624850_050,ok,
00000_frame001975-1581624850_249,ok,
00000_frame001977-1581624850_450,ok,
00000_frame001979-1581624850_649,ok,
00000_frame001981-1581624850_849,ok,
00000_frame001983-1581624851_050,ok,
00000_frame001985-1581624851_249,ok,
00000_frame001987-1581624851_449,ok,
00000_frame001989-1581624851_649,ok,
00000_frame001991-1581624851_849,ok,
00000_frame001993-1581624852_050,ok,
00000_frame001995-1581624852_249,ok,
00000_frame001997-1581624852_449,ok,
00000_frame001999-1581624852_650,ok,
00000_frame002001-1581624852_850,ok,
00000_frame002003-1581624853_049,ok,
00000_frame002005-1581624853_249,ok,
00000_frame002007-1581624853_449,ok,
00000_frame002009-1581624853_649,ok,
00000_frame002011-1581624853_849,ok,
00000_frame002013-1581624854_049,ok,
00000_frame002015-1581624854_249,ok,
00000_frame002017-1581624854_449,ok,
00000_frame002019-1581624854_649,ok,
00000_frame002021-1581624854_850,ok,
00000_frame002023-1581624855_049,ok,
00000_frame002025-1581624855_249,ok,
00000_frame002027-1581624855_449,ok,
00000_frame002029-1581624855_649,ok,
00000_frame002031-1581624855_849,ok,
00000_frame002033-1581624856_050,ok,
00000_frame002035-1581624856_249,ok,
00000_frame002037-1581624856_450,ok,
00000_frame002039-1581624856_649,ok,
00000_frame002041-1581624856_849,ok,
00000_frame002043-1581624857_050,ok,
00000_frame002045-1581624857_249,ok,
00000_frame002047-1581624857_449,ok,
00000_frame002049-1581624857_650,ok,
00000_frame002051-1581624857_850,ok,
00000_frame002053-1581624858_049,ok,
00000_frame002055-1581624858_249,ok,
00000_frame002057-1581624858_449,ok,
00000_frame002059-1581624858_650,ok,
00000_frame002061-1581624858_849,ok,
00000_frame002063-1581624859_049,ok,
00000_frame002065-1581624859_250,ok,
00000_frame002067-1581624859_449,ok,
00000_frame002069-1581624859_649,ok,
00000_frame002071-1581624859_849,ok,
00000_frame002073-1581624860_050,ok,
00000_frame002075-1581624860_249,ok,
00000_frame002077-1581624860_450,ok,
00000_frame002079-1581624860_650,ok,
00000_frame002081-1581624860_849,ok,
00000_frame002083-1581624861_049,ok,
00000_frame002085-1581624861_250,ok,
00000_frame002087-1581624861_450,ok,
00000_frame002089-1581624861_649,ok,
00000_frame002091-1581624861_850,ok,
00000_frame002093-1581624862_049,ok,
00000_frame002095-1581624862_249,ok,
00000_frame002097-1581624862_450,ok,
00000_frame002099-1581624862_650,ok,
00000_frame002101-1581624862_850,ok,
00000_frame002103-1581624863_049,ok,
00000_frame002105-1581624863_249,ok,
00000_frame002107-1581624863_450,ok,
00000_frame002109-1581624863_649,ok,
00000_frame002111-1581624863_850,ok,
00000_frame002113-1581624864_050,ok,
00000_frame002115-1581624864_249,ok,
00000_frame002117-1581624864_450,ok,
00000_frame002119-1581624864_649,ok,
00000_frame002121-1581624864_849,ok,
00000_frame002123-1581624865_049,ok,
00000_frame002125-1581624865_250,ok,
00000_frame002127-1581624865_450,ok,
00000_frame002129-1581624865_649,ok,
00000_frame002131-1581624865_850,ok,
00000_frame002133-1581624866_049,ok,
00000_frame002135-1581624866_250,ok,
00000_frame002137-1581624866_449,ok,
00000_frame002139-1581624866_650,ok,
00000_frame002141-1581624866_849,ok,
00000_frame002143-1581624867_050,ok,
00000_frame002145-1581624867_249,ok,
00000_frame002147-1581624867_449,ok,
00000_frame002149-1581624867_650,ok,
00000_frame002151-1581624867_850,ok,
00000_frame002153-1581624868_050,ok,
00000_frame002155-1581624868_249,ok,
00000_frame002157-1581624868_450,ok,
00000_frame002159-1581624868_650,ok,
00000_frame002161-1581624868_849,ok,
00000_frame002163-1581624869_050,ok,
00000_frame002165-1581624869_249,ok,
00000_frame002167-1581624869_450,ok,
00000_frame002169-1581624869_649,ok,
00000_frame002171-1581624869_849,ok,
00000_frame002173-1581624870_050,ok,
00000_frame002175-1581624870_249,ok,
00000_frame002177-1581624870_449,ok,
00000_frame002179-1581624870_649,ok,
00000_frame002181-1581624870_849,ok,
00000_frame002183-1581624871_050,ok,
00000_frame002185-1581624871_249,ok,
00000_frame002187-1581624871_449,ok,
00000_frame002189-1581624871_650,ok,
00000_frame002191-1581624871_850,ok,
00000_frame002193-1581624872_050,ok,
00000_frame002195-1581624872_249,ok,
00000_frame002197-1581624872_449,ok,
00000_frame002199-1581624872_650,ok,
00000_frame002201-1581624872_850,ok,
00000_frame002203-1581624873_049,ok,
00000_frame002205-1581624873_250,ok,
00000_frame002207-1581624873_449,ok,
00000_frame002209-1581624873_650,ok,
00000_frame002211-1581624873_849,ok,
00000_frame002213-1581624874_050,ok,
00000_frame002215-1581624874_250,ok,
00000_frame002217-1581624874_450,ok,
00000_frame002219-1581624874_649,ok,
00000_frame002221-1581624874_849,ok,
00000_frame002223-1581624875_049,ok,
00000_frame002225-1581624875_250,ok,
00000_frame002227-1581624875_449,ok,
00000_frame002229-1581624875_650,ok,
00000_frame002231-1581624875_850,ok,
00000_frame002233-1581624876_049,ok,
00000_frame002235-1581624876_249,ok,
00000_frame002237-1581624876_449,ok,
00000_frame002239-1581624876_650,ok,
00000_frame002241-1581624876_850,ok,
00000_frame002243-1581624877_049,ok,
00000_frame002245-1581624877_250,ok,
00000_frame002247-1581624877_449,ok,
00000_frame002249-1581624877_649,ok,
00000_frame002251-1581624877_850,ok,
00000_frame002253-1581624878_049,ok,
00000_frame002255-1581624878_250,ok,
00000_frame002257-1581624878_449,ok,
00000_frame002259-1581624878_650,ok,
00000_frame002261-1581624878_850,ok,
00000_frame002263-1581624879_050,ok,
00000_frame002265-1581624879_250,ok,
00000_frame002267-1581624879_449,ok,
00000_frame002269-1581624879_650,ok,
00000_frame002271-1581624879_849,ok,
00000_frame002273-1581624880_050,ok,
00000_frame002275-1581624880_250,ok,
00000_frame002277-1581624880_449,ok,
00000_frame002279-1581624880_650,ok,
00000_frame002281-1581624880_850,ok,
00000_frame002283-1581624881_050,ok,
00000_frame002285-1581624881_249,ok,
00000_frame002287-1581624881_449,ok,
00000_frame002289-1581624881_649,ok,
00000_frame002291-1581624881_850,ok,
00000_frame002293-1581624882_050,ok,
00000_frame002295-1581624882_249,ok,
00000_frame002297-1581624882_450,ok,
00000_frame002299-1581624882_650,ok,
00000_frame002301-1581624882_849,ok,
00000_frame002303-1581624883_050,ok,
00000_frame002305-1581624883_249,ok,
00000_frame002307-1581624883_449,ok,
00000_frame002309-1581624883_649,ok,
00000_frame002311-1581624883_850,ok,
00000_frame002313-1581624884_050,ok,
00000_frame002315-1581624884_250,ok,
00000_frame002317-1581624884_450,ok,
00000_frame002319-1581624884_650,ok,
00000_frame002321-1581624884_850,ok,
00000_frame002323-1581624885_050,ok,
00000_frame002325-1581624885_250,ok,
00000_frame002327-1581624885_449,ok,
00000_frame002329-1581624885_650,ok,
00000_frame002331-1581624885_849,ok,
00000_frame002333-1581624886_050,ok,
00000_frame002335-1581624886_250,ok,
00000_frame002337-1581624886_449,ok,
00000_frame002339-1581624886_650,ok,
00000_frame002341-1581624886_850,ok,
00000_frame002343-1581624887_049,ok,
00000_frame002345-1581624887_250,ok,
00000_frame002347-1581624887_450,ok,
00000_frame002349-1581624887_650,ok,
00000_frame002351-1581624887_849,ok,
00000_frame002353-1581624888_049,ok,
00000_frame002355-1581624888_250,ok,
00000_frame002357-1581624888_449,ok,
00000_frame002359-1581624888_649,ok,
00000_frame002361-1581624888_850,ok,
00000_frame002363-1581624889_049,ok,
00000_frame002365-1581624889_249,ok,
00000_frame002367-1581624889_450,ok,
00000_frame002369-1581624889_650,ok,
00000_frame002371-1581624889_849,ok,
00000_frame002373-1581624890_049,ok,
00000_frame002375-1581624890_249,ok,
00000_frame002377-1581624890_449,ok,
00000_frame002379-1581624890_649,ok,
00000_frame002381-1581624890_849,ok,
00000_frame002383-1581624891_049,ok,
00000_frame002385-1581624891_250,ok,
00000_frame002387-1581624891_449,ok,
00000_frame002389-1581624891_649,ok,
00000_frame002391-1581624891_849,ok,
00000_frame002393-1581624892_049,ok,
00000_frame002395-1581624892_249,ok,
00000_frame002397-1581624892_449,ok,
00001_frame000000-1581623790_349,ok,
00001_frame000002-1581623790_549,ok,
00001_frame000004-1581623790_749,ok,
00001_frame000006-1581623790_949,ok,
00001_frame000008-1581623791_149,ok,
00001_frame000010-1581623791_349,ok,
00001_frame000012-1581623791_550,ok,
00001_frame000014-1581623791_749,ok,
00001_frame000016-1581623791_949,ok,
00001_frame000018-1581623792_149,ok,
00001_frame000020-1581623792_349,ok,
00001_frame000022-1581623792_549,ok,
00001_frame000024-1581623792_750,ok,
00001_frame000026-1581623792_949,ok,
00001_frame000028-1581623793_149,ok,
00001_frame000030-1581623793_349,ok,
00001_frame000032-1581623793_549,ok,
00001_frame000034-1581623793_750,ok,
00001_frame000036-1581623793_950,ok,
00001_frame000038-1581623794_150,ok,
00001_frame000040-1581623794_349,ok,
00001_frame000042-1581623794_549,ok,
00001_frame000044-1581623794_750,ok,
00001_frame000046-1581623794_949,ok,
00001_frame000048-1581623795_150,ok,
00001_frame000050-1581623795_350,ok,
00001_frame000052-1581623795_550,ok,
00001_frame000054-1581623795_749,ok,
00001_frame000056-1581623795_949,ok,
00001_frame000058-1581623796_150,ok,
00001_frame000060-1581623796_349,ok,
00001_frame000062-1581623796_550,ok,
00001_frame000064-1581623796_749,ok,
00001_frame000066-1581623796_949,ok,
00001_frame000068-1581623797_149,ok,
00001_frame000070-1581623797_349,ok,
00001_frame000072-1581623797_549,ok,
00001_frame000074-1581623797_749,ok,
00001_frame000076-1581623797_949,ok,
00001_frame000078-1581623798_150,ok,
00001_frame000080-1581623798_350,ok,
00001_frame000082-1581623798_550,ok,
00001_frame000084-1581623798_750,ok,
00001_frame000086-1581623798_949,ok,
00001_frame000088-1581623799_149,ok,
00001_frame000090-1581623799_350,ok,
00001_frame000092-1581623799_550,ok,
00001_frame000094-1581623799_750,ok,
00001_frame000096-1581623799_950,ok,
00001_frame000098-1581623800_150,ok,
00001_frame000100-1581623800_349,ok,
00001_frame000102-1581623800_550,ok,
00001_frame000104-1581623800_750,ok,
00001_frame000106-1581623800_950,ok,
00001_frame000108-1581623801_150,ok,
00001_frame000110-1581623801_350,ok,
00001_frame000112-1581623801_550,ok,
00001_frame000114-1581623801_750,ok,
00001_frame000116-1581623801_949,ok,
00001_frame000118-1581623802_150,ok,
00001_frame000120-1581623802_350,ok,
00001_frame000122-1581623802_550,ok,
00001_frame000124-1581623802_750,ok,
00001_frame000126-1581623802_950,ok,
00001_frame000128-1581623803_150,ok,
00001_frame000130-1581623803_349,ok,
00001_frame000132-1581623803_550,ok,
00001_frame000134-1581623803_750,ok,
00001_frame000136-1581623803_949,ok,
00001_frame000138-1581623804_150,ok,
00001_frame000140-1581623804_350,ok,
00001_frame000142-1581623804_550,ok,
00001_frame000144-1581623804_750,ok,
00001_frame000146-1581623804_949,ok,
00001_frame000148-1581623805_150,ok,
00001_frame000150-1581623805_350,ok,
00001_frame000152-1581623805_550,ok,
00001_frame000154-1581623805_750,ok,
00001_frame000156-1581623805_949,ok,
00001_frame000158-1581623806_150,ok,
00001_frame000160-1581623806_349,ok,
00001_frame000162-1581623806_550,ok,
00001_frame000164-1581623806_750,ok,
00001_frame000166-1581623806_949,ok,
00001_frame000168-1581623807_150,ok,
00001_frame000170-1581623807_350,ok,
00001_frame000172-1581623807_550,ok,
00001_frame000174-1581623807_750,ok,
00001_frame000176-1581623807_950,ok,
00001_frame000178-1581623808_150,ok,
00001_frame000180-1581623808_350,ok,
00001_frame000182-1581623808_550,ok,
00001_frame000184-1581623808_750,ok,
00001_frame000186-1581623808_950,ok,
00001_frame000188-1581623809_150,ok,
00001_frame000190-1581623809_349,ok,
00001_frame000192-1581623809_550,ok,
00001_frame000194-1581623809_750,ok,
00001_frame000196-1581623809_949,ok,
00001_frame000198-1581623810_150,ok,
00001_frame000200-1581623810_350,ok,
00001_frame000202-1581623810_550,ok,
00001_frame000204-1581623810_750,ok,
00001_frame000206-1581623810_949,ok,
00001_frame000208-1581623811_150,ok,
00001_frame000210-1581623811_350,ok,
00001_frame000212-1581623811_550,ok,
00001_frame000214-1581623811_750,ok,
00001_frame000216-1581623811_950,ok,
00001_frame000218-1581623812_150,ok,
00001_frame000220-1581623812_350,ok,
00001_frame000222-1581623812_550,ok,
00001_frame000224-1581623812_750,ok,
00001_frame000226-1581623812_949,ok,
00001_frame000228-1581623813_150,ok,
00001_frame000230-1581623813_349,ok,
00001_frame000232-1581623813_550,ok,
00001_frame000234-1581623813_749,ok,
00001_frame000236-1581623813_950,ok,
00001_frame000238-1581623814_150,ok,
00001_frame000240-1581623814_349,ok,
00001_frame000242-1581623814_550,ok,
00001_frame000244-1581623814_749,ok,
00001_frame000246-1581623814_950,ok,
00001_frame000248-1581623815_150,ok,
00001_frame000250-1581623815_349,ok,
00001_frame000252-1581623815_550,ok,
00001_frame000254-1581623815_750,ok,
00001_frame000256-1581623815_950,ok,
00001_frame000258-1581623816_149,ok,
00001_frame000260-1581623816_350,ok,
00001_frame000262-1581623816_550,ok,
00001_frame000264-1581623816_749,ok,
00001_frame000266-1581623816_949,ok,
00001_frame000268-1581623817_149,ok,
00001_frame000270-1581623817_350,ok,
00001_frame000272-1581623817_549,ok,
00001_frame000274-1581623817_749,ok,
00001_frame000276-1581623817_950,ok,
00001_frame000278-1581623818_149,ok,
00001_frame000280-1581623818_349,ok,
00001_frame000282-1581623818_550,ok,
00001_frame000284-1581623818_749,ok,
00001_frame000286-1581623818_949,ok,
00001_frame000288-1581623819_150,ok,
00001_frame000290-1581623819_349,ok,
00001_frame000292-1581623819_549,ok,
00001_frame000294-1581623819_750,ok,
00001_frame000296-1581623819_950,ok,
00001_frame000298-1581623820_149,ok,
00001_frame000300-1581623820_350,ok,
00001_frame000302-1581623820_549,ok,
00001_frame000304-1581623820_749,ok,
00001_frame000306-1581623820_949,ok,
00001_frame000308-1581623821_150,ok,
00001_frame000310-1581623821_349,ok,
00001_frame000312-1581623821_549,ok,
00001_frame000314-1581623821_749,ok,
00001_frame000316-1581623821_950,ok,
00001_frame000318-1581623822_149,ok,
00001_frame000320-1581623822_349,ok,
00001_frame000322-1581623822_549,ok,
00001_frame000324-1581623822_750,ok,
00001_frame000326-1581623822_950,ok,
00001_frame000328-1581623823_150,ok,
00001_frame000330-1581623823_350,ok,
00001_frame000332-1581623823_549,ok,
00001_frame000334-1581623823_749,ok,
00001_frame000336-1581623823_949,ok,
00001_frame000338-1581623824_149,ok,
00001_frame000340-1581623824_349,ok,
00001_frame000342-1581623824_549,ok,
00001_frame000344-1581623824_749,ok,
00001_frame000346-1581623824_950,ok,
00001_frame000348-1581623825_149,ok,
00001_frame000350-1581623825_349,ok,
00001_frame000352-1581623825_549,ok,
00001_frame000354-1581623825_750,ok,
00001_frame000356-1581623825_949,ok,
00001_frame000358-1581623826_149,ok,
00001_frame000360-1581623826_349,ok,
00001_frame000362-1581623826_549,ok,
00001_frame000364-1581623826_749,ok,
00001_frame000366-1581623826_949,ok,
00001_frame000368-1581623827_149,ok,
00001_frame000370-1581623827_349,ok,
00001_frame000372-1581623827_549,ok,
00001_frame000374-1581623827_749,ok,
00001_frame000376-1581623827_949,ok,
00001_frame000378-1581623828_149,ok,
00001_frame000380-1581623828_349,ok,
00001_frame000382-1581623828_549,ok,
00001_frame000384-1581623828_749,ok,
00001_frame000386-1581623828_949,ok,
00001_frame000388-1581623829_149,ok,
00001_frame000390-1581623829_349,ok,
00001_frame000392-1581623829_549,ok,
00001_frame000394-1581623829_749,ok,
00001_frame000396-1581623829_949,ok,
00001_frame000398-1581623830_150,ok,
00001_frame000400-1581623830_349,ok,
00001_frame000402-1581623830_549,ok,
00001_frame000404-1581623830_749,ok,
00001_frame000406-1581623830_949,ok,
00001_frame000408-1581623831_149,ok,
00001_frame000410-1581623831_349,ok,
00001_frame000412-1581623831_549,ok,
00001_frame000414-1581623831_749,ok,
00001_frame000416-1581623831_949,ok,
00001_frame000418-1581623832_149,ok,
00001_frame000420-1581623832_350,ok,
00001_frame000422-1581623832_550,ok,
00001_frame000424-1581623832_750,ok,
00001_frame000426-1581623832_949,ok,
00001_frame000428-1581623833_150,ok,
00001_frame000430-1581623833_349,ok,
00001_frame000432-1581623833_549,ok,
00001_frame000434-1581623833_749,ok,
00001_frame000436-1581623833_949,ok,
00001_frame000438-1581623834_149,ok,
00001_frame000440-1581623834_350,ok,
00001_frame000442-1581623834_549,ok,
00001_frame000444-1581623834_749,ok,
00001_frame000446-1581623834_949,ok,
00001_frame000448-1581623835_150,ok,
00001_frame000450-1581623835_350,ok,
00001_frame000452-1581623835_549,ok,
00001_frame000454-1581623835_749,ok,
00001_frame000456-1581623835_950,ok,
00001_frame000458-1581623836_150,ok,
00001_frame000460-1581623836_350,ok,
00001_frame000462-1581623836_549,ok,
00001_frame000464-1581623836_750,ok,
00001_frame000466-1581623836_949,ok,
00001_frame000468-1581623837_150,ok,
00001_frame000470-1581623837_350,ok,
00001_frame000472-1581623837_549,ok,
00001_frame000474-1581623837_749,ok,
00001_frame000476-1581623837_949,ok,
00001_frame000478-1581623838_149,ok,
00001_frame000480-1581623838_350,ok,
00001_frame000482-1581623838_549,ok,
00001_frame000484-1581623838_750,ok,
00001_frame000486-1581623838_949,ok,
00001_frame000488-1581623839_150,ok,
00001_frame000490-1581623839_350,ok,
00001_frame000492-1581623839_549,ok,
00001_frame000494-1581623839_749,ok,
00001_frame000496-1581623839_949,ok,
00001_frame000498-1581623840_150,ok,
00001_frame000500-1581623840_349,ok,
00001_frame000502-1581623840_586,ok,
00001_frame000504-1581623840_749,ok,
00001_frame000506-1581623840_950,ok,
00001_frame000508-1581623841_150,ok,
00001_frame000510-1581623841_350,ok,
00001_frame000512-1581623841_550,ok,
00001_frame000514-1581623841_750,ok,
00001_frame000516-1581623841_949,ok,
00001_frame000518-1581623842_149,ok,
00001_frame000520-1581623842_349,ok,
00001_frame000522-1581623842_549,ok,
00001_frame000524-1581623842_749,ok,
00001_frame000526-1581623842_950,ok,
00001_frame000528-1581623843_149,ok,
00001_frame000530-1581623843_350,ok,
00001_frame000532-1581623843_549,ok,
00001_frame000534-1581623843_750,ok,
00001_frame000536-1581623843_950,ok,
00001_frame000538-1581623844_149,ok,
00001_frame000540-1581623844_349,ok,
00001_frame000542-1581623844_549,ok,
00001_frame000544-1581623844_750,ok,
00001_frame000546-1581623844_950,ok,
00001_frame000548-1581623845_150,ok,
00001_frame000550-1581623845_349,ok,
00001_frame000552-1581623845_550,ok,
00001_frame000554-1581623845_749,ok,
00001_frame000556-1581623845_950,ok,
00001_frame000558-1581623846_150,ok,
00001_frame000560-1581623846_349,ok,
00001_frame000562-1581623846_549,ok,
00001_frame000564-1581623846_749,ok,
00001_frame000566-1581623846_950,ok,
00001_frame000568-1581623847_150,ok,
00001_frame000570-1581623847_350,ok,
00001_frame000572-1581623847_550,ok,
00001_frame000574-1581623847_750,ok,
00001_frame000576-1581623847_949,ok,
00001_frame000578-1581623848_150,ok,
00001_frame000580-1581623848_350,ok,
00001_frame000582-1581623848_549,ok,
00001_frame000584-1581623848_749,ok,
00001_frame000586-1581623848_949,ok,
00001_frame000588-1581623849_150,ok,
00001_frame000590-1581623849_350,ok,
00001_frame000592-1581623849_550,ok,
00001_frame000594-1581623849_750,ok,
00001_frame000596-1581623849_950,ok,
00001_frame000598-1581623850_150,ok,
00001_frame000600-1581623850_350,ok,
00001_frame000602-1581623850_549,ok,
00001_frame000604-1581623850_749,ok,
00001_frame000606-1581623850_949,ok,
00001_frame000608-1581623851_149,ok,
00001_frame000610-1581623851_350,ok,
00001_frame000612-1581623851_549,ok,
00001_frame000614-1581623851_749,ok,
00001_frame000616-1581623851_949,ok,
00001_frame000618-1581623852_150,ok,
00001_frame000620-1581623852_349,ok,
00001_frame000622-1581623852_549,ok,
00001_frame000624-1581623852_750,ok,
00001_frame000626-1581623852_950,ok,
00001_frame000628-1581623853_149,ok,
00001_frame000630-1581623853_349,ok,
00001_frame000632-1581623853_549,ok,
00001_frame000634-1581623853_750,ok,
00001_frame000636-1581623853_949,ok,
00001_frame000638-1581623854_149,ok,
00001_frame000640-1581623854_349,ok,
00001_frame000642-1581623854_549,ok,
00001_frame000644-1581623854_749,ok,
00001_frame000646-1581623854_949,ok,
00001_frame000648-1581623855_149,ok,
00001_frame000650-1581623855_349,ok,
00001_frame000652-1581623855_549,ok,
00001_frame000654-1581623855_749,ok,
00001_frame000656-1581623855_949,ok,
00001_frame000658-1581623856_150,ok,
00001_frame000660-1581623856_350,ok,
00001_frame000662-1581623856_549,ok,
00001_frame000664-1581623856_750,ok,
00001_frame000666-1581623856_949,ok,
00001_frame000668-1581623857_149,ok,
00001_frame000670-1581623857_349,ok,
00001_frame000672-1581623857_550,ok,
00001_frame000674-1581623857_750,ok,
00001_frame000676-1581623857_950,ok,
00001_frame000678-1581623858_150,ok,
00001_frame000680-1581623858_349,ok,
00001_frame000682-1581623858_549,ok,
00001_frame000684-1581623858_750,ok,
00001_frame000686-1581623858_950,ok,
00001_frame000688-1581623859_149,ok,
00001_frame000690-1581623859_350,ok,
00001_frame000692-1581623859_550,ok,
00001_frame000694-1581623859_749,ok,
00001_frame000696-1581623859_950,ok,
00001_frame000698-1581623860_149,ok,
00001_frame000700-1581623860_350,ok,
00001_frame000702-1581623860_550,ok,
00001_frame000704-1581623860_750,ok,
00001_frame000706-1581623860_950,ok,
00001_frame000708-1581623861_150,ok,
00001_frame000710-1581623861_350,ok,
00001_frame000712-1581623861_550,ok,
00001_frame000714-1581623861_749,ok,
00001_frame000716-1581623861_949,ok,
00001_frame000718-1581623862_150,ok,
00001_frame000720-1581623862_350,ok,
00001_frame000722-1581623862_550,ok,
00001_frame000724-1581623862_750,ok,
00001_frame000726-1581623862_949,ok,
00001_frame000728-1581623863_150,ok,
00001_frame000730-1581623863_350,ok,
00001_frame000732-1581623863_549,ok,
00001_frame000734-1581623863_749,ok,
00001_frame000736-1581623863_950,ok,
00001_frame000738-1581623864_149,ok,
00001_frame000740-1581623864_349,ok,
00001_frame000742-1581623864_549,ok,
00001_frame000744-1581623864_750,ok,
00001_frame000746-1581623864_950,ok,
00001_frame000748-1581623865_150,ok,
00001_frame000750-1581623865_349,ok,
00001_frame000752-1581623865_549,ok,
00001_frame000754-1581623865_750,ok,
00001_frame000756-1581623865_949,ok,
00001_frame000758-1581623866_149,ok,
00001_frame000760-1581623866_350,ok,
00001_frame000762-1581623866_549,ok,
00001_frame000764-1581623866_749,ok,
00001_frame000766-1581623866_949,ok,
00001_frame000768-1581623867_150,ok,
00001_frame000770-1581623867_349,ok,
00001_frame000772-1581623867_549,ok,
00001_frame000774-1581623867_750,ok,
00001_frame000776-1581623867_950,ok,
00001_frame000778-1581623868_150,ok,
00001_frame000780-1581623868_349,ok,
00001_frame000782-1581623868_549,ok,
00001_frame000784-1581623868_750,ok,
00001_frame000786-1581623868_950,ok,
00001_frame000788-1581623869_150,ok,
00001_frame000790-1581623869_349,ok,
00001_frame000792-1581623869_550,ok,
00001_frame000794-1581623869_750,ok,
00001_frame000796-1581623869_950,ok,
00001_frame000798-1581623870_149,ok,
00001_frame000800-1581623870_350,ok,
00001_frame000802-1581623870_550,ok,
00001_frame000804-1581623870_749,ok,
00001_frame000806-1581623870_950,ok,
00001_frame000808-1581623871_150,ok,
00001_frame000810-1581623871_349,ok,
00001_frame000812-1581623871_550,ok,
00001_frame000814-1581623871_749,ok,
00001_frame000816-1581623871_950,ok,
00001_frame000818-1581623872_149,ok,
00001_frame000820-1581623872_350,ok,
00001_frame000822-1581623872_550,ok,
00001_frame000824-1581623872_750,ok,
00001_frame000826-1581623872_951,ok,
00001_frame000828-1581623873_150,ok,
00001_frame000830-1581623873_349,ok,
00001_frame000832-1581623873_550,ok,
00001_frame000834-1581623873_750,ok,
00001_frame000836-1581623873_950,ok,
00001_frame000838-1581623874_150,ok,
00001_frame000840-1581623874_350,ok,
00001_frame000842-1581623874_550,ok,
00001_frame000844-1581623874_750,ok,
00001_frame000846-1581623874_950,ok,
00001_frame000848-1581623875_150,ok,
00001_frame000850-1581623875_349,ok,
00001_frame000852-1581623875_550,ok,
00001_frame000854-1581623875_749,ok,
00001_frame000856-1581623875_950,ok,
00001_frame000858-1581623876_150,ok,
00001_frame000860-1581623876_350,ok,
00001_frame000862-1581623876_550,ok,
00001_frame000864-1581623876_749,ok,
00001_frame000866-1581623876_950,ok,
00001_frame000868-1581623877_150,ok,
00001_frame000870-1581623877_349,ok,
00001_frame000872-1581623877_549,ok,
00001_frame000874-1581623877_750,ok,
00001_frame000876-1581623877_950,ok,
00001_frame000878-1581623878_149,ok,
00001_frame000880-1581623878_350,ok,
00001_frame000882-1581623878_550,ok,
00001_frame000884-1581623878_749,ok,
00001_frame000886-1581623878_949,ok,
00001_frame000888-1581623879_150,ok,
00001_frame000890-1581623879_349,ok,
00001_frame000892-1581623879_549,ok,
00001_frame000894-1581623879_749,ok,
00001_frame000896-1581623879_949,ok,
00001_frame000898-1581623880_149,ok,
00001_frame000900-1581623880_349,ok,
00001_frame000902-1581623880_549,ok,
00001_frame000904-1581623880_749,ok,
00001_frame000906-1581623880_949,ok,
00001_frame000908-1581623881_150,ok,
00001_frame000910-1581623881_350,ok,
00001_frame000912-1581623881_549,ok,
00001_frame000914-1581623881_749,ok,
00001_frame000916-1581623881_949,ok,
00001_frame000918-1581623882_149,ok,
00001_frame000920-1581623882_349,ok,
00001_frame000922-1581623882_549,ok,
00001_frame000924-1581623882_749,ok,
00001_frame000926-1581623882_949,ok,
00001_frame000928-1581623883_149,ok,
00001_frame000930-1581623883_349,ok,
00001_frame000932-1581623883_549,ok,
00001_frame000934-1581623883_749,ok,
00001_frame000936-1581623883_950,ok,
00001_frame000938-1581623884_149,ok,
00001_frame000940-1581623884_350,ok,
00001_frame000942-1581623884_550,ok,
00001_frame000944-1581623884_749,ok,
00001_frame000946-1581623884_949,ok,
00001_frame000948-1581623885_150,ok,
00001_frame000950-1581623885_349,ok,
00001_frame000952-1581623885_549,ok,
00001_frame000954-1581623885_750,ok,
00001_frame000956-1581623885_950,ok,
00001_frame000958-1581623886_149,ok,
00001_frame000960-1581623886_349,ok,
00001_frame000962-1581623886_549,ok,
00001_frame000964-1581623886_750,ok,
00001_frame000966-1581623886_949,ok,
00001_frame000968-1581623887_150,ok,
00001_frame000970-1581623887_350,ok,
00001_frame000972-1581623887_550,ok,
00001_frame000974-1581623887_749,ok,
00001_frame000976-1581623887_949,ok,
00001_frame000978-1581623888_150,ok,
00001_frame000980-1581623888_349,ok,
00001_frame000982-1581623888_550,ok,
00001_frame000984-1581623888_749,ok,
00001_frame000986-1581623888_949,ok,
00001_frame000988-1581623889_149,ok,
00001_frame000990-1581623889_350,ok,
00001_frame000992-1581623889_549,ok,
00001_frame000994-1581623889_749,ok,
00001_frame000996-1581623889_949,ok,
00001_frame000998-1581623890_149,ok,
00001_frame001000-1581623890_349,ok,
00001_frame001002-1581623890_549,ok,
00001_frame001004-1581623890_749,ok,
00001_frame001006-1581623890_949,ok,
00001_frame001008-1581623891_150,ok,
00001_frame001010-1581623891_349,ok,
00001_frame001012-1581623891_549,ok,
00001_frame001014-1581623891_750,ok,
00001_frame001016-1581623891_949,ok,
00001_frame001018-1581623892_149,ok,
00001_frame001020-1581623892_350,ok,
00001_frame001022-1581623892_549,ok,
00001_frame001024-1581623892_750,ok,
00001_frame001026-1581623892_950,ok,
00001_frame001028-1581623893_149,ok,
00001_frame001030-1581623893_349,ok,
00001_frame001032-1581623893_549,ok,
00001_frame001034-1581623893_749,ok,
00001_frame001036-1581623893_951,ok,
00001_frame001038-1581623894_150,ok,
00001_frame001040-1581623894_349,ok,
00001_frame001042-1581623894_550,ok,
00001_frame001044-1581623894_749,ok,
00001_frame001046-1581623894_949,ok,
00001_frame001048-1581623895_150,ok,
00001_frame001050-1581623895_349,ok,
00001_frame001052-1581623895_550,ok,
00001_frame001054-1581623895_749,ok,
00001_frame001056-1581623895_950,ok,
00001_frame001058-1581623896_149,ok,
00001_frame001060-1581623896_350,ok,
00001_frame001062-1581623896_549,ok,
00001_frame001064-1581623896_749,ok,
00001_frame001066-1581623896_952,ok,
00001_frame001068-1581623897_149,ok,
00001_frame001070-1581623897_349,ok,
00001_frame001072-1581623897_550,ok,
00001_frame001074-1581623897_749,ok,
00001_frame001076-1581623897_949,ok,
00001_frame001078-1581623898_150,ok,
00001_frame001080-1581623898_349,ok,
00001_frame001082-1581623898_549,ok,
00001_frame001084-1581623898_750,ok,
00001_frame001086-1581623898_949,ok,
00001_frame001088-1581623899_149,ok,
00001_frame001090-1581623899_349,ok,
00001_frame001092-1581623899_550,ok,
00001_frame001094-1581623899_749,ok,
00001_frame001096-1581623899_949,ok,
00001_frame001098-1581623900_150,ok,
00001_frame001100-1581623900_349,ok,
00001_frame001102-1581623900_549,ok,
00001_frame001104-1581623900_749,ok,
00001_frame001106-1581623900_949,ok,
00001_frame001108-1581623901_150,ok,
00001_frame001110-1581623901_349,ok,
00001_frame001112-1581623901_549,ok,
00001_frame001114-1581623901_749,ok,
00001_frame001116-1581623901_949,ok,
00001_frame001118-1581623902_150,ok,
00001_frame001120-1581623902_349,ok,
00001_frame001122-1581623902_549,ok,
00001_frame001124-1581623902_750,ok,
00001_frame001126-1581623902_949,ok,
00001_frame001128-1581623903_150,ok,
00001_frame001130-1581623903_349,ok,
00001_frame001132-1581623903_549,ok,
00001_frame001134-1581623903_750,ok,
00001_frame001136-1581623903_949,ok,
00001_frame001138-1581623904_150,ok,
00001_frame001140-1581623904_349,ok,
00001_frame001142-1581623904_549,ok,
00001_frame001144-1581623904_750,ok,
00001_frame001146-1581623904_950,ok,
00001_frame001148-1581623905_149,ok,
00001_frame001150-1581623905_350,ok,
00001_frame001152-1581623905_550,ok,
00001_frame001154-1581623905_750,ok,
00001_frame001156-1581623905_950,ok,
00001_frame001158-1581623906_150,ok,
00001_frame001160-1581623906_349,ok,
00001_frame001162-1581623906_550,ok,
00001_frame001164-1581623906_749,ok,
00001_frame001166-1581623906_950,ok,
00001_frame001168-1581623907_149,ok,
00001_frame001170-1581623907_349,ok,
00001_frame001172-1581623907_550,ok,
00001_frame001174-1581623907_749,ok,
00001_frame001176-1581623907_949,ok,
00001_frame001178-1581623908_149,ok,
00001_frame001180-1581623908_349,ok,
00001_frame001182-1581623908_550,ok,
00001_frame001184-1581623908_749,ok,
00001_frame001186-1581623908_950,ok,
00001_frame001188-1581623909_150,ok,
00001_frame001190-1581623909_349,ok,
00001_frame001192-1581623909_549,ok,
00001_frame001194-1581623909_749,ok,
00001_frame001196-1581623909_949,ok,
00001_frame001198-1581623910_149,ok,
00001_frame001200-1581623910_349,ok,
00001_frame001202-1581623910_549,ok,
00001_frame001204-1581623910_749,ok,
00001_frame001206-1581623910_950,ok,
00001_frame001208-1581623911_149,ok,
00001_frame001210-1581623911_349,ok,
00001_frame001212-1581623911_550,ok,
00001_frame001214-1581623911_750,ok,
00001_frame001216-1581623911_949,ok,
00001_frame001218-1581623912_149,ok,
00001_frame001220-1581623912_349,ok,
00001_frame001222-1581623912_549,ok,
00001_frame001224-1581623912_750,ok,
00001_frame001226-1581623912_949,ok,
00001_frame001228-1581623913_149,ok,
00001_frame001230-1581623913_349,ok,
00001_frame001232-1581623913_550,ok,
00001_frame001234-1581623913_749,ok,
00001_frame001236-1581623913_949,ok,
00001_frame001238-1581623914_149,ok,
00001_frame001240-1581623914_349,ok,
00001_frame001242-1581623914_549,ok,
00001_frame001244-1581623914_749,ok,
00001_frame001246-1581623914_949,ok,
00001_frame001248-1581623915_150,ok,
00001_frame001250-1581623915_349,ok,
00001_frame001252-1581623915_549,ok,
00001_frame001254-1581623915_749,ok,
00001_frame001256-1581623915_949,ok,
00001_frame001258-1581623916_149,ok,
00001_frame001260-1581623916_349,ok,
00001_frame001262-1581623916_549,ok,
00001_frame001264-1581623916_749,ok,
00001_frame001266-1581623916_949,ok,
00001_frame001268-1581623917_149,ok,
00001_frame001270-1581623917_349,ok,
00001_frame001272-1581623917_549,ok,
00001_frame001274-1581623917_749,ok,
00001_frame001276-1581623917_949,ok,
00001_frame001278-1581623918_150,ok,
00001_frame001280-1581623918_349,ok,
00001_frame001282-1581623918_550,ok,
00001_frame001284-1581623918_749,ok,
00001_frame001286-1581623918_952,ok,
00001_frame001288-1581623919_149,ok,
00001_frame001290-1581623919_349,ok,
00001_frame001292-1581623919_549,ok,
00001_frame001294-1581623919_749,ok,
00001_frame001296-1581623919_950,ok,
00001_frame001298-1581623920_150,ok,
00001_frame001300-1581623920_349,ok,
00001_frame001302-1581623920_550,ok,
00001_frame001304-1581623920_750,ok,
00001_frame001306-1581623920_950,ok,
00001_frame001308-1581623921_149,ok,
00001_frame001310-1581623921_349,ok,
00001_frame001312-1581623921_550,ok,
00001_frame001314-1581623921_750,ok,
00001_frame001316-1581623921_950,ok,
00001_frame001318-1581623922_150,ok,
00001_frame001320-1581623922_350,ok,
00001_frame001322-1581623922_550,ok,
00001_frame001324-1581623922_750,ok,
00001_frame001326-1581623922_949,ok,
00001_frame001328-1581623923_149,ok,
00001_frame001330-1581623923_350,ok,
00001_frame001332-1581623923_550,ok,
00001_frame001334-1581623923_750,ok,
00001_frame001336-1581623923_950,ok,
00001_frame001338-1581623924_149,ok,
00001_frame001340-1581623924_350,ok,
00001_frame001342-1581623924_549,ok,
00001_frame001344-1581623924_749,ok,
00001_frame001346-1581623924_950,ok,
00001_frame001348-1581623925_149,ok,
00001_frame001350-1581623925_350,ok,
00001_frame001352-1581623925_550,ok,
00001_frame001354-1581623925_750,ok,
00001_frame001356-1581623925_950,ok,
00001_frame001358-1581623926_150,ok,
00001_frame001360-1581623926_350,ok,
00001_frame001362-1581623926_549,ok,
00001_frame001364-1581623926_750,ok,
00001_frame001366-1581623926_949,ok,
00001_frame001368-1581623927_149,ok,
00001_frame001370-1581623927_350,ok,
00001_frame001372-1581623927_550,ok,
00001_frame001374-1581623927_749,ok,
00001_frame001376-1581623927_949,ok,
00001_frame001378-1581623928_150,ok,
00001_frame001380-1581623928_350,ok,
00001_frame001382-1581623928_550,ok,
00001_frame001384-1581623928_750,ok,
00001_frame001386-1581623928_950,ok,
00001_frame001388-1581623929_149,ok,
00001_frame001390-1581623929_349,ok,
00001_frame001392-1581623929_549,ok,
00001_frame001394-1581623929_750,ok,
00001_frame001396-1581623929_949,ok,
00001_frame001398-1581623930_149,ok,
00001_frame001400-1581623930_349,ok,
00001_frame001402-1581623930_549,ok,
00001_frame001404-1581623930_750,ok,
00001_frame001406-1581623930_949,ok,
00001_frame001408-1581623931_149,ok,
00001_frame001410-1581623931_349,ok,
00001_frame001412-1581623931_549,ok,
00001_frame001414-1581623931_749,ok,
00001_frame001416-1581623931_950,ok,
00001_frame001418-1581623932_149,ok,
00001_frame001420-1581623932_349,ok,
00001_frame001422-1581623932_549,ok,
00001_frame001424-1581623932_749,ok,
00001_frame001426-1581623932_949,ok,
00001_frame001428-1581623933_149,ok,
00001_frame001430-1581623933_349,ok,
00001_frame001432-1581623933_549,ok,
00001_frame001434-1581623933_750,ok,
00001_frame001436-1581623933_949,ok,
00001_frame001438-1581623934_149,ok,
00001_frame001440-1581623934_349,ok,
00001_frame001442-1581623934_549,ok,
00001_frame001444-1581623934_749,ok,
00001_frame001446-1581623934_950,ok,
00001_frame001448-1581623935_150,ok,
00001_frame001450-1581623935_349,ok,
00001_frame001452-1581623935_549,ok,
00001_frame001454-1581623935_750,ok,
00001_frame001456-1581623935_949,ok,
00001_frame001458-1581623936_150,ok,
00001_frame001460-1581623936_349,ok,
00001_frame001462-1581623936_550,ok,
00001_frame001464-1581623936_750,ok,
00001_frame001466-1581623936_950,ok,
00001_frame001468-1581623937_149,ok,
00001_frame001470-1581623937_349,ok,
00001_frame001472-1581623937_550,ok,
00001_frame001474-1581623937_749,ok,
00001_frame001476-1581623937_950,ok,
00001_frame001478-1581623938_150,ok,
00001_frame001480-1581623938_349,ok,
00001_frame001482-1581623938_550,ok,
00001_frame001484-1581623938_750,ok,
00001_frame001486-1581623938_950,ok,
00001_frame001488-1581623939_149,ok,
00001_frame001490-1581623939_349,ok,
00001_frame001492-1581623939_550,ok,
00001_frame001494-1581623939_750,ok,
00001_frame001496-1581623939_950,ok,
00001_frame001498-1581623940_149,ok,
00001_frame001500-1581623940_350,ok,
00001_frame001502-1581623940_549,ok,
00001_frame001504-1581623940_749,ok,
00001_frame001506-1581623940_949,ok,
00001_frame001508-1581623941_150,ok,
00001_frame001510-1581623941_349,ok,
00001_frame001512-1581623941_550,ok,
00001_frame001514-1581623941_750,ok,
00001_frame001516-1581623941_950,ok,
00001_frame001518-1581623942_149,ok,
00001_frame001520-1581623942_350,ok,
00001_frame001522-1581623942_550,ok,
00001_frame001524-1581623942_750,ok,
00001_frame001526-1581623942_950,ok,
00001_frame001528-1581623943_149,ok,
00001_frame001530-1581623943_350,ok,
00001_frame001532-1581623943_550,ok,
00001_frame001534-1581623943_749,ok,
00001_frame001536-1581623943_950,ok,
00001_frame001538-1581623944_149,ok,
00001_frame001540-1581623944_349,ok,
00001_frame001542-1581623944_549,ok,
00001_frame001544-1581623944_749,ok,
00001_frame001546-1581623944_950,ok,
00001_frame001548-1581623945_149,ok,
00001_frame001550-1581623945_349,ok,
00001_frame001552-1581623945_549,ok,
00001_frame001554-1581623945_749,ok,
00001_frame001556-1581623945_949,ok,
00001_frame001558-1581623946_150,ok,
00001_frame001560-1581623946_349,ok,
00001_frame001562-1581623946_550,ok,
00001_frame001564-1581623946_749,ok,
00001_frame001566-1581623946_950,ok,
00001_frame001568-1581623947_149,ok,
00001_frame001570-1581623947_349,ok,
00001_frame001572-1581623947_549,ok,
00001_frame001574-1581623947_750,ok,
00001_frame001576-1581623947_950,ok,
00001_frame001578-1581623948_149,ok,
00001_frame001580-1581623948_350,ok,
00001_frame001582-1581623948_549,ok,
00001_frame001584-1581623948_749,ok,
00001_frame001586-1581623948_949,ok,
00001_frame001588-1581623949_150,ok,
00001_frame001590-1581623949_350,ok,
00001_frame001592-1581623949_549,ok,
00001_frame001594-1581623949_749,ok,
00001_frame001596-1581623949_949,ok,
00001_frame001598-1581623950_149,ok,
00001_frame001600-1581623950_350,ok,
00001_frame001602-1581623950_550,ok,
00001_frame001604-1581623950_749,ok,
00001_frame001606-1581623950_949,ok,
00001_frame001608-1581623951_150,ok,
00001_frame001610-1581623951_349,ok,
00001_frame001612-1581623951_549,ok,
00001_frame001614-1581623951_750,ok,
00001_frame001616-1581623951_950,ok,
00001_frame001618-1581623952_149,ok,
00001_frame001620-1581623952_349,ok,
00001_frame001622-1581623952_549,ok,
00001_frame001624-1581623952_749,ok,
00001_frame001626-1581623952_949,ok,
00001_frame001628-1581623953_149,ok,
00001_frame001630-1581623953_350,ok,
00001_frame001632-1581623953_550,ok,
00001_frame001634-1581623953_750,ok,
00001_frame001636-1581623953_949,ok,
00001_frame001638-1581623954_149,ok,
00001_frame001640-1581623954_349,ok,
00001_frame001642-1581623954_549,ok,
00001_frame001644-1581623954_750,ok,
00001_frame001646-1581623954_949,ok,
00001_frame001648-1581623955_149,ok,
00001_frame001650-1581623955_349,ok,
00001_frame001652-1581623955_549,ok,
00001_frame001654-1581623955_750,ok,
00001_frame001656-1581623955_949,ok,
00001_frame001658-1581623956_149,ok,
00001_frame001660-1581623956_350,ok,
00001_frame001662-1581623956_549,ok,
00001_frame001664-1581623956_750,ok,
00001_frame001666-1581623956_949,ok,
00001_frame001668-1581623957_149,ok,
00001_frame001670-1581623957_350,ok,
00001_frame001672-1581623957_549,ok,
00001_frame001674-1581623957_749,ok,
00001_frame001676-1581623957_949,ok,
00001_frame001678-1581623958_149,ok,
00001_frame001680-1581623958_349,ok,
00001_frame001682-1581623958_550,ok,
00001_frame001684-1581623958_749,ok,
00001_frame001686-1581623958_949,ok,
00001_frame001688-1581623959_150,ok,
00001_frame001690-1581623959_349,ok,
00001_frame001692-1581623959_550,ok,
00001_frame001694-1581623959_749,ok,
00001_frame001696-1581623959_950,ok,
00001_frame001698-1581623960_149,ok,
00001_frame001700-1581623960_349,ok,
00001_frame001702-1581623960_549,ok,
00001_frame001704-1581623960_750,ok,
00001_frame001706-1581623960_949,ok,
00001_frame001708-1581623961_149,ok,
00001_frame001710-1581623961_350,ok,
00001_frame001712-1581623961_549,ok,
00001_frame001714-1581623961_749,ok,
00001_frame001716-1581623961_950,ok,
00001_frame001718-1581623962_150,ok,
00001_frame001720-1581623962_350,ok,
00001_frame001722-1581623962_550,ok,
00001_frame001724-1581623962_749,ok,
00001_frame001726-1581623962_951,ok,
00001_frame001728-1581623963_149,ok,
00001_frame001730-1581623963_349,ok,
00001_frame001732-1581623963_550,ok,
00001_frame001734-1581623963_750,ok,
00001_frame001736-1581623963_949,ok,
00001_frame001738-1581623964_150,ok,
00001_frame001740-1581623964_349,ok,
00001_frame001742-1581623964_550,ok,
00001_frame001744-1581623964_750,ok,
00001_frame001746-1581623964_950,ok,
00001_frame001748-1581623965_150,ok,
00001_frame001750-1581623965_350,ok,
00001_frame001752-1581623965_550,ok,
00001_frame001754-1581623965_749,ok,
00001_frame001756-1581623965_950,ok,
00001_frame001758-1581623966_150,ok,
00001_frame001760-1581623966_349,ok,
00001_frame001762-1581623966_549,ok,
00001_frame001764-1581623966_750,ok,
00001_frame001766-1581623966_950,ok,
00001_frame001768-1581623967_150,ok,
00001_frame001770-1581623967_350,ok,
00001_frame001772-1581623967_549,ok,
00001_frame001774-1581623967_749,ok,
00001_frame001776-1581623967_949,ok,
00001_frame001778-1581623968_149,ok,
00001_frame001780-1581623968_349,ok,
00001_frame001782-1581623968_549,ok,
00001_frame001784-1581623968_749,ok,
00001_frame001786-1581623968_950,ok,
00001_frame001788-1581623969_149,ok,
00001_frame001790-1581623969_350,ok,
00001_frame001792-1581623969_549,ok,
00001_frame001794-1581623969_750,ok,
00001_frame001796-1581623969_949,ok,
00001_frame001798-1581623970_150,ok,
00001_frame001800-1581623970_350,ok,
00001_frame001802-1581623970_549,ok,
00001_frame001804-1581623970_750,ok,
00001_frame001806-1581623970_950,ok,
00001_frame001808-1581623971_150,ok,
00001_frame001810-1581623971_349,ok,
00001_frame001812-1581623971_549,ok,
00001_frame001814-1581623971_749,ok,
00001_frame001816-1581623971_949,ok,
00001_frame001818-1581623972_150,ok,
00001_frame001820-1581623972_349,ok,
00001_frame001822-1581623972_549,ok,
00001_frame001824-1581623972_750,ok,
00001_frame001826-1581623972_949,ok,
00001_frame001828-1581623973_149,ok,
00001_frame001830-1581623973_350,ok,
00001_frame001832-1581623973_550,ok,
00001_frame001834-1581623973_750,ok,
00001_frame001836-1581623973_950,ok,
00001_frame001838-1581623974_149,ok,
00001_frame001840-1581623974_350,ok,
00001_frame001842-1581623974_549,ok,
00001_frame001844-1581623974_749,ok,
00001_frame001846-1581623974_950,ok,
00001_frame001848-1581623975_149,ok,
00001_frame001850-1581623975_349,ok,
00001_frame001852-1581623975_549,ok,
00001_frame001854-1581623975_749,ok,
00001_frame001856-1581623975_949,ok,
00001_frame001858-1581623976_150,ok,
00001_frame001860-1581623976_350,ok,
00001_frame001862-1581623976_549,ok,
00001_frame001864-1581623976_749,ok,
00001_frame001866-1581623976_949,ok,
00001_frame001868-1581623977_150,ok,
00001_frame001870-1581623977_350,ok,
00001_frame001872-1581623977_550,ok,
00001_frame001874-1581623977_750,ok,
00001_frame001876-1581623977_950,ok,
00001_frame001878-1581623978_150,ok,
00001_frame001880-1581623978_349,ok,
00001_frame001882-1581623978_550,ok,
00001_frame001884-1581623978_750,ok,
00001_frame001886-1581623978_952,ok,
00001_frame001888-1581623979_149,ok,
00001_frame001890-1581623979_350,ok,
00001_frame001892-1581623979_550,ok,
00001_frame001894-1581623979_749,ok,
00001_frame001896-1581623979_949,ok,
00001_frame001898-1581623980_149,ok,
00001_frame001900-1581623980_349,ok,
00001_frame001902-1581623980_550,ok,
00001_frame001904-1581623980_749,ok,
00001_frame001906-1581623980_949,ok,
00001_frame001908-1581623981_149,ok,
00001_frame001910-1581623981_349,ok,
00001_frame001912-1581623981_549,ok,
00001_frame001914-1581623981_749,ok,
00001_frame001916-1581623981_949,ok,
00001_frame001918-1581623982_149,ok,
00001_frame001920-1581623982_349,ok,
00001_frame001922-1581623982_549,ok,
00001_frame001924-1581623982_749,ok,
00001_frame001926-1581623982_949,ok,
00001_frame001928-1581623983_149,ok,
00001_frame001930-1581623983_349,ok,
00001_frame001932-1581623983_549,ok,
00001_frame001934-1581623983_749,ok,
00001_frame001936-1581623983_949,ok,
00001_frame001938-1581623984_149,ok,
00001_frame001940-1581623984_349,ok,
00001_frame001942-1581623984_549,ok,
00001_frame001944-1581623984_749,ok,
00001_frame001946-1581623984_949,ok,
00001_frame001948-1581623985_150,ok,
00001_frame001950-1581623985_349,ok,
00001_frame001952-1581623985_550,ok,
00001_frame001954-1581623985_749,ok,
00001_frame001956-1581623985_949,ok,
00001_frame001958-1581623986_149,ok,
00001_frame001960-1581623986_349,ok,
00001_frame001962-1581623986_549,ok,
00001_frame001964-1581623986_749,ok,
00001_frame001966-1581623986_949,ok,
00001_frame001968-1581623987_149,ok,
00001_frame001970-1581623987_349,ok,
00001_frame001972-1581623987_550,ok,
00001_frame001974-1581623987_749,ok,
00001_frame001976-1581623987_949,ok,
00001_frame001978-1581623988_149,ok,
00001_frame001980-1581623988_349,ok,
00001_frame001982-1581623988_550,ok,
00001_frame001984-1581623988_750,ok,
00001_frame001986-1581623988_950,ok,
00001_frame001988-1581623989_149,ok,
00001_frame001990-1581623989_350,ok,
00001_frame001992-1581623989_549,ok,
00001_frame001994-1581623989_750,ok,
00001_frame001996-1581623989_950,ok,
00001_frame001998-1581623990_149,ok,
00001_frame002000-1581623990_350,ok,
00001_frame002002-1581623990_549,ok,
00001_frame002004-1581623990_749,ok,
00001_frame002006-1581623990_949,ok,
00001_frame002008-1581623991_150,ok,
00001_frame002010-1581623991_349,ok,
00001_frame002012-1581623991_550,ok,
00001_frame002014-1581623991_750,ok,
00001_frame002016-1581623991_950,ok,
00001_frame002018-1581623992_149,ok,
00001_frame002020-1581623992_349,ok,
00001_frame002022-1581623992_550,ok,
00001_frame002024-1581623992_749,ok,
00001_frame002026-1581623992_950,ok,
00001_frame002028-1581623993_150,ok,
00001_frame002030-1581623993_349,ok,
00001_frame002032-1581623993_549,ok,
00001_frame002034-1581623993_749,ok,
00001_frame002036-1581623993_950,ok,
00001_frame002038-1581623994_150,ok,
00001_frame002040-1581623994_349,ok,
00001_frame002042-1581623994_549,ok,
00001_frame002044-1581623994_749,ok,
00001_frame002046-1581623994_950,ok,
00001_frame002048-1581623995_150,ok,
00001_frame002050-1581623995_349,ok,
00001_frame002052-1581623995_550,ok,
00001_frame002054-1581623995_749,ok,
00001_frame002056-1581623995_949,ok,
00001_frame002058-1581623996_149,ok,
00001_frame002060-1581623996_349,ok,
00001_frame002062-1581623996_550,ok,
00001_frame002064-1581623996_750,ok,
00001_frame002066-1581623996_949,ok,
00001_frame002068-1581623997_149,ok,
00001_frame002070-1581623997_350,ok,
00001_frame002072-1581623997_549,ok,
00001_frame002074-1581623997_749,ok,
00001_frame002076-1581623997_950,ok,
00001_frame002078-1581623998_149,ok,
00001_frame002080-1581623998_349,ok,
00001_frame002082-1581623998_549,ok,
00001_frame002084-1581623998_749,ok,
00001_frame002086-1581623998_949,ok,
00001_frame002088-1581623999_150,ok,
00001_frame002090-1581623999_349,ok,
00001_frame002092-1581623999_549,ok,
00001_frame002094-1581623999_750,ok,
00001_frame002096-1581623999_949,ok,
00001_frame002098-1581624000_149,ok,
00001_frame002100-1581624000_349,ok,
00001_frame002102-1581624000_550,ok,
00001_frame002104-1581624000_750,ok,
00001_frame002106-1581624000_950,ok,
00001_frame002108-1581624001_150,ok,
00001_frame002110-1581624001_349,ok,
00001_frame002112-1581624001_549,ok,
00001_frame002114-1581624001_749,ok,
00001_frame002116-1581624001_950,ok,
00001_frame002118-1581624002_150,ok,
00001_frame002120-1581624002_350,ok,
00001_frame002122-1581624002_549,ok,
00001_frame002124-1581624002_749,ok,
00001_frame002126-1581624002_951,ok,
00001_frame002128-1581624003_149,ok,
00001_frame002130-1581624003_350,ok,
00001_frame002132-1581624003_549,ok,
00001_frame002134-1581624003_750,ok,
00001_frame002136-1581624003_949,ok,
00001_frame002138-1581624004_150,ok,
00001_frame002140-1581624004_349,ok,
00001_frame002142-1581624004_549,ok,
00001_frame002144-1581624004_749,ok,
00001_frame002146-1581624004_950,ok,
00001_frame002148-1581624005_150,ok,
00001_frame002150-1581624005_350,ok,
00001_frame002152-1581624005_550,ok,
00001_frame002154-1581624005_749,ok,
00001_frame002156-1581624005_950,ok,
00001_frame002158-1581624006_150,ok,
00001_frame002160-1581624006_350,ok,
00001_frame002162-1581624006_549,ok,
00001_frame002164-1581624006_750,ok,
00001_frame002166-1581624006_949,ok,
00001_frame002168-1581624007_150,ok,
00001_frame002170-1581624007_349,ok,
00001_frame002172-1581624007_550,ok,
00001_frame002174-1581624007_750,ok,
00001_frame002176-1581624007_949,ok,
00001_frame002178-1581624008_150,ok,
00001_frame002180-1581624008_350,ok,
00001_frame002182-1581624008_549,ok,
00001_frame002184-1581624008_749,ok,
00001_frame002186-1581624008_950,ok,
00001_frame002188-1581624009_150,ok,
00001_frame002190-1581624009_349,ok,
00001_frame002192-1581624009_549,ok,
00001_frame002194-1581624009_750,ok,
00001_frame002196-1581624009_949,ok,
00001_frame002198-1581624010_149,ok,
00001_frame002200-1581624010_350,ok,
00001_frame002202-1581624010_549,ok,
00001_frame002204-1581624010_750,ok,
00001_frame002206-1581624010_950,ok,
00001_frame002208-1581624011_150,ok,
00001_frame002210-1581624011_349,ok,
00001_frame002212-1581624011_550,ok,
00001_frame002214-1581624011_750,ok,
00001_frame002216-1581624011_950,ok,
00001_frame002218-1581624012_149,ok,
00001_frame002220-1581624012_349,ok,
00001_frame002222-1581624012_549,ok,
00001_frame002224-1581624012_750,ok,
00001_frame002226-1581624012_949,ok,
00001_frame002228-1581624013_149,ok,
00001_frame002230-1581624013_350,ok,
00001_frame002232-1581624013_550,ok,
00001_frame002234-1581624013_749,ok,
00001_frame002236-1581624013_950,ok,
00001_frame002238-1581624014_149,ok,
00001_frame002240-1581624014_350,ok,
00001_frame002242-1581624014_550,ok,
00001_frame002244-1581624014_749,ok,
00001_frame002246-1581624014_949,ok,
00001_frame002248-1581624015_150,ok,
00001_frame002250-1581624015_349,ok,
00001_frame002252-1581624015_550,ok,
00001_frame002254-1581624015_750,ok,
00001_frame002256-1581624015_949,ok,
00001_frame002258-1581624016_149,ok,
00001_frame002260-1581624016_349,ok,
00001_frame002262-1581624016_550,ok,
00001_frame002264-1581624016_749,ok,
00001_frame002266-1581624016_950,ok,
00001_frame002268-1581624017_150,ok,
00001_frame002270-1581624017_349,ok,
00001_frame002272-1581624017_549,ok,
00001_frame002274-1581624017_750,ok,
00001_frame002276-1581624017_949,ok,
00001_frame002278-1581624018_150,ok,
00001_frame002280-1581624018_349,ok,
00001_frame002282-1581624018_549,ok,
00001_frame002284-1581624018_749,ok,
00001_frame002286-1581624018_951,ok,
00001_frame002288-1581624019_150,ok,
00001_frame002290-1581624019_349,ok,
00001_frame002292-1581624019_550,ok,
00001_frame002294-1581624019_750,ok,
00001_frame002296-1581624019_949,ok,
00001_frame002298-1581624020_149,ok,
00001_frame002300-1581624020_349,ok,
00001_frame002302-1581624020_549,ok,
00001_frame002304-1581624020_749,ok,
00001_frame002306-1581624020_950,ok,
00001_frame002308-1581624021_149,ok,
00001_frame002310-1581624021_349,ok,
00001_frame002312-1581624021_549,ok,
00001_frame002314-1581624021_750,ok,
00001_frame002316-1581624021_950,ok,
00001_frame002317-1581624022_050,ok,
00001_frame002318-1581624022_149,ok,
00002_frame000000-1581797150_409,ok,
00002_frame000002-1581797150_609,ok,
00002_frame000004-1581797150_809,ok,
00002_frame000006-1581797151_009,ok,
00002_frame000008-1581797151_209,ok,
00002_frame000010-1581797151_409,ok,
00002_frame000012-1581797151_609,ok,
00002_frame000014-1581797151_809,ok,
00002_frame000016-1581797152_009,ok,
00002_frame000018-1581797152_209,ok,
00002_frame000020-1581797152_409,ok,
00002_frame000022-1581797152_609,ok,
00002_frame000024-1581797152_809,ok,
00002_frame000026-1581797153_009,ok,
00002_frame000028-1581797153_209,ok,
00002_frame000030-1581797153_409,ok,
00002_frame000032-1581797153_609,ok,
00002_frame000034-1581797153_809,ok,
00002_frame000036-1581797154_009,ok,
00002_frame000038-1581797154_209,ok,
00002_frame000040-1581797154_409,ok,
00002_frame000042-1581797154_609,ok,
00002_frame000044-1581797154_809,ok,
00002_frame000046-1581797155_009,ok,
00002_frame000048-1581797155_209,ok,
00002_frame000050-1581797155_409,ok,
00002_frame000052-1581797155_609,ok,
00002_frame000054-1581797155_809,ok,
00002_frame000056-1581797156_009,ok,
00002_frame000058-1581797156_209,ok,
00002_frame000060-1581797156_409,ok,
00002_frame000062-1581797156_609,ok,
00002_frame000064-1581797156_809,ok,
00002_frame000066-1581797157_009,ok,
00002_frame000068-1581797157_209,ok,
00002_frame000070-1581797157_409,ok,
00002_frame000072-1581797157_609,ok,
00002_frame000074-1581797157_809,ok,
00002_frame000076-1581797158_009,ok,
00002_frame000078-1581797158_209,ok,
00002_frame000080-1581797158_409,ok,
00002_frame000082-1581797158_609,ok,
00002_frame000084-1581797158_809,ok,
00002_frame000086-1581797159_009,ok,
00002_frame000088-1581797159_209,ok,
00002_frame000090-1581797159_409,ok,
00002_frame000092-1581797159_609,ok,
00002_frame000094-1581797159_809,ok,
00002_frame000096-1581797160_009,ok,
00002_frame000098-1581797160_209,ok,
00002_frame000100-1581797160_409,ok,
00002_frame000102-1581797160_609,ok,
00002_frame000104-1581797160_810,ok,
00002_frame000106-1581797161_009,ok,
00002_frame000108-1581797161_209,ok,
00002_frame000110-1581797161_409,ok,
00002_frame000112-1581797161_609,ok,
00002_frame000114-1581797161_809,ok,
00002_frame000116-1581797162_009,ok,
00002_frame000118-1581797162_210,ok,
00002_frame000120-1581797162_409,ok,
00002_frame000122-1581797162_609,ok,
00002_frame000124-1581797162_809,ok,
00002_frame000126-1581797163_009,ok,
00002_frame000128-1581797163_209,ok,
00002_frame000130-1581797163_409,ok,
00002_frame000132-1581797163_609,ok,
00002_frame000134-1581797163_809,ok,
00002_frame000136-1581797164_010,ok,
00002_frame000138-1581797164_209,ok,
00002_frame000140-1581797164_409,ok,
00002_frame000142-1581797164_609,ok,
00002_frame000144-1581797164_810,ok,
00002_frame000146-1581797165_009,ok,
00002_frame000148-1581797165_209,ok,
00002_frame000150-1581797165_409,ok,
00002_frame000152-1581797165_609,ok,
00002_frame000154-1581797165_809,ok,
00002_frame000156-1581797166_009,ok,
00002_frame000158-1581797166_209,ok,
00002_frame000160-1581797166_409,ok,
00002_frame000162-1581797166_609,ok,
00002_frame000164-1581797166_809,ok,
00002_frame000166-1581797167_009,ok,
00002_frame000168-1581797167_209,ok,
00002_frame000170-1581797167_409,ok,
00002_frame000172-1581797167_609,ok,
00002_frame000174-1581797167_809,ok,
00002_frame000176-1581797168_009,ok,
00002_frame000178-1581797168_209,ok,
00002_frame000180-1581797168_409,ok,
00002_frame000182-1581797168_609,ok,
00002_frame000184-1581797168_809,ok,
00002_frame000186-1581797169_009,ok,
00002_frame000188-1581797169_209,ok,
00002_frame000190-1581797169_409,ok,
00002_frame000192-1581797169_609,ok,
00002_frame000194-1581797169_809,ok,
00002_frame000196-1581797170_009,ok,
00002_frame000198-1581797170_209,ok,
00002_frame000200-1581797170_409,ok,
00002_frame000202-1581797170_609,ok,
00002_frame000204-1581797170_809,ok,
00002_frame000206-1581797171_009,ok,
00002_frame000208-1581797171_209,ok,
00002_frame000210-1581797171_409,ok,
00002_frame000212-1581797171_609,ok,
00002_frame000214-1581797171_809,ok,
00002_frame000216-1581797172_009,ok,
00002_frame000218-1581797172_209,ok,
00002_frame000220-1581797172_409,ok,
00002_frame000222-1581797172_609,ok,
00002_frame000224-1581797172_809,ok,
00002_frame000226-1581797173_009,ok,
00002_frame000228-1581797173_209,ok,
00002_frame000230-1581797173_409,ok,
00002_frame000232-1581797173_609,ok,
00002_frame000234-1581797173_809,ok,
00002_frame000236-1581797174_009,ok,
00002_frame000238-1581797174_209,ok,
00002_frame000240-1581797174_409,ok,
00002_frame000242-1581797174_609,ok,
00002_frame000244-1581797174_809,ok,
00002_frame000246-1581797175_009,ok,
00002_frame000248-1581797175_209,ok,
00002_frame000250-1581797175_409,ok,
00002_frame000252-1581797175_609,ok,
00002_frame000254-1581797175_809,ok,
00002_frame000256-1581797176_009,ok,
00002_frame000258-1581797176_209,ok,
00002_frame000260-1581797176_409,ok,
00002_frame000262-1581797176_609,ok,
00002_frame000264-1581797176_809,ok,
00002_frame000266-1581797177_009,ok,
00002_frame000268-1581797177_209,ok,
00002_frame000270-1581797177_409,ok,
00002_frame000272-1581797177_609,ok,
00002_frame000274-1581797177_809,ok,
00002_frame000276-1581797178_010,ok,
00002_frame000278-1581797178_209,ok,
00002_frame000280-1581797178_409,ok,
00002_frame000282-1581797178_609,ok,
00002_frame000284-1581797178_809,ok,
00002_frame000286-1581797179_009,ok,
00002_frame000288-1581797179_209,ok,
00002_frame000290-1581797179_409,ok,
00002_frame000292-1581797179_609,ok,
00002_frame000294-1581797179_809,ok,
00002_frame000296-1581797180_009,ok,
00002_frame000298-1581797180_209,ok,
00002_frame000300-1581797180_409,ok,
00002_frame000302-1581797180_609,ok,
00002_frame000304-1581797180_809,ok,
00002_frame000306-1581797181_009,ok,
00002_frame000308-1581797181_209,ok,
00002_frame000310-1581797181_409,ok,
00002_frame000312-1581797181_609,ok,
00002_frame000314-1581797181_809,ok,
00002_frame000316-1581797182_009,ok,
00002_frame000318-1581797182_209,ok,
00002_frame000320-1581797182_409,ok,
00002_frame000322-1581797182_609,ok,
00002_frame000324-1581797182_809,ok,
00002_frame000326-1581797183_009,ok,
00002_frame000328-1581797183_209,ok,
00002_frame000330-1581797183_409,ok,
00002_frame000332-1581797183_609,ok,
00002_frame000334-1581797183_809,ok,
00002_frame000336-1581797184_009,ok,
00002_frame000338-1581797184_209,ok,
00002_frame000340-1581797184_409,ok,
00002_frame000342-1581797184_609,ok,
00002_frame000344-1581797184_809,ok,
00002_frame000346-1581797185_009,ok,
00002_frame000348-1581797185_209,ok,
00002_frame000350-1581797185_409,ok,
00002_frame000352-1581797185_610,ok,
00002_frame000354-1581797185_809,ok,
00002_frame000356-1581797186_009,ok,
00002_frame000358-1581797186_209,ok,
00002_frame000360-1581797186_409,ok,
00002_frame000362-1581797186_609,ok,
00002_frame000364-1581797186_809,ok,
00002_frame000366-1581797187_009,ok,
00002_frame000368-1581797187_209,ok,
00002_frame000370-1581797187_409,ok,
00002_frame000372-1581797187_609,ok,
00002_frame000374-1581797187_809,ok,
00002_frame000376-1581797188_009,ok,
00002_frame000378-1581797188_209,ok,
00002_frame000380-1581797188_409,ok,
00002_frame000382-1581797188_609,ok,
00002_frame000384-1581797188_809,ok,
00002_frame000386-1581797189_009,ok,
00002_frame000388-1581797189_209,ok,
00002_frame000390-1581797189_409,ok,
00002_frame000392-1581797189_609,ok,
00002_frame000394-1581797189_809,ok,
00002_frame000396-1581797190_009,ok,
00002_frame000398-1581797190_209,ok,
00002_frame000400-1581797190_409,ok,
00002_frame000402-1581797190_609,ok,
00002_frame000404-1581797190_809,ok,
00002_frame000406-1581797191_009,ok,
00002_frame000408-1581797191_209,ok,
00002_frame000410-1581797191_409,ok,
00002_frame000412-1581797191_609,ok,
00002_frame000414-1581797191_809,ok,
00002_frame000416-1581797192_009,ok,
00002_frame000418-1581797192_209,ok,
00002_frame000420-1581797192_409,ok,
00002_frame000422-1581797192_609,ok,
00002_frame000424-1581797192_809,ok,
00002_frame000426-1581797193_009,ok,
00002_frame000428-1581797193_210,ok,
00002_frame000430-1581797193_409,ok,
00002_frame000432-1581797193_609,ok,
00002_frame000434-1581797193_809,ok,
00002_frame000436-1581797194_009,ok,
00002_frame000438-1581797194_209,ok,
00002_frame000440-1581797194_409,ok,
00002_frame000442-1581797194_609,ok,
00002_frame000444-1581797194_809,ok,
00002_frame000446-1581797195_009,ok,
00002_frame000448-1581797195_209,ok,
00002_frame000450-1581797195_409,ok,
00002_frame000452-1581797195_609,ok,
00002_frame000454-1581797195_809,ok,
00002_frame000456-1581797196_010,ok,
00002_frame000458-1581797196_209,ok,
00002_frame000460-1581797196_409,ok,
00002_frame000462-1581797196_609,ok,
00002_frame000464-1581797196_809,ok,
00002_frame000466-1581797197_009,ok,
00002_frame000468-1581797197_209,ok,
00002_frame000470-1581797197_409,ok,
00002_frame000472-1581797197_609,ok,
00002_frame000474-1581797197_809,ok,
00002_frame000476-1581797198_009,ok,
00002_frame000478-1581797198_210,ok,
00002_frame000480-1581797198_409,ok,
00002_frame000482-1581797198_609,ok,
00002_frame000484-1581797198_809,ok,
00002_frame000486-1581797199_009,ok,
00002_frame000488-1581797199_209,ok,
00002_frame000490-1581797199_409,ok,
00002_frame000492-1581797199_609,ok,
00002_frame000494-1581797199_809,ok,
00002_frame000496-1581797200_009,ok,
00002_frame000498-1581797200_209,ok,
00002_frame000500-1581797200_409,ok,
00002_frame000502-1581797200_609,ok,
00002_frame000504-1581797200_809,ok,
00002_frame000506-1581797201_009,ok,
00002_frame000508-1581797201_209,ok,
00002_frame000510-1581797201_409,ok,
00002_frame000512-1581797201_609,ok,
00002_frame000514-1581797201_809,ok,
00002_frame000516-1581797202_009,ok,
00002_frame000518-1581797202_209,ok,
00002_frame000520-1581797202_409,ok,
00002_frame000522-1581797202_609,ok,
00002_frame000524-1581797202_809,ok,
00002_frame000526-1581797203_009,ok,
00002_frame000528-1581797203_209,ok,
00002_frame000530-1581797203_409,ok,
00002_frame000532-1581797203_609,ok,
00002_frame000534-1581797203_809,ok,
00002_frame000536-1581797204_009,ok,
00002_frame000538-1581797204_209,ok,
00002_frame000540-1581797204_409,ok,
00002_frame000542-1581797204_609,ok,
00002_frame000544-1581797204_809,ok,
00002_frame000546-1581797205_009,ok,
00002_frame000548-1581797205_209,ok,
00002_frame000550-1581797205_409,ok,
00002_frame000552-1581797205_609,ok,
00002_frame000554-1581797205_809,ok,
00002_frame000556-1581797206_009,ok,
00002_frame000558-1581797206_209,ok,
00002_frame000560-1581797206_409,ok,
00002_frame000562-1581797206_609,ok,
00002_frame000564-1581797206_809,ok,
00002_frame000566-1581797207_009,ok,
00002_frame000568-1581797207_209,ok,
00002_frame000570-1581797207_409,ok,
00002_frame000572-1581797207_609,ok,
00002_frame000574-1581797207_809,ok,
00002_frame000576-1581797208_009,ok,
00002_frame000578-1581797208_209,ok,
00002_frame000580-1581797208_409,ok,
00002_frame000582-1581797208_609,ok,
00002_frame000584-1581797208_809,ok,
00002_frame000586-1581797209_009,ok,
00002_frame000588-1581797209_209,ok,
00002_frame000590-1581797209_409,ok,
00002_frame000592-1581797209_609,ok,
00002_frame000594-1581797209_809,ok,
00002_frame000596-1581797210_009,ok,
00002_frame000598-1581797210_209,ok,
00002_frame000599-1581797210_309,ok,
00002_frame000601-1581797210_509,ok,
00002_frame000603-1581797210_709,ok,
00002_frame000605-1581797210_909,ok,
00002_frame000607-1581797211_109,ok,
00002_frame000609-1581797211_310,ok,
00002_frame000611-1581797211_509,ok,
00002_frame000613-1581797211_709,ok,
00002_frame000615-1581797211_909,ok,
00002_frame000617-1581797212_109,ok,
00002_frame000619-1581797212_309,ok,
00002_frame000621-1581797212_509,ok,
00002_frame000623-1581797212_709,ok,
00002_frame000625-1581797212_909,ok,
00002_frame000627-1581797213_109,ok,
00002_frame000629-1581797213_309,ok,
00002_frame000631-1581797213_509,ok,
00002_frame000633-1581797213_709,ok,
00002_frame000635-1581797213_909,ok,
00002_frame000637-1581797214_109,ok,
00002_frame000639-1581797214_309,ok,
00002_frame000641-1581797214_509,ok,
00002_frame000643-1581797214_709,ok,
00002_frame000645-1581797214_910,ok,
00002_frame000647-1581797215_109,ok,
00002_frame000649-1581797215_309,ok,
00002_frame000651-1581797215_509,ok,
00002_frame000653-1581797215_709,ok,
00002_frame000655-1581797215_909,ok,
00002_frame000657-1581797216_109,ok,
00002_frame000659-1581797216_309,ok,
00002_frame000661-1581797216_509,ok,
00002_frame000663-1581797216_709,ok,
00002_frame000665-1581797216_909,ok,
00002_frame000667-1581797217_109,ok,
00002_frame000669-1581797217_309,ok,
00002_frame000671-1581797217_509,ok,
00002_frame000673-1581797217_709,ok,
00002_frame000675-1581797217_909,ok,
00002_frame000677-1581797218_109,ok,
00002_frame000679-1581797218_309,ok,
00002_frame000681-1581797218_509,ok,
00002_frame000683-1581797218_709,ok,
00002_frame000685-1581797218_909,ok,
00002_frame000687-1581797219_109,ok,
00002_frame000689-1581797219_309,ok,
00002_frame000691-1581797219_509,ok,
00002_frame000693-1581797219_709,ok,
00002_frame000695-1581797219_909,ok,
00002_frame000697-1581797220_109,ok,
00002_frame000699-1581797220_309,ok,
00002_frame000701-1581797220_509,ok,
00002_frame000703-1581797220_709,ok,
00002_frame000705-1581797220_909,ok,
00002_frame000707-1581797221_109,ok,
00002_frame000709-1581797221_309,ok,
00002_frame000711-1581797221_509,ok,
00002_frame000713-1581797221_709,ok,
00002_frame000715-1581797221_909,ok,
00002_frame000717-1581797222_109,ok,
00002_frame000719-1581797222_309,ok,
00002_frame000721-1581797222_509,ok,
00002_frame000723-1581797222_709,ok,
00002_frame000725-1581797222_909,ok,
00002_frame000727-1581797223_109,ok,
00002_frame000729-1581797223_309,ok,
00002_frame000731-1581797223_509,ok,
00002_frame000733-1581797223_709,ok,
00002_frame000735-1581797223_909,ok,
00002_frame000737-1581797224_109,ok,
00002_frame000739-1581797224_309,ok,
00002_frame000741-1581797224_509,ok,
00002_frame000743-1581797224_709,ok,
00002_frame000745-1581797224_909,ok,
00002_frame000747-1581797225_109,ok,
00002_frame000749-1581797225_309,ok,
00002_frame000751-1581797225_509,ok,
00002_frame000753-1581797225_709,ok,
00002_frame000755-1581797225_909,ok,
00002_frame000757-1581797226_109,ok,
00002_frame000759-1581797226_309,ok,
00002_frame000761-1581797226_509,ok,
00002_frame000763-1581797226_709,ok,
00002_frame000765-1581797226_909,ok,
00002_frame000767-1581797227_109,ok,
00002_frame000769-1581797227_309,ok,
00002_frame000771-1581797227_509,ok,
00002_frame000773-1581797227_709,ok,
00002_frame000775-1581797227_909,ok,
00002_frame000777-1581797228_110,ok,
00002_frame000779-1581797228_311,ok,
00002_frame000781-1581797228_509,ok,
00002_frame000783-1581797228_709,ok,
00002_frame000785-1581797228_909,ok,
00002_frame000787-1581797229_109,ok,
00002_frame000789-1581797229_309,ok,
00002_frame000791-1581797229_509,ok,
00002_frame000793-1581797229_709,ok,
00002_frame000795-1581797229_909,ok,
00002_frame000797-1581797230_109,ok,
00002_frame000799-1581797230_309,ok,
00002_frame000801-1581797230_509,ok,
00002_frame000803-1581797230_709,ok,
00002_frame000805-1581797230_909,ok,
00002_frame000807-1581797231_109,ok,
00002_frame000809-1581797231_309,ok,
00002_frame000811-1581797231_509,ok,
00002_frame000813-1581797231_709,ok,
00002_frame000815-1581797231_909,ok,
00002_frame000817-1581797232_109,ok,
00002_frame000819-1581797232_309,ok,
00002_frame000821-1581797232_509,ok,
00002_frame000823-1581797232_709,ok,
00002_frame000825-1581797232_909,ok,
00002_frame000827-1581797233_109,ok,
00002_frame000829-1581797233_309,ok,
00002_frame000831-1581797233_509,ok,
00002_frame000833-1581797233_709,ok,
00002_frame000835-1581797233_909,ok,
00002_frame000837-1581797234_109,ok,
00002_frame000839-1581797234_309,ok,
00002_frame000841-1581797234_509,ok,
00002_frame000843-1581797234_709,ok,
00002_frame000845-1581797234_909,ok,
00002_frame000847-1581797235_109,ok,
00002_frame000849-1581797235_309,ok,
00002_frame000851-1581797235_509,ok,
00002_frame000853-1581797235_709,ok,
00002_frame000855-1581797235_909,ok,
00002_frame000857-1581797236_109,ok,
00002_frame000859-1581797236_309,ok,
00002_frame000861-1581797236_509,ok,
00002_frame000863-1581797236_709,ok,
00002_frame000865-1581797236_909,ok,
00002_frame000867-1581797237_109,ok,
00002_frame000869-1581797237_309,ok,
00002_frame000871-1581797237_509,ok,
00002_frame000873-1581797237_709,ok,
00002_frame000875-1581797237_909,ok,
00002_frame000877-1581797238_109,ok,
00002_frame000879-1581797238_309,ok,
00002_frame000881-1581797238_509,ok,
00002_frame000883-1581797238_709,ok,
00002_frame000885-1581797238_909,ok,
00002_frame000887-1581797239_109,ok,
00002_frame000889-1581797239_309,ok,
00002_frame000891-1581797239_509,ok,
00002_frame000893-1581797239_709,ok,
00002_frame000895-1581797239_909,ok,
00002_frame000897-1581797240_109,ok,
00002_frame000899-1581797240_309,ok,
00002_frame000901-1581797240_509,ok,
00002_frame000903-1581797240_709,ok,
00002_frame000905-1581797240_909,ok,
00002_frame000907-1581797241_109,ok,
00002_frame000909-1581797241_309,ok,
00002_frame000911-1581797241_509,ok,
00002_frame000913-1581797241_709,ok,
00002_frame000915-1581797241_909,ok,
00002_frame000917-1581797242_109,ok,
00002_frame000919-1581797242_309,ok,
00002_frame000921-1581797242_509,ok,
00002_frame000923-1581797242_709,ok,
00002_frame000925-1581797242_909,ok,
00002_frame000927-1581797243_109,ok,
00002_frame000929-1581797243_309,ok,
00002_frame000931-1581797243_509,ok,
00002_frame000933-1581797243_709,ok,
00002_frame000935-1581797243_909,ok,
00002_frame000937-1581797244_109,ok,
00002_frame000939-1581797244_309,ok,
00002_frame000941-1581797244_509,ok,
00002_frame000943-1581797244_709,ok,
00002_frame000945-1581797244_909,ok,
00002_frame000947-1581797245_109,ok,
00002_frame000949-1581797245_309,ok,
00002_frame000951-1581797245_509,ok,
00002_frame000953-1581797245_709,ok,
00002_frame000955-1581797245_909,ok,
00002_frame000957-1581797246_109,ok,
00002_frame000959-1581797246_309,ok,
00002_frame000961-1581797246_509,ok,
00002_frame000963-1581797246_709,ok,
00002_frame000965-1581797246_909,ok,
00002_frame000967-1581797247_109,ok,
00002_frame000969-1581797247_309,ok,
00002_frame000971-1581797247_509,ok,
00002_frame000973-1581797247_710,ok,
00002_frame000975-1581797247_909,ok,
00002_frame000977-1581797248_109,ok,
00002_frame000979-1581797248_309,ok,
00002_frame000981-1581797248_509,ok,
00002_frame000983-1581797248_709,ok,
00002_frame000985-1581797248_909,ok,
00002_frame000987-1581797249_109,ok,
00002_frame000989-1581797249_309,ok,
00002_frame000991-1581797249_509,ok,
00002_frame000993-1581797249_709,ok,
00002_frame000995-1581797249_909,ok,
00002_frame000997-1581797250_110,ok,
00002_frame000999-1581797250_309,ok,
00002_frame001001-1581797250_510,ok,
00002_frame001003-1581797250_709,ok,
00002_frame001005-1581797250_909,ok,
00002_frame001007-1581797251_109,ok,
00002_frame001009-1581797251_309,ok,
00002_frame001011-1581797251_509,ok,
00002_frame001013-1581797251_709,ok,
00002_frame001015-1581797251_909,ok,
00002_frame001017-1581797252_109,ok,
00002_frame001019-1581797252_309,ok,
00002_frame001021-1581797252_509,ok,
00002_frame001023-1581797252_709,ok,
00002_frame001025-1581797252_909,ok,
00002_frame001027-1581797253_109,ok,
00002_frame001029-1581797253_310,ok,
00002_frame001031-1581797253_509,ok,
00002_frame001033-1581797253_709,ok,
00002_frame001035-1581797253_909,ok,
00002_frame001037-1581797254_109,ok,
00002_frame001039-1581797254_309,ok,
00002_frame001041-1581797254_509,ok,
00002_frame001043-1581797254_709,ok,
00002_frame001045-1581797254_909,ok,
00002_frame001047-1581797255_109,ok,
00002_frame001049-1581797255_309,ok,
00002_frame001051-1581797255_509,ok,
00002_frame001053-1581797255_709,ok,
00002_frame001055-1581797255_909,ok,
00002_frame001057-1581797256_109,ok,
00002_frame001059-1581797256_309,ok,
00002_frame001061-1581797256_509,ok,
00002_frame001063-1581797256_709,ok,
00002_frame001065-1581797256_909,ok,
00002_frame001067-1581797257_109,ok,
00002_frame001069-1581797257_309,ok,
00002_frame001071-1581797257_510,ok,
00002_frame001073-1581797257_709,ok,
00002_frame001075-1581797257_909,ok,
00002_frame001077-1581797258_109,ok,
00002_frame001079-1581797258_309,ok,
00002_frame001081-1581797258_509,ok,
00002_frame001083-1581797258_709,ok,
00002_frame001085-1581797258_909,ok,
00002_frame001087-1581797259_109,ok,
00002_frame001089-1581797259_309,ok,
00002_frame001091-1581797259_509,ok,
00002_frame001093-1581797259_709,ok,
00002_frame001095-1581797259_909,ok,
00002_frame001097-1581797260_109,ok,
00002_frame001099-1581797260_309,ok,
00002_frame001101-1581797260_509,ok,
00002_frame001103-1581797260_709,ok,
00002_frame001105-1581797260_909,ok,
00002_frame001107-1581797261_109,ok,
00002_frame001109-1581797261_309,ok,
00002_frame001111-1581797261_509,ok,
00002_frame001113-1581797261_709,ok,
00002_frame001115-1581797261_909,ok,
00002_frame001117-1581797262_109,ok,
00002_frame001119-1581797262_309,ok,
00002_frame001121-1581797262_509,ok,
00002_frame001123-1581797262_709,ok,
00002_frame001125-1581797262_909,ok,
00002_frame001127-1581797263_109,ok,
00002_frame001129-1581797263_309,ok,
00002_frame001131-1581797263_509,ok,
00002_frame001133-1581797263_709,ok,
00002_frame001135-1581797263_909,ok,
00002_frame001137-1581797264_109,ok,
00002_frame001139-1581797264_309,ok,
00002_frame001141-1581797264_509,ok,
00002_frame001143-1581797264_709,ok,
00002_frame001145-1581797264_909,ok,
00002_frame001147-1581797265_109,ok,
00002_frame001149-1581797265_309,ok,
00002_frame001151-1581797265_509,ok,
00002_frame001153-1581797265_709,ok,
00002_frame001155-1581797265_909,ok,
00002_frame001157-1581797266_109,ok,
00002_frame001159-1581797266_309,ok,
00002_frame001161-1581797266_509,ok,
00002_frame001163-1581797266_709,ok,
00002_frame001165-1581797266_909,ok,
00002_frame001167-1581797267_109,ok,
00002_frame001169-1581797267_309,ok,
00002_frame001171-1581797267_509,ok,
00002_frame001173-1581797267_709,ok,
00002_frame001175-1581797267_910,ok,
00002_frame001177-1581797268_109,ok,
00002_frame001179-1581797268_309,ok,
00002_frame001181-1581797268_509,ok,
00002_frame001183-1581797268_709,ok,
00002_frame001185-1581797268_910,ok,
00002_frame001187-1581797269_109,ok,
00002_frame001189-1581797269_309,ok,
00002_frame001191-1581797269_509,ok,
00002_frame001193-1581797269_709,ok,
00002_frame001195-1581797269_909,ok,
00002_frame001197-1581797270_109,ok,
00002_frame001199-1581797270_309,ok,
00002_frame001201-1581797270_509,ok,
00002_frame001203-1581797270_709,ok,
00002_frame001205-1581797270_909,ok,
00002_frame001207-1581797271_109,ok,
00002_frame001209-1581797271_310,ok,
00002_frame001211-1581797271_509,ok,
00002_frame001213-1581797271_709,ok,
00002_frame001215-1581797271_909,ok,
00002_frame001217-1581797272_109,ok,
00002_frame001219-1581797272_309,ok,
00002_frame001221-1581797272_509,ok,
00002_frame001223-1581797272_709,ok,
00002_frame001225-1581797272_909,ok,
00002_frame001227-1581797273_109,ok,
00002_frame001229-1581797273_309,ok,
00002_frame001231-1581797273_509,ok,
00002_frame001233-1581797273_709,ok,
00002_frame001235-1581797273_909,ok,
00002_frame001237-1581797274_109,ok,
00002_frame001239-1581797274_309,ok,
00002_frame001241-1581797274_509,ok,
00002_frame001243-1581797274_709,ok,
00002_frame001245-1581797274_910,ok,
00002_frame001247-1581797275_109,ok,
00002_frame001249-1581797275_309,ok,
00002_frame001251-1581797275_509,ok,
00002_frame001253-1581797275_709,ok,
00002_frame001255-1581797275_909,ok,
00002_frame001257-1581797276_109,ok,
00002_frame001259-1581797276_311,ok,
00002_frame001261-1581797276_509,ok,
00002_frame001263-1581797276_709,ok,
00002_frame001265-1581797276_909,ok,
00002_frame001267-1581797277_109,ok,
00002_frame001269-1581797277_309,ok,
00002_frame001271-1581797277_509,ok,
00002_frame001273-1581797277_709,ok,
00002_frame001275-1581797277_909,ok,
00002_frame001277-1581797278_109,ok,
00002_frame001279-1581797278_309,ok,
00002_frame001281-1581797278_509,ok,
00002_frame001283-1581797278_709,ok,
00002_frame001285-1581797278_909,ok,
00002_frame001287-1581797279_109,ok,
00002_frame001289-1581797279_309,ok,
00002_frame001291-1581797279_509,ok,
00002_frame001293-1581797279_709,ok,
00002_frame001295-1581797279_909,ok,
00002_frame001297-1581797280_109,ok,
00002_frame001299-1581797280_309,ok,
00002_frame001301-1581797280_509,ok,
00002_frame001303-1581797280_709,ok,
00002_frame001305-1581797280_909,ok,
00002_frame001307-1581797281_110,ok,
00002_frame001309-1581797281_309,ok,
00002_frame001311-1581797281_509,ok,
00002_frame001313-1581797281_709,ok,
00002_frame001315-1581797281_909,ok,
00002_frame001317-1581797282_109,ok,
00002_frame001319-1581797282_309,ok,
00002_frame001321-1581797282_509,ok,
00002_frame001323-1581797282_709,ok,
00002_frame001325-1581797282_909,ok,
00002_frame001327-1581797283_109,ok,
00002_frame001329-1581797283_309,ok,
00002_frame001331-1581797283_509,ok,
00002_frame001333-1581797283_709,ok,
00002_frame001335-1581797283_909,ok,
00002_frame001337-1581797284_109,ok,
00002_frame001339-1581797284_309,ok,
00002_frame001341-1581797284_509,ok,
00002_frame001343-1581797284_709,ok,
00002_frame001345-1581797284_909,ok,
00002_frame001347-1581797285_109,ok,
00002_frame001349-1581797285_309,ok,
00002_frame001351-1581797285_509,ok,
00002_frame001353-1581797285_709,ok,
00002_frame001355-1581797285_909,ok,
00002_frame001357-1581797286_109,ok,
00002_frame001359-1581797286_309,ok,
00002_frame001361-1581797286_509,ok,
00002_frame001363-1581797286_709,ok,
00002_frame001365-1581797286_909,ok,
00002_frame001367-1581797287_110,ok,
00002_frame001369-1581797287_309,ok,
00002_frame001371-1581797287_510,ok,
00002_frame001373-1581797287_709,ok,
00002_frame001375-1581797287_909,ok,
00002_frame001377-1581797288_109,ok,
00002_frame001379-1581797288_309,ok,
00002_frame001381-1581797288_509,ok,
00002_frame001383-1581797288_709,ok,
00002_frame001385-1581797288_909,ok,
00002_frame001387-1581797289_109,ok,
00002_frame001389-1581797289_309,ok,
00002_frame001391-1581797289_509,ok,
00002_frame001393-1581797289_709,ok,
00002_frame001395-1581797289_909,ok,
00002_frame001397-1581797290_109,ok,
00002_frame001399-1581797290_309,ok,
00002_frame001401-1581797290_509,ok,
00002_frame001403-1581797290_709,ok,
00002_frame001405-1581797290_909,ok,
00002_frame001407-1581797291_109,ok,
00002_frame001409-1581797291_309,ok,
00002_frame001411-1581797291_509,ok,
00002_frame001413-1581797291_709,ok,
00002_frame001415-1581797291_909,ok,
00002_frame001417-1581797292_109,ok,
00002_frame001419-1581797292_309,ok,
00002_frame001421-1581797292_509,ok,
00002_frame001423-1581797292_709,ok,
00002_frame001425-1581797292_909,ok,
00002_frame001427-1581797293_109,ok,
00002_frame001429-1581797293_309,ok,
00002_frame001431-1581797293_509,ok,
00002_frame001433-1581797293_709,ok,
00002_frame001435-1581797293_909,ok,
00002_frame001437-1581797294_109,ok,
00002_frame001439-1581797294_309,ok,
00002_frame001441-1581797294_509,ok,
00002_frame001443-1581797294_709,ok,
00002_frame001445-1581797294_909,ok,
00002_frame001447-1581797295_109,ok,
00002_frame001449-1581797295_309,ok,
00002_frame001451-1581797295_509,ok,
00002_frame001453-1581797295_709,ok,
00002_frame001455-1581797295_909,ok,
00002_frame001457-1581797296_109,ok,
00002_frame001459-1581797296_309,ok,
00002_frame001461-1581797296_509,ok,
00002_frame001463-1581797296_709,ok,
00002_frame001465-1581797296_909,ok,
00002_frame001467-1581797297_109,ok,
00002_frame001469-1581797297_309,ok,
00002_frame001471-1581797297_509,ok,
00002_frame001473-1581797297_709,ok,
00002_frame001475-1581797297_909,ok,
00002_frame001477-1581797298_109,ok,
00002_frame001479-1581797298_309,ok,
00002_frame001481-1581797298_509,ok,
00002_frame001483-1581797298_709,ok,
00002_frame001485-1581797298_909,ok,
00002_frame001487-1581797299_109,ok,
00002_frame001489-1581797299_309,ok,
00002_frame001491-1581797299_509,ok,
00002_frame001493-1581797299_709,ok,
00002_frame001495-1581797299_909,ok,
00002_frame001497-1581797300_109,ok,
00002_frame001499-1581797300_309,ok,
00002_frame001501-1581797300_509,ok,
00002_frame001503-1581797300_709,ok,
00002_frame001505-1581797300_909,ok,
00002_frame001507-1581797301_109,ok,
00002_frame001509-1581797301_309,ok,
00002_frame001511-1581797301_509,ok,
00002_frame001513-1581797301_709,ok,
00002_frame001515-1581797301_909,ok,
00002_frame001517-1581797302_109,ok,
00002_frame001519-1581797302_309,ok,
00002_frame001521-1581797302_509,ok,
00002_frame001523-1581797302_709,ok,
00002_frame001525-1581797302_909,ok,
00002_frame001527-1581797303_109,ok,
00002_frame001529-1581797303_309,ok,
00002_frame001531-1581797303_509,ok,
00002_frame001533-1581797303_709,ok,
00002_frame001535-1581797303_909,ok,
00002_frame001537-1581797304_109,ok,
00002_frame001539-1581797304_309,ok,
00002_frame001541-1581797304_509,ok,
00002_frame001543-1581797304_709,ok,
00002_frame001545-1581797304_909,ok,
00002_frame001547-1581797305_109,ok,
00002_frame001549-1581797305_309,ok,
00002_frame001551-1581797305_509,ok,
00002_frame001553-1581797305_709,ok,
00002_frame001555-1581797305_909,ok,
00002_frame001557-1581797306_109,ok,
00002_frame001559-1581797306_309,ok,
00002_frame001561-1581797306_509,ok,
00002_frame001563-1581797306_709,ok,
00002_frame001565-1581797306_909,ok,
00002_frame001567-1581797307_109,ok,
00002_frame001569-1581797307_309,ok,
00002_frame001571-1581797307_509,ok,
00002_frame001573-1581797307_709,ok,
00002_frame001575-1581797307_909,ok,
00002_frame001577-1581797308_109,ok,
00002_frame001579-1581797308_309,ok,
00002_frame001581-1581797308_509,ok,
00002_frame001583-1581797308_709,ok,
00002_frame001585-1581797308_909,ok,
00002_frame001587-1581797309_109,ok,
00002_frame001589-1581797309_309,ok,
00002_frame001591-1581797309_509,ok,
00002_frame001593-1581797309_709,ok,
00002_frame001595-1581797309_909,ok,
00002_frame001597-1581797310_109,ok,
00002_frame001599-1581797310_309,ok,
00002_frame001601-1581797310_509,ok,
00002_frame001603-1581797310_709,ok,
00002_frame001605-1581797310_909,ok,
00002_frame001607-1581797311_109,ok,
00002_frame001609-1581797311_309,ok,
00002_frame001611-1581797311_509,ok,
00002_frame001613-1581797311_709,ok,
00002_frame001615-1581797311_909,ok,
00002_frame001617-1581797312_109,ok,
00002_frame001619-1581797312_309,ok,
00002_frame001621-1581797312_509,ok,
00002_frame001623-1581797312_709,ok,
00002_frame001625-1581797312_909,ok,
00002_frame001627-1581797313_109,ok,
00002_frame001629-1581797313_309,ok,
00002_frame001631-1581797313_509,ok,
00002_frame001633-1581797313_709,ok,
00002_frame001635-1581797313_909,ok,
00002_frame001637-1581797314_109,ok,
00002_frame001639-1581797314_309,ok,
00002_frame001641-1581797314_509,ok,
00002_frame001643-1581797314_709,ok,
00002_frame001645-1581797314_909,ok,
00002_frame001647-1581797315_109,ok,
00002_frame001649-1581797315_310,ok,
00002_frame001651-1581797315_509,ok,
00002_frame001653-1581797315_709,ok,
00002_frame001655-1581797315_909,ok,
00002_frame001657-1581797316_109,ok,
00002_frame001659-1581797316_309,ok,
00002_frame001661-1581797316_509,ok,
00002_frame001663-1581797316_709,ok,
00002_frame001665-1581797316_909,ok,
00002_frame001667-1581797317_109,ok,
00002_frame001669-1581797317_309,ok,
00002_frame001671-1581797317_509,ok,
00002_frame001673-1581797317_709,ok,
00002_frame001675-1581797317_909,ok,
00002_frame001677-1581797318_109,ok,
00002_frame001679-1581797318_311,ok,
00002_frame001681-1581797318_509,ok,
00002_frame001683-1581797318_709,ok,
00002_frame001685-1581797318_909,ok,
00002_frame001687-1581797319_109,ok,
00002_frame001689-1581797319_309,ok,
00002_frame001691-1581797319_509,ok,
00002_frame001693-1581797319_709,ok,
00002_frame001695-1581797319_909,ok,
00002_frame001697-1581797320_109,ok,
00002_frame001699-1581797320_309,ok,
00002_frame001701-1581797320_509,ok,
00002_frame001703-1581797320_709,ok,
00002_frame001705-1581797320_909,ok,
00002_frame001707-1581797321_109,ok,
00002_frame001709-1581797321_309,ok,
00002_frame001711-1581797321_509,ok,
00002_frame001713-1581797321_709,ok,
00002_frame001715-1581797321_909,ok,
00002_frame001717-1581797322_109,ok,
00002_frame001719-1581797322_309,ok,
00002_frame001721-1581797322_509,ok,
00002_frame001723-1581797322_709,ok,
00002_frame001725-1581797322_909,ok,
00002_frame001727-1581797323_109,ok,
00002_frame001729-1581797323_309,ok,
00002_frame001731-1581797323_509,ok,
00002_frame001733-1581797323_709,ok,
00002_frame001735-1581797323_910,ok,
00002_frame001737-1581797324_109,ok,
00002_frame001739-1581797324_309,ok,
00002_frame001741-1581797324_509,ok,
00002_frame001743-1581797324_709,ok,
00002_frame001745-1581797324_910,ok,
00002_frame001747-1581797325_109,ok,
00002_frame001749-1581797325_309,ok,
00002_frame001751-1581797325_509,ok,
00002_frame001753-1581797325_709,ok,
00002_frame001755-1581797325_909,ok,
00002_frame001757-1581797326_109,ok,
00002_frame001759-1581797326_309,ok,
00002_frame001761-1581797326_509,ok,
00002_frame001763-1581797326_709,ok,
00002_frame001765-1581797326_909,ok,
00002_frame001767-1581797327_109,ok,
00002_frame001769-1581797327_310,ok,
00002_frame001771-1581797327_509,ok,
00002_frame001773-1581797327_709,ok,
00002_frame001775-1581797327_909,ok,
00002_frame001777-1581797328_109,ok,
00002_frame001779-1581797328_309,ok,
00002_frame001781-1581797328_509,ok,
00002_frame001783-1581797328_709,ok,
00002_frame001785-1581797328_909,ok,
00002_frame001787-1581797329_109,ok,
00002_frame001789-1581797329_310,ok,
00002_frame001791-1581797329_509,ok,
00002_frame001793-1581797329_709,ok,
00002_frame001795-1581797329_909,ok,
00002_frame001797-1581797330_109,ok,
00002_frame001799-1581797330_309,ok,
00002_frame001801-1581797330_509,ok,
00002_frame001803-1581797330_709,ok,
00002_frame001805-1581797330_909,ok,
00002_frame001807-1581797331_109,ok,
00002_frame001809-1581797331_309,ok,
00002_frame001811-1581797331_509,ok,
00002_frame001813-1581797331_709,ok,
00002_frame001815-1581797331_909,ok,
00002_frame001817-1581797332_109,ok,
00002_frame001819-1581797332_310,ok,
00002_frame001821-1581797332_509,ok,
00002_frame001823-1581797332_709,ok,
00002_frame001825-1581797332_909,ok,
00002_frame001827-1581797333_109,ok,
00002_frame001829-1581797333_309,ok,
00002_frame001831-1581797333_509,ok,
00002_frame001833-1581797333_709,ok,
00002_frame001835-1581797333_909,ok,
00002_frame001837-1581797334_109,ok,
00002_frame001839-1581797334_309,ok,
00002_frame001841-1581797334_509,ok,
00002_frame001843-1581797334_709,ok,
00002_frame001845-1581797334_909,ok,
00002_frame001847-1581797335_109,ok,
00002_frame001849-1581797335_309,ok,
00002_frame001851-1581797335_509,ok,
00002_frame001853-1581797335_709,ok,
00002_frame001855-1581797335_909,ok,
00002_frame001857-1581797336_109,ok,
00002_frame001859-1581797336_309,ok,
00002_frame001861-1581797336_509,ok,
00002_frame001863-1581797336_709,ok,
00002_frame001865-1581797336_909,ok,
00002_frame001867-1581797337_109,ok,
00002_frame001869-1581797337_309,ok,
00002_frame001871-1581797337_509,ok,
00002_frame001873-1581797337_709,ok,
00002_frame001875-1581797337_909,ok,
00002_frame001877-1581797338_109,ok,
00002_frame001879-1581797338_309,ok,
00002_frame001881-1581797338_509,ok,
00002_frame001883-1581797338_709,ok,
00002_frame001885-1581797338_909,ok,
00002_frame001887-1581797339_109,ok,
00002_frame001889-1581797339_309,ok,
00002_frame001891-1581797339_509,ok,
00002_frame001893-1581797339_709,ok,
00002_frame001895-1581797339_909,ok,
00002_frame001897-1581797340_109,ok,
00002_frame001899-1581797340_309,ok,
00002_frame001901-1581797340_509,ok,
00002_frame001903-1581797340_709,ok,
00002_frame001905-1581797340_909,ok,
00002_frame001907-1581797341_109,ok,
00002_frame001909-1581797341_309,ok,
00002_frame001911-1581797341_509,ok,
00002_frame001913-1581797341_709,ok,
00002_frame001915-1581797341_909,ok,
00002_frame001917-1581797342_109,ok,
00002_frame001919-1581797342_311,ok,
00002_frame001921-1581797342_509,ok,
00002_frame001923-1581797342_709,ok,
00002_frame001925-1581797342_909,ok,
00002_frame001927-1581797343_109,ok,
00002_frame001929-1581797343_309,ok,
00002_frame001931-1581797343_509,ok,
00002_frame001933-1581797343_709,ok,
00002_frame001935-1581797343_909,ok,
00002_frame001937-1581797344_109,ok,
00002_frame001939-1581797344_309,ok,
00002_frame001941-1581797344_509,ok,
00002_frame001943-1581797344_709,ok,
00002_frame001945-1581797344_909,ok,
00002_frame001947-1581797345_109,ok,
00002_frame001949-1581797345_309,ok,
00002_frame001951-1581797345_509,ok,
00002_frame001953-1581797345_709,ok,
00002_frame001955-1581797345_909,ok,
00002_frame001957-1581797346_109,ok,
00002_frame001959-1581797346_309,ok,
00002_frame001961-1581797346_509,ok,
00002_frame001963-1581797346_709,ok,
00002_frame001965-1581797346_909,ok,
00002_frame001967-1581797347_109,ok,
00002_frame001969-1581797347_309,ok,
00002_frame001971-1581797347_509,ok,
00002_frame001973-1581797347_709,ok,
00002_frame001975-1581797347_909,ok,
00002_frame001977-1581797348_109,ok,
00002_frame001979-1581797348_310,ok,
00002_frame001981-1581797348_509,ok,
00002_frame001983-1581797348_709,ok,
00002_frame001985-1581797348_909,ok,
00002_frame001987-1581797349_109,ok,
00002_frame001989-1581797349_309,ok,
00002_frame001991-1581797349_509,ok,
00002_frame001993-1581797349_709,ok,
00002_frame001995-1581797349_909,ok,
00002_frame001997-1581797350_109,ok,
00002_frame001999-1581797350_309,ok,
00002_frame002001-1581797350_509,ok,
00002_frame002003-1581797350_709,ok,
00002_frame002005-1581797350_909,ok,
00002_frame002007-1581797351_109,ok,
00002_frame002009-1581797351_309,ok,
00002_frame002011-1581797351_509,ok,
00002_frame002013-1581797351_709,ok,
00002_frame002015-1581797351_909,ok,
00002_frame002017-1581797352_109,ok,
00002_frame002019-1581797352_310,ok,
00002_frame002021-1581797352_509,ok,
00002_frame002023-1581797352_709,ok,
00002_frame002025-1581797352_909,ok,
00002_frame002027-1581797353_109,ok,
00002_frame002029-1581797353_309,ok,
00002_frame002031-1581797353_509,ok,
00002_frame002033-1581797353_709,ok,
00002_frame002035-1581797353_909,ok,
00002_frame002037-1581797354_109,ok,
00002_frame002039-1581797354_311,ok,
00002_frame002041-1581797354_509,ok,
00002_frame002043-1581797354_709,ok,
00002_frame002045-1581797354_909,ok,
00002_frame002047-1581797355_109,ok,
00002_frame002049-1581797355_309,ok,
00002_frame002051-1581797355_509,ok,
00002_frame002053-1581797355_709,ok,
00002_frame002055-1581797355_909,ok,
00002_frame002057-1581797356_109,ok,
00002_frame002059-1581797356_309,ok,
00002_frame002061-1581797356_509,ok,
00002_frame002063-1581797356_709,ok,
00002_frame002065-1581797356_909,ok,
00002_frame002067-1581797357_109,ok,
00002_frame002069-1581797357_309,ok,
00002_frame002071-1581797357_509,ok,
00002_frame002073-1581797357_709,ok,
00002_frame002075-1581797357_909,ok,
00002_frame002077-1581797358_109,ok,
00002_frame002079-1581797358_309,ok,
00002_frame002081-1581797358_509,ok,
00002_frame002083-1581797358_709,ok,
00002_frame002085-1581797358_909,ok,
00002_frame002087-1581797359_109,ok,
00002_frame002089-1581797359_309,ok,
00002_frame002091-1581797359_509,ok,
00002_frame002093-1581797359_709,ok,
00002_frame002095-1581797359_909,ok,
00002_frame002097-1581797360_109,ok,
00002_frame002099-1581797360_309,ok,
00002_frame002101-1581797360_509,ok,
00002_frame002103-1581797360_709,ok,
00002_frame002105-1581797360_909,ok,
00002_frame002107-1581797361_110,ok,
00002_frame002109-1581797361_309,ok,
00002_frame002111-1581797361_509,ok,
00002_frame002113-1581797361_709,ok,
00002_frame002115-1581797361_909,ok,
00002_frame002117-1581797362_110,ok,
00002_frame002119-1581797362_309,ok,
00002_frame002121-1581797362_509,ok,
00002_frame002123-1581797362_709,ok,
00002_frame002125-1581797362_909,ok,
00002_frame002127-1581797363_109,ok,
00002_frame002129-1581797363_309,ok,
00002_frame002131-1581797363_509,ok,
00002_frame002133-1581797363_709,ok,
00002_frame002135-1581797363_909,ok,
00002_frame002137-1581797364_109,ok,
00002_frame002139-1581797364_309,ok,
00002_frame002141-1581797364_509,ok,
00002_frame002143-1581797364_709,ok,
00002_frame002145-1581797364_909,ok,
00002_frame002147-1581797365_109,ok,
00002_frame002149-1581797365_309,ok,
00002_frame002151-1581797365_509,ok,
00002_frame002153-1581797365_709,ok,
00002_frame002155-1581797365_909,ok,
00002_frame002157-1581797366_109,ok,
00002_frame002159-1581797366_309,ok,
00002_frame002161-1581797366_509,ok,
00002_frame002163-1581797366_709,ok,
00002_frame002165-1581797366_909,ok,
00002_frame002167-1581797367_109,ok,
00002_frame002169-1581797367_309,ok,
00002_frame002171-1581797367_509,ok,
00002_frame002173-1581797367_709,ok,
00002_frame002175-1581797367_909,ok,
00002_frame002177-1581797368_109,ok,
00002_frame002179-1581797368_309,ok,
00002_frame002181-1581797368_509,ok,
00002_frame002183-1581797368_709,ok,
00002_frame002185-1581797368_909,ok,
00002_frame002187-1581797369_109,ok,
00002_frame002189-1581797369_309,ok,
00002_frame002191-1581797369_509,ok,
00002_frame002193-1581797369_709,ok,
00002_frame002195-1581797369_909,ok,
00002_frame002197-1581797370_109,ok,
00002_frame002199-1581797370_309,ok,
00002_frame002201-1581797370_509,ok,
00002_frame002203-1581797370_709,ok,
00002_frame002205-1581797370_909,ok,
00002_frame002207-1581797371_109,ok,
00002_frame002209-1581797371_309,ok,
00002_frame002211-1581797371_509,ok,
00002_frame002213-1581797371_709,ok,
00002_frame002215-1581797371_909,ok,
00002_frame002217-1581797372_109,ok,
00002_frame002219-1581797372_309,ok,
00002_frame002221-1581797372_509,ok,
00002_frame002223-1581797372_709,ok,
00002_frame002225-1581797372_909,ok,
00002_frame002227-1581797373_109,ok,
00002_frame002229-1581797373_309,ok,
00002_frame002231-1581797373_509,ok,
00002_frame002233-1581797373_709,ok,
00002_frame002235-1581797373_909,ok,
00002_frame002237-1581797374_109,ok,
00002_frame002239-1581797374_309,ok,
00002_frame002241-1581797374_509,ok,
00002_frame002243-1581797374_709,ok,
00002_frame002245-1581797374_909,ok,
00002_frame002247-1581797375_109,ok,
00002_frame002249-1581797375_309,ok,
00002_frame002251-1581797375_509,ok,
00002_frame002253-1581797375_709,ok,
00002_frame002255-1581797375_909,ok,
00002_frame002257-1581797376_109,ok,
00002_frame002259-1581797376_309,ok,
00002_frame002261-1581797376_509,ok,
00002_frame002263-1581797376_709,ok,
00002_frame002265-1581797376_909,ok,
00002_frame002267-1581797377_109,ok,
00002_frame002269-1581797377_309,ok,
00002_frame002271-1581797377_509,ok,
00002_frame002273-1581797377_709,ok,
00002_frame002275-1581797377_909,ok,
00002_frame002277-1581797378_109,ok,
00002_frame002279-1581797378_309,ok,
00002_frame002281-1581797378_509,ok,
00002_frame002283-1581797378_709,ok,
00002_frame002285-1581797378_909,ok,
00002_frame002287-1581797379_109,ok,
00002_frame002289-1581797379_309,ok,
00002_frame002291-1581797379_509,ok,
00002_frame002293-1581797379_709,ok,
00002_frame002295-1581797379_909,ok,
00002_frame002297-1581797380_109,ok,
00002_frame002299-1581797380_309,ok,
00002_frame002301-1581797380_509,ok,
00002_frame002303-1581797380_709,ok,
00002_frame002305-1581797380_909,ok,
00002_frame002307-1581797381_109,ok,
00002_frame002309-1581797381_309,ok,
00002_frame002311-1581797381_509,ok,
00002_frame002313-1581797381_709,ok,
00002_frame002315-1581797381_909,ok,
00002_frame002317-1581797382_109,ok,
00002_frame002319-1581797382_309,ok,
00002_frame002321-1581797382_509,ok,
00002_frame002323-1581797382_709,ok,
00002_frame002325-1581797382_909,ok,
00002_frame002327-1581797383_109,ok,
00002_frame002329-1581797383_309,ok,
00002_frame002331-1581797383_509,ok,
00002_frame002333-1581797383_709,ok,
00002_frame002335-1581797383_909,ok,
00002_frame002337-1581797384_109,ok,
00002_frame002339-1581797384_309,ok,
00002_frame002341-1581797384_509,ok,
00002_frame002343-1581797384_709,ok,
00002_frame002345-1581797384_909,ok,
00002_frame002347-1581797385_109,ok,
00002_frame002349-1581797385_310,ok,
00002_frame002351-1581797385_509,ok,
00002_frame002353-1581797385_710,ok,
00002_frame002355-1581797385_909,ok,
00002_frame002357-1581797386_109,ok,
00002_frame002359-1581797386_309,ok,
00002_frame002361-1581797386_509,ok,
00002_frame002363-1581797386_709,ok,
00002_frame002365-1581797386_909,ok,
00002_frame002367-1581797387_109,ok,
00002_frame002369-1581797387_309,ok,
00002_frame002371-1581797387_509,ok,
00002_frame002373-1581797387_709,ok,
00002_frame002375-1581797387_909,ok,
00002_frame002377-1581797388_109,ok,
00002_frame002379-1581797388_309,ok,
00002_frame002381-1581797388_509,ok,
00002_frame002383-1581797388_709,ok,
00002_frame002385-1581797388_909,ok,
00002_frame002387-1581797389_109,ok,
00002_frame002389-1581797389_309,ok,
00002_frame002391-1581797389_509,ok,
00002_frame002393-1581797389_709,ok,
00002_frame002395-1581797389_909,ok,
00002_frame002397-1581797390_109,ok,
00002_frame002399-1581797390_309,ok,
00002_frame002401-1581797390_509,ok,
00002_frame002403-1581797390_709,ok,
00002_frame002405-1581797390_909,ok,
00002_frame002407-1581797391_109,ok,
00002_frame002409-1581797391_309,ok,
00002_frame002411-1581797391_509,ok,
00002_frame002413-1581797391_709,ok,
00002_frame002415-1581797391_909,ok,
00002_frame002417-1581797392_109,ok,
00002_frame002419-1581797392_309,ok,
00002_frame002421-1581797392_509,ok,
00002_frame002423-1581797392_709,ok,
00002_frame002425-1581797392_909,ok,
00002_frame002427-1581797393_109,ok,
00002_frame002429-1581797393_309,ok,
00002_frame002431-1581797393_509,ok,
00002_frame002433-1581797393_709,ok,
00002_frame002435-1581797393_909,ok,
00002_frame002437-1581797394_109,ok,
00002_frame002439-1581797394_309,ok,
00002_frame002441-1581797394_509,ok,
00002_frame002443-1581797394_709,ok,
00002_frame002445-1581797394_909,ok,
00002_frame002447-1581797395_109,ok,
00002_frame002449-1581797395_309,ok,
00002_frame002451-1581797395_509,ok,
00002_frame002453-1581797395_709,ok,
00002_frame002455-1581797395_909,ok,
00002_frame002457-1581797396_109,ok,
00002_frame002459-1581797396_309,ok,
00002_frame002461-1581797396_509,ok,
00002_frame002463-1581797396_709,ok,
00002_frame002465-1581797396_909,ok,
00002_frame002467-1581797397_109,ok,
00002_frame002469-1581797397_310,ok,
00002_frame002471-1581797397_509,ok,
00002_frame002473-1581797397_709,ok,
00002_frame002475-1581797397_909,ok,
00002_frame002477-1581797398_109,ok,
00002_frame002479-1581797398_309,ok,
00002_frame002481-1581797398_509,ok,
00002_frame002483-1581797398_709,ok,
00002_frame002485-1581797398_909,ok,
00002_frame002487-1581797399_109,ok,
00002_frame002489-1581797399_309,ok,
00002_frame002491-1581797399_509,ok,
00002_frame002493-1581797399_709,ok,
00002_frame002495-1581797399_909,ok,
00002_frame002497-1581797400_109,ok,
00002_frame002499-1581797400_309,ok,
00002_frame002501-1581797400_509,ok,
00002_frame002503-1581797400_709,ok,
00002_frame002505-1581797400_909,ok,
00002_frame002507-1581797401_109,ok,
00002_frame002509-1581797401_309,ok,
00002_frame002511-1581797401_510,ok,
00002_frame002513-1581797401_709,ok,
00002_frame002515-1581797401_909,ok,
00002_frame002517-1581797402_109,ok,
00002_frame002519-1581797402_309,ok,
00002_frame002521-1581797402_509,ok,
00002_frame002523-1581797402_709,ok,
00002_frame002525-1581797402_909,ok,
00002_frame002527-1581797403_109,ok,
00002_frame002529-1581797403_309,ok,
00002_frame002531-1581797403_509,ok,
00002_frame002533-1581797403_709,ok,
00002_frame002535-1581797403_909,ok,
00002_frame002537-1581797404_109,ok,
00002_frame002539-1581797404_309,ok,
00002_frame002541-1581797404_509,ok,
00002_frame002543-1581797404_709,ok,
00002_frame002545-1581797404_909,ok,
00002_frame002547-1581797405_109,ok,
00002_frame002549-1581797405_309,ok,
00002_frame002551-1581797405_509,ok,
00002_frame002553-1581797405_709,ok,
00002_frame002555-1581797405_909,ok,
00002_frame002557-1581797406_109,ok,
00002_frame002559-1581797406_309,ok,
00002_frame002561-1581797406_509,ok,
00002_frame002563-1581797406_709,ok,
00002_frame002565-1581797406_909,ok,
00002_frame002567-1581797407_109,ok,
00002_frame002569-1581797407_309,ok,
00002_frame002571-1581797407_509,ok,
00002_frame002573-1581797407_709,ok,
00002_frame002575-1581797407_909,ok,
00002_frame002577-1581797408_109,ok,
00002_frame002579-1581797408_309,ok,
00002_frame002581-1581797408_509,ok,
00002_frame002583-1581797408_709,ok,
00002_frame002585-1581797408_909,ok,
00002_frame002587-1581797409_109,ok,
00002_frame002589-1581797409_309,ok,
00002_frame002591-1581797409_509,ok,
00002_frame002593-1581797409_709,ok,
00002_frame002595-1581797409_909,ok,
00002_frame002597-1581797410_109,ok,
00002_frame002599-1581797410_309,ok,
00002_frame002601-1581797410_509,ok,
00002_frame002603-1581797410_709,ok,
00002_frame002605-1581797410_909,ok,
00002_frame002607-1581797411_109,ok,
00002_frame002609-1581797411_309,ok,
00002_frame002611-1581797411_509,ok,
00002_frame002613-1581797411_709,ok,
00002_frame002615-1581797411_909,ok,
00002_frame002617-1581797412_109,ok,
00002_frame002619-1581797412_309,ok,
00002_frame002621-1581797412_509,ok,
00002_frame002623-1581797412_709,ok,
00002_frame002625-1581797412_909,ok,
00002_frame002627-1581797413_109,ok,
00002_frame002629-1581797413_309,ok,
00002_frame002631-1581797413_509,ok,
00002_frame002633-1581797413_709,ok,
00002_frame002635-1581797413_909,ok,
00002_frame002637-1581797414_109,ok,
00002_frame002639-1581797414_309,ok,
00002_frame002641-1581797414_509,ok,
00002_frame002643-1581797414_709,ok,
00002_frame002645-1581797414_909,ok,
00002_frame002647-1581797415_109,ok,
00002_frame002649-1581797415_309,ok,
00002_frame002651-1581797415_509,ok,
00002_frame002653-1581797415_709,ok,
00002_frame002655-1581797415_909,ok,
00002_frame002657-1581797416_109,ok,
00002_frame002659-1581797416_309,ok,
00002_frame002661-1581797416_509,ok,
00002_frame002663-1581797416_709,ok,
00002_frame002665-1581797416_909,ok,
00002_frame002667-1581797417_109,ok,
00002_frame002669-1581797417_309,ok,
00002_frame002671-1581797417_509,ok,
00002_frame002673-1581797417_709,ok,
00002_frame002675-1581797417_909,ok,
00002_frame002677-1581797418_109,ok,
00002_frame002679-1581797418_309,ok,
00002_frame002681-1581797418_509,ok,
00002_frame002683-1581797418_709,ok,
00002_frame002685-1581797418_909,ok,
00002_frame002687-1581797419_109,ok,
00002_frame002689-1581797419_309,ok,
00002_frame002691-1581797419_509,ok,
00002_frame002693-1581797419_709,ok,
00002_frame002695-1581797419_909,ok,
00002_frame002697-1581797420_109,ok,
00002_frame002699-1581797420_309,ok,
00002_frame002701-1581797420_509,ok,
00002_frame002703-1581797420_709,ok,
00002_frame002705-1581797420_909,ok,
00002_frame002707-1581797421_109,ok,
00002_frame002709-1581797421_310,ok,
00002_frame002711-1581797421_509,ok,
00002_frame002713-1581797421_709,ok,
00002_frame002715-1581797421_909,ok,
00002_frame002717-1581797422_109,ok,
00002_frame002719-1581797422_309,ok,
00002_frame002721-1581797422_509,ok,
00002_frame002723-1581797422_709,ok,
00002_frame002725-1581797422_909,ok,
00002_frame002727-1581797423_109,ok,
00002_frame002729-1581797423_309,ok,
00002_frame002731-1581797423_509,ok,
00002_frame002733-1581797423_709,ok,
00002_frame002735-1581797423_909,ok,
00002_frame002737-1581797424_109,ok,
00002_frame002739-1581797424_309,ok,
00002_frame002741-1581797424_509,ok,
00002_frame002743-1581797424_709,ok,
00002_frame002745-1581797424_909,ok,
00002_frame002747-1581797425_109,ok,
00002_frame002749-1581797425_309,ok,
00002_frame002751-1581797425_509,ok,
00002_frame002753-1581797425_709,ok,
00002_frame002755-1581797425_909,ok,
00002_frame002757-1581797426_109,ok,
00002_frame002759-1581797426_309,ok,
00002_frame002761-1581797426_509,ok,
00002_frame002763-1581797426_709,ok,
00002_frame002765-1581797426_909,ok,
00002_frame002767-1581797427_109,ok,
00002_frame002769-1581797427_309,ok,
00002_frame002771-1581797427_509,ok,
00002_frame002773-1581797427_709,ok,
00002_frame002775-1581797427_909,ok,
00002_frame002777-1581797428_109,ok,
00002_frame002779-1581797428_309,ok,
00002_frame002781-1581797428_509,ok,
00002_frame002783-1581797428_709,ok,
00002_frame002785-1581797428_909,ok,
00002_frame002787-1581797429_109,ok,
00002_frame002789-1581797429_309,ok,
00002_frame002791-1581797429_509,ok,
00002_frame002793-1581797429_709,ok,
00002_frame002795-1581797429_909,ok,
00002_frame002797-1581797430_109,ok,
00002_frame002799-1581797430_309,ok,
00002_frame002801-1581797430_509,ok,
00002_frame002803-1581797430_709,ok,
00002_frame002805-1581797430_909,ok,
00002_frame002807-1581797431_109,ok,
00002_frame002809-1581797431_309,ok,
00002_frame002811-1581797431_509,ok,
00002_frame002813-1581797431_709,ok,
00002_frame002815-1581797431_909,ok,
00002_frame002817-1581797432_109,ok,
00002_frame002819-1581797432_309,ok,
00002_frame002821-1581797432_509,ok,
00002_frame002823-1581797432_709,ok,
00002_frame002825-1581797432_909,ok,
00002_frame002827-1581797433_109,ok,
00002_frame002829-1581797433_309,ok,
00002_frame002831-1581797433_509,ok,
00002_frame002833-1581797433_710,ok,
00002_frame002835-1581797433_910,ok,
00002_frame002837-1581797434_109,ok,
00002_frame002839-1581797434_309,ok,
00002_frame002841-1581797434_509,ok,
00002_frame002843-1581797434_709,ok,
00002_frame002845-1581797434_909,ok,
00002_frame002847-1581797435_109,ok,
00002_frame002849-1581797435_309,ok,
00002_frame002851-1581797435_509,ok,
00002_frame002853-1581797435_709,ok,
00002_frame002855-1581797435_909,ok,
00002_frame002857-1581797436_109,ok,
00002_frame002859-1581797436_309,ok,
00002_frame002861-1581797436_509,ok,
00002_frame002863-1581797436_709,ok,
00002_frame002865-1581797436_909,ok,
00002_frame002867-1581797437_109,ok,
00002_frame002869-1581797437_309,ok,
00002_frame002871-1581797437_509,ok,
00002_frame002873-1581797437_709,ok,
00002_frame002875-1581797437_909,ok,
00002_frame002877-1581797438_109,ok,
00002_frame002879-1581797438_309,ok,
00002_frame002881-1581797438_509,ok,
00002_frame002883-1581797438_709,ok,
00002_frame002885-1581797438_909,ok,
00002_frame002887-1581797439_109,ok,
00002_frame002889-1581797439_309,ok,
00002_frame002891-1581797439_509,ok,
00002_frame002893-1581797439_709,ok,
00002_frame002895-1581797439_909,ok,
00002_frame002897-1581797440_109,ok,
00002_frame002899-1581797440_309,ok,
00002_frame002901-1581797440_509,ok,
00002_frame002903-1581797440_710,ok,
00002_frame002905-1581797440_909,ok,
00002_frame002907-1581797441_109,ok,
00002_frame002909-1581797441_309,ok,
00002_frame002911-1581797441_509,ok,
00002_frame002913-1581797441_709,ok,
00002_frame002915-1581797441_909,ok,
00002_frame002917-1581797442_109,ok,
00002_frame002919-1581797442_309,ok,
00002_frame002921-1581797442_509,ok,
00002_frame002923-1581797442_709,ok,
00002_frame002925-1581797442_909,ok,
00002_frame002927-1581797443_109,ok,
00002_frame002929-1581797443_309,ok,
00002_frame002931-1581797443_509,ok,
00002_frame002933-1581797443_709,ok,
00002_frame002935-1581797443_909,ok,
00002_frame002937-1581797444_109,ok,
00002_frame002939-1581797444_309,ok,
00002_frame002941-1581797444_509,ok,
00002_frame002943-1581797444_709,ok,
00002_frame002945-1581797444_909,ok,
00002_frame002947-1581797445_109,ok,
00002_frame002949-1581797445_309,ok,
00002_frame002951-1581797445_509,ok,
00002_frame002953-1581797445_709,ok,
00002_frame002955-1581797445_909,ok,
00002_frame002957-1581797446_109,ok,
00002_frame002959-1581797446_309,ok,
00002_frame002961-1581797446_509,ok,
00002_frame002963-1581797446_709,ok,
00002_frame002965-1581797446_909,ok,
00002_frame002967-1581797447_109,ok,
00002_frame002969-1581797447_309,ok,
00002_frame002971-1581797447_509,ok,
00002_frame002973-1581797447_709,ok,
00002_frame002975-1581797447_909,ok,
00002_frame002977-1581797448_109,ok,
00002_frame002979-1581797448_309,ok,
00002_frame002981-1581797448_509,ok,
00002_frame002983-1581797448_709,ok,
00002_frame002985-1581797448_909,ok,
00002_frame002987-1581797449_109,ok,
00002_frame002989-1581797449_309,ok,
00002_frame002991-1581797449_509,ok,
00002_frame002993-1581797449_709,ok,
00002_frame002995-1581797449_909,ok,
00002_frame002997-1581797450_109,ok,
00002_frame002999-1581797450_309,ok,
00002_frame003001-1581797450_509,ok,
00002_frame003003-1581797450_709,ok,
00002_frame003005-1581797450_909,ok,
00002_frame003007-1581797451_109,ok,
00002_frame003009-1581797451_309,ok,
00002_frame003011-1581797451_509,ok,
00002_frame003013-1581797451_709,ok,
00002_frame003015-1581797451_909,ok,
00002_frame003017-1581797452_110,ok,
00002_frame003019-1581797452_309,ok,
00002_frame003021-1581797452_509,ok,
00002_frame003023-1581797452_709,ok,
00002_frame003025-1581797452_909,ok,
00002_frame003027-1581797453_109,ok,
00002_frame003029-1581797453_309,ok,
00002_frame003031-1581797453_509,ok,
00002_frame003033-1581797453_709,ok,
00002_frame003035-1581797453_909,ok,
00002_frame003037-1581797454_109,ok,
00002_frame003039-1581797454_309,ok,
00002_frame003041-1581797454_509,ok,
00002_frame003043-1581797454_709,ok,
00002_frame003045-1581797454_909,ok,
00002_frame003047-1581797455_109,ok,
00002_frame003049-1581797455_309,ok,
00002_frame003051-1581797455_509,ok,
00002_frame003053-1581797455_709,ok,
00002_frame003055-1581797455_909,ok,
00002_frame003057-1581797456_109,ok,
00002_frame003059-1581797456_309,ok,
00002_frame003061-1581797456_509,ok,
00002_frame003063-1581797456_709,ok,
00002_frame003065-1581797456_909,ok,
00002_frame003067-1581797457_109,ok,
00002_frame003069-1581797457_309,ok,
00002_frame003071-1581797457_509,ok,
00002_frame003073-1581797457_709,ok,
00002_frame003075-1581797457_909,ok,
00002_frame003077-1581797458_109,ok,
00002_frame003079-1581797458_309,ok,
00002_frame003081-1581797458_509,ok,
00002_frame003083-1581797458_709,ok,
00002_frame003085-1581797458_909,ok,
00002_frame003087-1581797459_109,ok,
00002_frame003089-1581797459_309,ok,
00002_frame003091-1581797459_509,ok,
00002_frame003093-1581797459_709,ok,
00002_frame003095-1581797459_909,ok,
00002_frame003097-1581797460_109,ok,
00002_frame003099-1581797460_309,ok,
00002_frame003101-1581797460_509,ok,
00002_frame003103-1581797460_709,ok,
00002_frame003105-1581797460_909,ok,
00002_frame003107-1581797461_109,ok,
00002_frame003109-1581797461_309,ok,
00002_frame003111-1581797461_509,ok,
00002_frame003113-1581797461_709,ok,
00002_frame003115-1581797461_909,ok,
00002_frame003117-1581797462_109,ok,
00002_frame003119-1581797462_309,ok,
00002_frame003121-1581797462_509,ok,
00002_frame003123-1581797462_709,ok,
00002_frame003125-1581797462_909,ok,
00002_frame003127-1581797463_109,ok,
00002_frame003129-1581797463_309,ok,
00002_frame003131-1581797463_509,ok,
00002_frame003133-1581797463_709,ok,
00002_frame003135-1581797463_909,ok,
00002_frame003137-1581797464_109,ok,
00002_frame003139-1581797464_309,ok,
00002_frame003141-1581797464_509,ok,
00002_frame003143-1581797464_709,ok,
00002_frame003145-1581797464_909,ok,
00002_frame003147-1581797465_109,ok,
00002_frame003149-1581797465_309,ok,
00002_frame003151-1581797465_509,ok,
00002_frame003153-1581797465_709,ok,
00002_frame003155-1581797465_909,ok,
00002_frame003157-1581797466_109,ok,
00002_frame003159-1581797466_309,ok,
00002_frame003161-1581797466_509,ok,
00002_frame003163-1581797466_709,ok,
00002_frame003165-1581797466_909,ok,
00002_frame003167-1581797467_109,ok,
00002_frame003169-1581797467_309,ok,
00002_frame003171-1581797467_509,ok,
00002_frame003173-1581797467_709,ok,
00002_frame003175-1581797467_909,ok,
00002_frame003177-1581797468_109,ok,
00002_frame003179-1581797468_309,ok,
00002_frame003181-1581797468_509,ok,
00002_frame003183-1581797468_709,ok,
00002_frame003185-1581797468_909,ok,
00002_frame003187-1581797469_109,ok,
00002_frame003189-1581797469_309,ok,
00002_frame003191-1581797469_509,ok,
00002_frame003193-1581797469_709,ok,
00002_frame003195-1581797469_909,ok,
00002_frame003197-1581797470_109,ok,
00002_frame003199-1581797470_309,ok,
00002_frame003201-1581797470_509,ok,
00002_frame003203-1581797470_709,ok,
00002_frame003205-1581797470_909,ok,
00002_frame003207-1581797471_109,ok,
00002_frame003209-1581797471_309,ok,
00002_frame003211-1581797471_509,ok,
00002_frame003213-1581797471_709,ok,
00002_frame003215-1581797471_909,ok,
00002_frame003217-1581797472_109,ok,
00002_frame003219-1581797472_309,ok,
00002_frame003221-1581797472_509,ok,
00002_frame003223-1581797472_709,ok,
00002_frame003225-1581797472_909,ok,
00002_frame003227-1581797473_109,ok,
00002_frame003229-1581797473_309,ok,
00002_frame003231-1581797473_509,ok,
00002_frame003233-1581797473_710,ok,
00002_frame003235-1581797473_909,ok,
00002_frame003237-1581797474_109,ok,
00002_frame003239-1581797474_309,ok,
00002_frame003241-1581797474_509,ok,
00002_frame003243-1581797474_709,ok,
00002_frame003245-1581797474_910,ok,
00002_frame003247-1581797475_109,ok,
00002_frame003249-1581797475_309,ok,
00002_frame003251-1581797475_509,ok,
00002_frame003253-1581797475_709,ok,
00002_frame003255-1581797475_909,ok,
00002_frame003257-1581797476_109,ok,
00002_frame003259-1581797476_309,ok,
00002_frame003261-1581797476_509,ok,
00002_frame003263-1581797476_709,ok,
00002_frame003265-1581797476_909,ok,
00002_frame003267-1581797477_109,ok,
00002_frame003269-1581797477_309,ok,
00002_frame003271-1581797477_509,ok,
00002_frame003273-1581797477_709,ok,
00002_frame003275-1581797477_909,ok,
00002_frame003277-1581797478_109,ok,
00002_frame003279-1581797478_309,ok,
00002_frame003281-1581797478_509,ok,
00002_frame003283-1581797478_709,ok,
00002_frame003285-1581797478_909,ok,
00002_frame003287-1581797479_109,ok,
00002_frame003289-1581797479_309,ok,
00002_frame003291-1581797479_509,ok,
00002_frame003293-1581797479_709,ok,
00002_frame003295-1581797479_909,ok,
00002_frame003297-1581797480_109,ok,
00002_frame003299-1581797480_309,ok,
00002_frame003301-1581797480_509,ok,
00002_frame003303-1581797480_709,ok,
00002_frame003305-1581797480_909,ok,
00002_frame003307-1581797481_109,ok,
00002_frame003309-1581797481_309,ok,
00002_frame003311-1581797481_509,ok,
00002_frame003313-1581797481_709,ok,
00002_frame003315-1581797481_909,ok,
00002_frame003317-1581797482_109,ok,
00002_frame003319-1581797482_309,ok,
00002_frame003321-1581797482_509,ok,
00002_frame003323-1581797482_709,ok,
00002_frame003325-1581797482_909,ok,
00002_frame003327-1581797483_109,ok,
00002_frame003329-1581797483_309,ok,
00002_frame003331-1581797483_509,ok,
00002_frame003333-1581797483_709,ok,
00002_frame003335-1581797483_909,ok,
00002_frame003337-1581797484_109,ok,
00002_frame003339-1581797484_309,ok,
00002_frame003341-1581797484_509,ok,
00002_frame003343-1581797484_709,ok,
00002_frame003345-1581797484_909,ok,
00002_frame003347-1581797485_109,ok,
00002_frame003349-1581797485_309,ok,
00002_frame003351-1581797485_509,ok,
00002_frame003353-1581797485_709,ok,
00002_frame003355-1581797485_909,ok,
00002_frame003357-1581797486_109,ok,
00002_frame003359-1581797486_309,ok,
00002_frame003361-1581797486_509,ok,
00002_frame003363-1581797486_709,ok,
00002_frame003365-1581797486_909,ok,
00002_frame003367-1581797487_109,ok,
00002_frame003369-1581797487_309,ok,
00002_frame003371-1581797487_509,ok,
00002_frame003373-1581797487_709,ok,
00002_frame003375-1581797487_909,ok,
00002_frame003377-1581797488_109,ok,
00002_frame003379-1581797488_309,ok,
00002_frame003381-1581797488_509,ok,
00002_frame003383-1581797488_709,ok,
00002_frame003385-1581797488_909,ok,
00002_frame003387-1581797489_109,ok,
00002_frame003389-1581797489_309,ok,
00002_frame003391-1581797489_509,ok,
00002_frame003393-1581797489_709,ok,
00002_frame003395-1581797489_909,ok,
00002_frame003397-1581797490_109,ok,
00002_frame003399-1581797490_309,ok,
00002_frame003401-1581797490_509,ok,
00002_frame003403-1581797490_709,ok,
00002_frame003405-1581797490_909,ok,
00002_frame003407-1581797491_109,ok,
00002_frame003409-1581797491_309,ok,
00002_frame003411-1581797491_509,ok,
00002_frame003413-1581797491_709,ok,
00002_frame003415-1581797491_909,ok,
00002_frame003417-1581797492_109,ok,
00002_frame003419-1581797492_309,ok,
00002_frame003421-1581797492_509,ok,
00002_frame003423-1581797492_709,ok,
00002_frame003425-1581797492_909,ok,
00002_frame003427-1581797493_109,ok,
00002_frame003429-1581797493_309,ok,
00002_frame003431-1581797493_509,ok,
00002_frame003433-1581797493_709,ok,
00002_frame003435-1581797493_909,ok,
00002_frame003437-1581797494_109,ok,
00002_frame003439-1581797494_309,ok,
00002_frame003441-1581797494_509,ok,
00002_frame003443-1581797494_709,ok,
00002_frame003445-1581797494_909,ok,
00002_frame003447-1581797495_109,ok,
00002_frame003449-1581797495_309,ok,
00002_frame003451-1581797495_509,ok,
00002_frame003453-1581797495_709,ok,
00002_frame003455-1581797495_909,ok,
00002_frame003457-1581797496_109,ok,
00002_frame003459-1581797496_309,ok,
00002_frame003461-1581797496_509,ok,
00002_frame003463-1581797496_709,ok,
00002_frame003465-1581797496_909,ok,
00002_frame003467-1581797497_109,ok,
00002_frame003469-1581797497_309,ok,
00002_frame003471-1581797497_509,ok,
00002_frame003473-1581797497_709,ok,
00002_frame003475-1581797497_909,ok,
00002_frame003477-1581797498_109,ok,
00002_frame003479-1581797498_309,ok,
00002_frame003481-1581797498_509,ok,
00002_frame003483-1581797498_709,ok,
00002_frame003485-1581797498_909,ok,
00002_frame003487-1581797499_109,ok,
00002_frame003489-1581797499_309,ok,
00002_frame003491-1581797499_509,ok,
00002_frame003493-1581797499_709,ok,
00002_frame003495-1581797499_909,ok,
00002_frame003497-1581797500_109,ok,
00002_frame003499-1581797500_309,ok,
00002_frame003501-1581797500_509,ok,
00002_frame003503-1581797500_709,ok,
00002_frame003505-1581797500_909,ok,
00002_frame003507-1581797501_109,ok,
00002_frame003509-1581797501_309,ok,
00002_frame003511-1581797501_509,ok,
00002_frame003513-1581797501_709,ok,
00002_frame003515-1581797501_909,ok,
00002_frame003517-1581797502_109,ok,
00002_frame003519-1581797502_309,ok,
00002_frame003521-1581797502_509,ok,
00002_frame003523-1581797502_709,ok,
00002_frame003525-1581797502_909,ok,
00002_frame003527-1581797503_110,ok,
00002_frame003529-1581797503_309,ok,
00002_frame003531-1581797503_509,ok,
00002_frame003533-1581797503_709,ok,
00002_frame003535-1581797503_909,ok,
00002_frame003537-1581797504_109,ok,
00002_frame003539-1581797504_309,ok,
00002_frame003541-1581797504_510,ok,
00002_frame003543-1581797504_709,ok,
00002_frame003545-1581797504_909,ok,
00002_frame003547-1581797505_109,ok,
00002_frame003549-1581797505_309,ok,
00002_frame003551-1581797505_509,ok,
00002_frame003553-1581797505_709,ok,
00002_frame003555-1581797505_909,ok,
00002_frame003557-1581797506_109,ok,
00002_frame003559-1581797506_309,ok,
00002_frame003561-1581797506_509,ok,
00002_frame003563-1581797506_709,ok,
00002_frame003565-1581797506_909,ok,
00002_frame003567-1581797507_109,ok,
00002_frame003569-1581797507_309,ok,
00002_frame003571-1581797507_509,ok,
00002_frame003573-1581797507_710,ok,
00002_frame003575-1581797507_909,ok,
00002_frame003577-1581797508_109,ok,
00002_frame003579-1581797508_309,ok,
00002_frame003581-1581797508_509,ok,
00002_frame003583-1581797508_709,ok,
00002_frame003585-1581797508_909,ok,
00002_frame003587-1581797509_109,ok,
00002_frame003589-1581797509_309,ok,
00002_frame003591-1581797509_509,ok,
00002_frame003593-1581797509_709,ok,
00002_frame003595-1581797509_909,ok,
00002_frame003597-1581797510_109,ok,
00002_frame003599-1581797510_309,ok,
00002_frame003601-1581797510_510,ok,
00002_frame003603-1581797510_709,ok,
00002_frame003605-1581797510_909,ok,
00002_frame003607-1581797511_109,ok,
00002_frame003609-1581797511_309,ok,
00002_frame003611-1581797511_509,ok,
00002_frame003613-1581797511_709,ok,
00002_frame003615-1581797511_909,ok,
00002_frame003617-1581797512_109,ok,
00002_frame003619-1581797512_309,ok,
00002_frame003621-1581797512_510,ok,
00002_frame003623-1581797512_709,ok,
00002_frame003625-1581797512_909,ok,
00002_frame003627-1581797513_109,ok,
00002_frame003629-1581797513_309,ok,
00002_frame003631-1581797513_509,ok,
00002_frame003633-1581797513_709,ok,
00002_frame003635-1581797513_909,ok,
00002_frame003637-1581797514_109,ok,
00002_frame003639-1581797514_309,ok,
00002_frame003641-1581797514_510,ok,
00002_frame003643-1581797514_709,ok,
00002_frame003645-1581797514_909,ok,
00002_frame003647-1581797515_109,ok,
00002_frame003649-1581797515_309,ok,
00002_frame003651-1581797515_509,ok,
00002_frame003653-1581797515_709,ok,
00002_frame003655-1581797515_909,ok,
00002_frame003657-1581797516_109,ok,
00002_frame003659-1581797516_309,ok,
00002_frame003661-1581797516_509,ok,
00002_frame003663-1581797516_709,ok,
00002_frame003665-1581797516_909,ok,
00002_frame003667-1581797517_109,ok,
00002_frame003669-1581797517_309,ok,
00002_frame003671-1581797517_509,ok,
00002_frame003673-1581797517_709,ok,
00002_frame003675-1581797517_909,ok,
00002_frame003677-1581797518_109,ok,
00002_frame003679-1581797518_309,ok,
00002_frame003681-1581797518_509,ok,
00002_frame003683-1581797518_709,ok,
00002_frame003685-1581797518_909,ok,
00002_frame003687-1581797519_109,ok,
00002_frame003689-1581797519_309,ok,
00002_frame003691-1581797519_509,ok,
00002_frame003693-1581797519_709,ok,
00002_frame003695-1581797519_909,ok,
00002_frame003697-1581797520_109,ok,
00002_frame003699-1581797520_309,ok,
00002_frame003701-1581797520_509,ok,
00002_frame003703-1581797520_709,ok,
00002_frame003705-1581797520_909,ok,
00002_frame003707-1581797521_109,ok,
00002_frame003709-1581797521_309,ok,
00002_frame003711-1581797521_509,ok,
00002_frame003713-1581797521_709,ok,
00002_frame003715-1581797521_909,ok,
00002_frame003717-1581797522_109,ok,
00002_frame003719-1581797522_309,ok,
00002_frame003721-1581797522_509,ok,
00002_frame003723-1581797522_709,ok,
00002_frame003725-1581797522_909,ok,
00002_frame003727-1581797523_109,ok,
00002_frame003729-1581797523_309,ok,
00002_frame003731-1581797523_509,ok,
00002_frame003733-1581797523_709,ok,
00002_frame003735-1581797523_909,ok,
00002_frame003737-1581797524_109,ok,
00002_frame003739-1581797524_309,ok,
00002_frame003741-1581797524_509,ok,
00002_frame003743-1581797524_709,ok,
00002_frame003745-1581797524_909,ok,
00002_frame003747-1581797525_109,ok,
00002_frame003749-1581797525_309,ok,
00002_frame003751-1581797525_509,ok,
00002_frame003753-1581797525_709,ok,
00002_frame003755-1581797525_909,ok,
00002_frame003757-1581797526_109,ok,
00002_frame003759-1581797526_309,ok,
00002_frame003761-1581797526_509,ok,
00002_frame003763-1581797526_710,ok,
00002_frame003765-1581797526_909,ok,
00002_frame003767-1581797527_109,ok,
00002_frame003769-1581797527_309,ok,
00002_frame003771-1581797527_509,ok,
00002_frame003773-1581797527_709,ok,
00002_frame003775-1581797527_909,ok,
00002_frame003777-1581797528_109,ok,
00002_frame003779-1581797528_309,ok,
00002_frame003781-1581797528_509,ok,
00002_frame003783-1581797528_709,ok,
00002_frame003785-1581797528_909,ok,
00002_frame003787-1581797529_109,ok,
00002_frame003789-1581797529_309,ok,
00002_frame003791-1581797529_509,ok,
00002_frame003793-1581797529_709,ok,
00002_frame003795-1581797529_909,ok,
00002_frame003797-1581797530_109,ok,
00002_frame003799-1581797530_309,ok,
00002_frame003801-1581797530_509,ok,
00002_frame003803-1581797530_709,ok,
00002_frame003805-1581797530_909,ok,
00002_frame003807-1581797531_109,ok,
00002_frame003809-1581797531_309,ok,
00002_frame003811-1581797531_510,ok,
00002_frame003813-1581797531_709,ok,
00002_frame003815-1581797531_909,ok,
00002_frame003817-1581797532_109,ok,
00002_frame003819-1581797532_309,ok,
00002_frame003821-1581797532_509,ok,
00002_frame003823-1581797532_709,ok,
00002_frame003825-1581797532_909,ok,
00002_frame003827-1581797533_110,ok,
00002_frame003829-1581797533_310,ok,
00002_frame003831-1581797533_509,ok,
00002_frame003833-1581797533_709,ok,
00002_frame003835-1581797533_909,ok,
00002_frame003837-1581797534_109,ok,
00002_frame003839-1581797534_310,ok,
00002_frame003841-1581797534_509,ok,
00002_frame003843-1581797534_709,ok,
00002_frame003845-1581797534_909,ok,
00002_frame003847-1581797535_109,ok,
00002_frame003849-1581797535_309,ok,
00002_frame003851-1581797535_509,ok,
00002_frame003853-1581797535_709,ok,
00002_frame003855-1581797535_909,ok,
00002_frame003857-1581797536_109,ok,
00002_frame003859-1581797536_310,ok,
00002_frame003861-1581797536_509,ok,
00002_frame003863-1581797536_709,ok,
00002_frame003865-1581797536_909,ok,
00002_frame003867-1581797537_109,ok,
00002_frame003869-1581797537_309,ok,
00002_frame003871-1581797537_510,ok,
00002_frame003873-1581797537_709,ok,
00002_frame003875-1581797537_909,ok,
00002_frame003877-1581797538_110,ok,
00002_frame003879-1581797538_309,ok,
00002_frame003881-1581797538_509,ok,
00002_frame003883-1581797538_709,ok,
00002_frame003885-1581797538_909,ok,
00002_frame003887-1581797539_110,ok,
00002_frame003889-1581797539_309,ok,
00002_frame003891-1581797539_509,ok,
00002_frame003893-1581797539_709,ok,
00002_frame003895-1581797539_909,ok,
00002_frame003897-1581797540_109,ok,
00002_frame003899-1581797540_309,ok,
00002_frame003901-1581797540_510,ok,
00002_frame003903-1581797540_709,ok,
00002_frame003905-1581797540_909,ok,
00002_frame003907-1581797541_109,ok,
00002_frame003909-1581797541_309,ok,
00002_frame003911-1581797541_509,ok,
00002_frame003913-1581797541_709,ok,
00002_frame003915-1581797541_909,ok,
00002_frame003917-1581797542_109,ok,
00002_frame003919-1581797542_309,ok,
00002_frame003921-1581797542_509,ok,
00002_frame003923-1581797542_709,ok,
00002_frame003925-1581797542_909,ok,
00002_frame003927-1581797543_109,ok,
00002_frame003929-1581797543_309,ok,
00002_frame003931-1581797543_509,ok,
00002_frame003933-1581797543_709,ok,
00002_frame003935-1581797543_909,ok,
00002_frame003937-1581797544_109,ok,
00002_frame003939-1581797544_309,ok,
00002_frame003941-1581797544_509,ok,
00002_frame003943-1581797544_709,ok,
00002_frame003945-1581797544_909,ok,
00002_frame003947-1581797545_109,ok,
00002_frame003949-1581797545_309,ok,
00002_frame003951-1581797545_509,ok,
00002_frame003953-1581797545_709,ok,
00002_frame003955-1581797545_909,ok,
00002_frame003957-1581797546_109,ok,
00002_frame003959-1581797546_309,ok,
00002_frame003961-1581797546_509,ok,
00002_frame003963-1581797546_709,ok,
00002_frame003965-1581797546_909,ok,
00002_frame003967-1581797547_109,ok,
00002_frame003969-1581797547_309,ok,
00002_frame003971-1581797547_509,ok,
00002_frame003973-1581797547_709,ok,
00002_frame003975-1581797547_909,ok,
00002_frame003977-1581797548_109,ok,
00002_frame003979-1581797548_309,ok,
00002_frame003981-1581797548_509,ok,
00002_frame003983-1581797548_709,ok,
00002_frame003985-1581797548_909,ok,
00002_frame003987-1581797549_109,ok,
00002_frame003989-1581797549_309,ok,
00002_frame003991-1581797549_509,ok,
00002_frame003993-1581797549_709,ok,
00002_frame003995-1581797549_909,ok,
00002_frame003997-1581797550_109,ok,
00002_frame003999-1581797550_309,ok,
00002_frame004001-1581797550_509,ok,
00002_frame004003-1581797550_709,ok,
00002_frame004005-1581797550_909,ok,
00002_frame004007-1581797551_109,ok,
00002_frame004009-1581797551_309,ok,
00002_frame004011-1581797551_509,ok,
00002_frame004013-1581797551_709,ok,
00002_frame004015-1581797551_909,ok,
00002_frame004017-1581797552_109,ok,
00002_frame004019-1581797552_309,ok,
00002_frame004021-1581797552_509,ok,
00002_frame004023-1581797552_709,ok,
00002_frame004025-1581797552_909,ok,
00002_frame004027-1581797553_109,ok,
00002_frame004029-1581797553_309,ok,
00002_frame004031-1581797553_509,ok,
00002_frame004033-1581797553_709,ok,
00002_frame004035-1581797553_909,ok,
00002_frame004037-1581797554_109,ok,
00002_frame004039-1581797554_309,ok,
00002_frame004041-1581797554_509,ok,
00002_frame004043-1581797554_709,ok,
00002_frame004045-1581797554_909,ok,
00002_frame004047-1581797555_109,ok,
00002_frame004049-1581797555_309,ok,
00002_frame004051-1581797555_509,ok,
00002_frame004053-1581797555_709,ok,
00002_frame004055-1581797555_909,ok,
00002_frame004057-1581797556_109,ok,
00002_frame004059-1581797556_309,ok,
00002_frame004061-1581797556_509,ok,
00002_frame004063-1581797556_709,ok,
00002_frame004065-1581797556_910,ok,
00002_frame004067-1581797557_109,ok,
00002_frame004069-1581797557_309,ok,
00002_frame004071-1581797557_509,ok,
00002_frame004073-1581797557_709,ok,
00002_frame004075-1581797557_909,ok,
00002_frame004077-1581797558_109,ok,
00002_frame004079-1581797558_309,ok,
00002_frame004081-1581797558_509,ok,
00002_frame004083-1581797558_709,ok,
00002_frame004085-1581797558_909,ok,
00002_frame004087-1581797559_109,ok,
00002_frame004089-1581797559_309,ok,
00002_frame004091-1581797559_509,ok,
00002_frame004093-1581797559_709,ok,
00002_frame004095-1581797559_909,ok,
00002_frame004097-1581797560_109,ok,
00002_frame004099-1581797560_309,ok,
00002_frame004101-1581797560_509,ok,
00002_frame004103-1581797560_709,ok,
00002_frame004105-1581797560_909,ok,
00002_frame004107-1581797561_109,ok,
00002_frame004109-1581797561_309,ok,
00002_frame004111-1581797561_509,ok,
00002_frame004113-1581797561_709,ok,
00002_frame004115-1581797561_909,ok,
00002_frame004117-1581797562_109,ok,
00002_frame004119-1581797562_309,ok,
00002_frame004121-1581797562_509,ok,
00002_frame004123-1581797562_709,ok,
00002_frame004125-1581797562_909,ok,
00002_frame004127-1581797563_109,ok,
00002_frame004129-1581797563_309,ok,
00002_frame004131-1581797563_509,ok,
00002_frame004133-1581797563_709,ok,
00002_frame004135-1581797563_909,ok,
00002_frame004137-1581797564_109,ok,
00002_frame004139-1581797564_309,ok,
00002_frame004141-1581797564_509,ok,
00002_frame004143-1581797564_709,ok,
00002_frame004145-1581797564_909,ok,
00003_frame000000-1581624075_250,ok,
00003_frame000002-1581624075_450,ok,
00003_frame000004-1581624075_649,ok,
00003_frame000006-1581624075_849,ok,
00003_frame000008-1581624076_049,ok,
00003_frame000010-1581624076_249,ok,
00003_frame000012-1581624076_450,ok,
00003_frame000014-1581624076_649,ok,
00003_frame000016-1581624076_849,ok,
00003_frame000018-1581624077_049,ok,
00003_frame000020-1581624077_249,ok,
00003_frame000022-1581624077_450,ok,
00003_frame000024-1581624077_649,ok,
00003_frame000026-1581624077_849,ok,
00003_frame000028-1581624078_050,ok,
00003_frame000030-1581624078_249,ok,
00003_frame000032-1581624078_449,ok,
00003_frame000034-1581624078_649,ok,
00003_frame000036-1581624078_849,ok,
00003_frame000038-1581624079_049,ok,
00003_frame000040-1581624079_249,ok,
00003_frame000042-1581624079_449,ok,
00003_frame000044-1581624079_649,ok,
00003_frame000046-1581624079_849,ok,
00003_frame000048-1581624080_049,ok,
00003_frame000050-1581624080_249,ok,
00003_frame000052-1581624080_449,ok,
00003_frame000054-1581624080_649,ok,
00003_frame000056-1581624080_850,ok,
00003_frame000058-1581624081_049,ok,
00003_frame000060-1581624081_250,ok,
00003_frame000062-1581624081_449,ok,
00003_frame000064-1581624081_649,ok,
00003_frame000066-1581624081_849,ok,
00003_frame000068-1581624082_049,ok,
00003_frame000070-1581624082_249,ok,
00003_frame000072-1581624082_449,ok,
00003_frame000074-1581624082_650,ok,
00003_frame000076-1581624082_850,ok,
00003_frame000078-1581624083_049,ok,
00003_frame000080-1581624083_249,ok,
00003_frame000082-1581624083_449,ok,
00003_frame000084-1581624083_650,ok,
00003_frame000086-1581624083_849,ok,
00003_frame000088-1581624084_049,ok,
00003_frame000090-1581624084_249,ok,
00003_frame000092-1581624084_449,ok,
00003_frame000094-1581624084_649,ok,
00003_frame000096-1581624084_849,ok,
00003_frame000098-1581624085_049,ok,
00003_frame000100-1581624085_249,ok,
00003_frame000102-1581624085_449,ok,
00003_frame000104-1581624085_649,ok,
00003_frame000106-1581624085_849,ok,
00003_frame000108-1581624086_049,ok,
00003_frame000110-1581624086_249,ok,
00003_frame000112-1581624086_450,ok,
00003_frame000114-1581624086_649,ok,
00003_frame000116-1581624086_849,ok,
00003_frame000118-1581624087_050,ok,
00003_frame000120-1581624087_249,ok,
00003_frame000122-1581624087_449,ok,
00003_frame000124-1581624087_649,ok,
00003_frame000126-1581624087_849,ok,
00003_frame000128-1581624088_049,ok,
00003_frame000130-1581624088_249,ok,
00003_frame000132-1581624088_449,ok,
00003_frame000134-1581624088_649,ok,
00003_frame000136-1581624088_850,ok,
00003_frame000138-1581624089_049,ok,
00003_frame000140-1581624089_250,ok,
00003_frame000142-1581624089_449,ok,
00003_frame000144-1581624089_650,ok,
00003_frame000146-1581624089_849,ok,
00003_frame000148-1581624090_049,ok,
00003_frame000150-1581624090_250,ok,
00003_frame000152-1581624090_449,ok,
00003_frame000154-1581624090_649,ok,
00003_frame000156-1581624090_849,ok,
00003_frame000158-1581624091_049,ok,
00003_frame000160-1581624091_249,ok,
00003_frame000162-1581624091_449,ok,
00003_frame000164-1581624091_649,ok,
00003_frame000166-1581624091_850,ok,
00003_frame000168-1581624092_049,ok,
00003_frame000170-1581624092_249,ok,
00003_frame000172-1581624092_449,ok,
00003_frame000174-1581624092_649,ok,
00003_frame000176-1581624092_850,ok,
00003_frame000178-1581624093_049,ok,
00003_frame000180-1581624093_249,ok,
00003_frame000182-1581624093_449,ok,
00003_frame000184-1581624093_649,ok,
00003_frame000186-1581624093_849,ok,
00003_frame000188-1581624094_049,ok,
00003_frame000190-1581624094_250,ok,
00003_frame000192-1581624094_449,ok,
00003_frame000194-1581624094_649,ok,
00003_frame000196-1581624094_850,ok,
00003_frame000198-1581624095_049,ok,
00003_frame000200-1581624095_249,ok,
00003_frame000202-1581624095_449,ok,
00003_frame000204-1581624095_650,ok,
00003_frame000206-1581624095_849,ok,
00003_frame000208-1581624096_049,ok,
00003_frame000210-1581624096_249,ok,
00003_frame000212-1581624096_449,ok,
00003_frame000214-1581624096_649,ok,
00003_frame000216-1581624096_849,ok,
00003_frame000218-1581624097_049,ok,
00003_frame000220-1581624097_249,ok,
00003_frame000222-1581624097_449,ok,
00003_frame000224-1581624097_649,ok,
00003_frame000226-1581624097_850,ok,
00003_frame000228-1581624098_049,ok,
00003_frame000230-1581624098_250,ok,
00003_frame000232-1581624098_449,ok,
00003_frame000234-1581624098_649,ok,
00003_frame000236-1581624098_850,ok,
00003_frame000238-1581624099_049,ok,
00003_frame000240-1581624099_249,ok,
00003_frame000242-1581624099_449,ok,
00003_frame000244-1581624099_649,ok,
00003_frame000246-1581624099_849,ok,
00003_frame000248-1581624100_050,ok,
00003_frame000250-1581624100_249,ok,
00003_frame000252-1581624100_449,ok,
00003_frame000254-1581624100_650,ok,
00003_frame000256-1581624100_850,ok,
00003_frame000258-1581624101_049,ok,
00003_frame000260-1581624101_250,ok,
00003_frame000262-1581624101_450,ok,
00003_frame000264-1581624101_649,ok,
00003_frame000266-1581624101_850,ok,
00003_frame000268-1581624102_049,ok,
00003_frame000270-1581624102_250,ok,
00003_frame000272-1581624102_449,ok,
00003_frame000274-1581624102_649,ok,
00003_frame000276-1581624102_849,ok,
00003_frame000278-1581624103_050,ok,
00003_frame000280-1581624103_249,ok,
00003_frame000282-1581624103_449,ok,
00003_frame000284-1581624103_650,ok,
00003_frame000286-1581624103_849,ok,
00003_frame000288-1581624104_049,ok,
00003_frame000290-1581624104_249,ok,
00003_frame000292-1581624104_449,ok,
00003_frame000294-1581624104_649,ok,
00003_frame000296-1581624104_850,ok,
00003_frame000298-1581624105_049,ok,
00003_frame000300-1581624105_249,ok,
00003_frame000302-1581624105_449,ok,
00003_frame000304-1581624105_649,ok,
00003_frame000306-1581624105_849,ok,
00003_frame000308-1581624106_049,ok,
00003_frame000310-1581624106_249,ok,
00003_frame000312-1581624106_449,ok,
00003_frame000314-1581624106_649,ok,
00003_frame000316-1581624106_849,ok,
00003_frame000318-1581624107_049,ok,
00003_frame000320-1581624107_249,ok,
00003_frame000322-1581624107_449,ok,
00003_frame000324-1581624107_649,ok,
00003_frame000326-1581624107_849,ok,
00003_frame000328-1581624108_049,ok,
00003_frame000330-1581624108_249,ok,
00003_frame000332-1581624108_449,ok,
00003_frame000334-1581624108_649,ok,
00003_frame000336-1581624108_849,ok,
00003_frame000338-1581624109_049,ok,
00003_frame000340-1581624109_249,ok,
00003_frame000342-1581624109_450,ok,
00003_frame000344-1581624109_649,ok,
00003_frame000346-1581624109_850,ok,
00003_frame000348-1581624110_049,ok,
00003_frame000350-1581624110_250,ok,
00003_frame000352-1581624110_450,ok,
00003_frame000354-1581624110_649,ok,
00003_frame000356-1581624110_849,ok,
00003_frame000358-1581624111_049,ok,
00003_frame000360-1581624111_250,ok,
00003_frame000362-1581624111_450,ok,
00003_frame000364-1581624111_650,ok,
00003_frame000366-1581624111_849,ok,
00003_frame000368-1581624112_049,ok,
00003_frame000370-1581624112_249,ok,
00003_frame000372-1581624112_449,ok,
00003_frame000374-1581624112_649,ok,
00003_frame000376-1581624112_849,ok,
00003_frame000378-1581624113_049,ok,
00003_frame000380-1581624113_250,ok,
00003_frame000382-1581624113_450,ok,
00003_frame000384-1581624113_649,ok,
00003_frame000386-1581624113_850,ok,
00003_frame000388-1581624114_049,ok,
00003_frame000390-1581624114_249,ok,
00003_frame000392-1581624114_449,ok,
00003_frame000394-1581624114_649,ok,
00003_frame000396-1581624114_850,ok,
00003_frame000398-1581624115_050,ok,
00003_frame000400-1581624115_250,ok,
00003_frame000402-1581624115_449,ok,
00003_frame000404-1581624115_649,ok,
00003_frame000406-1581624115_849,ok,
00003_frame000408-1581624116_049,ok,
00003_frame000410-1581624116_249,ok,
00003_frame000412-1581624116_449,ok,
00003_frame000414-1581624116_649,ok,
00003_frame000416-1581624116_850,ok,
00003_frame000418-1581624117_050,ok,
00003_frame000420-1581624117_249,ok,
00003_frame000422-1581624117_449,ok,
00003_frame000424-1581624117_649,ok,
00003_frame000426-1581624117_849,ok,
00003_frame000428-1581624118_049,ok,
00003_frame000430-1581624118_250,ok,
00003_frame000432-1581624118_449,ok,
00003_frame000434-1581624118_649,ok,
00003_frame000436-1581624118_849,ok,
00003_frame000438-1581624119_049,ok,
00003_frame000440-1581624119_249,ok,
00003_frame000442-1581624119_449,ok,
00003_frame000444-1581624119_649,ok,
00003_frame000446-1581624119_849,ok,
00003_frame000448-1581624120_049,ok,
00003_frame000450-1581624120_249,ok,
00003_frame000452-1581624120_449,ok,
00003_frame000454-1581624120_649,ok,
00003_frame000456-1581624120_850,ok,
00003_frame000458-1581624121_049,ok,
00003_frame000460-1581624121_249,ok,
00003_frame000462-1581624121_449,ok,
00003_frame000464-1581624121_650,ok,
00003_frame000466-1581624121_849,ok,
00003_frame000468-1581624122_049,ok,
00003_frame000470-1581624122_250,ok,
00003_frame000472-1581624122_449,ok,
00003_frame000474-1581624122_649,ok,
00003_frame000476-1581624122_849,ok,
00003_frame000478-1581624123_049,ok,
00003_frame000480-1581624123_249,ok,
00003_frame000482-1581624123_449,ok,
00003_frame000484-1581624123_649,ok,
00003_frame000486-1581624123_850,ok,
00003_frame000488-1581624124_049,ok,
00003_frame000490-1581624124_249,ok,
00003_frame000492-1581624124_449,ok,
00003_frame000494-1581624124_650,ok,
00003_frame000496-1581624124_849,ok,
00003_frame000498-1581624125_049,ok,
00003_frame000500-1581624125_249,ok,
00003_frame000502-1581624125_449,ok,
00003_frame000504-1581624125_649,ok,
00003_frame000506-1581624125_850,ok,
00003_frame000508-1581624126_049,ok,
00003_frame000510-1581624126_249,ok,
00003_frame000512-1581624126_449,ok,
00003_frame000514-1581624126_649,ok,
00003_frame000516-1581624126_850,ok,
00003_frame000518-1581624127_050,ok,
00003_frame000520-1581624127_250,ok,
00003_frame000522-1581624127_450,ok,
00003_frame000524-1581624127_650,ok,
00003_frame000526-1581624127_850,ok,
00003_frame000528-1581624128_049,ok,
00003_frame000530-1581624128_249,ok,
00003_frame000532-1581624128_449,ok,
00003_frame000534-1581624128_649,ok,
00003_frame000536-1581624128_850,ok,
00003_frame000538-1581624129_050,ok,
00003_frame000540-1581624129_249,ok,
00003_frame000542-1581624129_449,ok,
00003_frame000544-1581624129_649,ok,
00003_frame000546-1581624129_849,ok,
00003_frame000548-1581624130_049,ok,
00003_frame000550-1581624130_250,ok,
00003_frame000552-1581624130_449,ok,
00003_frame000554-1581624130_649,ok,
00003_frame000556-1581624130_849,ok,
00003_frame000558-1581624131_049,ok,
00003_frame000560-1581624131_250,ok,
00003_frame000562-1581624131_449,ok,
00003_frame000564-1581624131_650,ok,
00003_frame000566-1581624131_850,ok,
00003_frame000568-1581624132_049,ok,
00003_frame000570-1581624132_249,ok,
00003_frame000572-1581624132_449,ok,
00003_frame000574-1581624132_649,ok,
00003_frame000576-1581624132_850,ok,
00003_frame000578-1581624133_050,ok,
00003_frame000580-1581624133_250,ok,
00003_frame000582-1581624133_450,ok,
00003_frame000584-1581624133_649,ok,
00003_frame000586-1581624133_849,ok,
00003_frame000588-1581624134_049,ok,
00003_frame000590-1581624134_249,ok,
00003_frame000592-1581624134_450,ok,
00003_frame000594-1581624134_649,ok,
00003_frame000596-1581624134_849,ok,
00003_frame000598-1581624135_049,ok,
00003_frame000600-1581624135_249,ok,
00003_frame000602-1581624135_449,ok,
00003_frame000604-1581624135_649,ok,
00003_frame000606-1581624135_850,ok,
00003_frame000608-1581624136_050,ok,
00003_frame000610-1581624136_249,ok,
00003_frame000612-1581624136_449,ok,
00003_frame000614-1581624136_649,ok,
00003_frame000616-1581624136_850,ok,
00003_frame000618-1581624137_049,ok,
00003_frame000620-1581624137_249,ok,
00003_frame000622-1581624137_449,ok,
00003_frame000624-1581624137_649,ok,
00003_frame000626-1581624137_849,ok,
00003_frame000628-1581624138_049,ok,
00003_frame000630-1581624138_249,ok,
00003_frame000632-1581624138_449,ok,
00003_frame000634-1581624138_650,ok,
00003_frame000636-1581624138_849,ok,
00003_frame000638-1581624139_050,ok,
00003_frame000640-1581624139_249,ok,
00003_frame000642-1581624139_449,ok,
00003_frame000644-1581624139_649,ok,
00003_frame000646-1581624139_849,ok,
00003_frame000648-1581624140_049,ok,
00003_frame000650-1581624140_249,ok,
00003_frame000652-1581624140_449,ok,
00003_frame000654-1581624140_649,ok,
00003_frame000656-1581624140_849,ok,
00003_frame000658-1581624141_050,ok,
00003_frame000660-1581624141_249,ok,
00003_frame000662-1581624141_449,ok,
00003_frame000664-1581624141_649,ok,
00003_frame000666-1581624141_849,ok,
00003_frame000668-1581624142_049,ok,
00003_frame000670-1581624142_249,ok,
00003_frame000672-1581624142_449,ok,
00003_frame000674-1581624142_649,ok,
00003_frame000676-1581624142_849,ok,
00003_frame000678-1581624143_049,ok,
00003_frame000680-1581624143_249,ok,
00003_frame000682-1581624143_449,ok,
00003_frame000684-1581624143_649,ok,
00003_frame000686-1581624143_850,ok,
00003_frame000688-1581624144_049,ok,
00003_frame000690-1581624144_249,ok,
00003_frame000692-1581624144_449,ok,
00003_frame000694-1581624144_650,ok,
00003_frame000696-1581624144_849,ok,
00003_frame000698-1581624145_050,ok,
00003_frame000700-1581624145_249,ok,
00003_frame000702-1581624145_449,ok,
00003_frame000704-1581624145_650,ok,
00003_frame000706-1581624145_849,ok,
00003_frame000708-1581624146_049,ok,
00003_frame000710-1581624146_250,ok,
00003_frame000712-1581624146_449,ok,
00003_frame000714-1581624146_649,ok,
00003_frame000716-1581624146_850,ok,
00003_frame000718-1581624147_049,ok,
00003_frame000720-1581624147_249,ok,
00003_frame000722-1581624147_450,ok,
00003_frame000724-1581624147_650,ok,
00003_frame000726-1581624147_849,ok,
00003_frame000728-1581624148_049,ok,
00003_frame000730-1581624148_250,ok,
00003_frame000732-1581624148_450,ok,
00003_frame000734-1581624148_649,ok,
00003_frame000736-1581624148_850,ok,
00003_frame000738-1581624149_049,ok,
00003_frame000740-1581624149_249,ok,
00003_frame000742-1581624149_449,ok,
00003_frame000744-1581624149_649,ok,
00003_frame000746-1581624149_849,ok,
00003_frame000748-1581624150_049,ok,
00003_frame000750-1581624150_249,ok,
00003_frame000752-1581624150_449,ok,
00003_frame000754-1581624150_650,ok,
00003_frame000756-1581624150_849,ok,
00003_frame000758-1581624151_049,ok,
00003_frame000760-1581624151_250,ok,
00003_frame000762-1581624151_449,ok,
00003_frame000764-1581624151_650,ok,
00003_frame000766-1581624151_850,ok,
00003_frame000768-1581624152_050,ok,
00003_frame000770-1581624152_249,ok,
00003_frame000772-1581624152_450,ok,
00003_frame000774-1581624152_650,ok,
00003_frame000776-1581624152_849,ok,
00003_frame000778-1581624153_049,ok,
00003_frame000780-1581624153_250,ok,
00003_frame000782-1581624153_450,ok,
00003_frame000784-1581624153_649,ok,
00003_frame000786-1581624153_849,ok,
00003_frame000788-1581624154_050,ok,
00003_frame000790-1581624154_249,ok,
00003_frame000792-1581624154_450,ok,
00003_frame000794-1581624154_649,ok,
00003_frame000796-1581624154_849,ok,
00003_frame000798-1581624155_050,ok,
00003_frame000800-1581624155_249,ok,
00003_frame000802-1581624155_449,ok,
00003_frame000804-1581624155_649,ok,
00003_frame000806-1581624155_849,ok,
00003_frame000808-1581624156_049,ok,
00003_frame000810-1581624156_249,ok,
00003_frame000812-1581624156_449,ok,
00003_frame000814-1581624156_649,ok,
00003_frame000816-1581624156_850,ok,
00003_frame000818-1581624157_049,ok,
00003_frame000820-1581624157_249,ok,
00003_frame000822-1581624157_450,ok,
00003_frame000824-1581624157_650,ok,
00003_frame000826-1581624157_849,ok,
00003_frame000828-1581624158_049,ok,
00003_frame000830-1581624158_249,ok,
00003_frame000832-1581624158_449,ok,
00003_frame000834-1581624158_649,ok,
00003_frame000836-1581624158_850,ok,
00003_frame000838-1581624159_050,ok,
00003_frame000840-1581624159_249,ok,
00003_frame000842-1581624159_449,ok,
00003_frame000844-1581624159_649,ok,
00003_frame000846-1581624159_849,ok,
00003_frame000848-1581624160_050,ok,
00003_frame000850-1581624160_250,ok,
00003_frame000852-1581624160_449,ok,
00003_frame000854-1581624160_649,ok,
00003_frame000856-1581624160_849,ok,
00003_frame000858-1581624161_049,ok,
00003_frame000860-1581624161_249,ok,
00003_frame000862-1581624161_449,ok,
00003_frame000864-1581624161_650,ok,
00003_frame000866-1581624161_849,ok,
00003_frame000868-1581624162_049,ok,
00003_frame000870-1581624162_249,ok,
00003_frame000872-1581624162_450,ok,
00003_frame000874-1581624162_649,ok,
00003_frame000876-1581624162_849,ok,
00003_frame000878-1581624163_049,ok,
00003_frame000880-1581624163_249,ok,
00003_frame000882-1581624163_450,ok,
00003_frame000884-1581624163_649,ok,
00003_frame000886-1581624163_849,ok,
00003_frame000888-1581624164_050,ok,
00003_frame000890-1581624164_249,ok,
00003_frame000892-1581624164_450,ok,
00003_frame000894-1581624164_649,ok,
00003_frame000896-1581624164_849,ok,
00003_frame000898-1581624165_049,ok,
00003_frame000900-1581624165_249,ok,
00003_frame000902-1581624165_449,ok,
00003_frame000904-1581624165_650,ok,
00003_frame000906-1581624165_850,ok,
00003_frame000908-1581624166_049,ok,
00003_frame000910-1581624166_249,ok,
00003_frame000912-1581624166_449,ok,
00003_frame000914-1581624166_649,ok,
00003_frame000916-1581624166_849,ok,
00003_frame000918-1581624167_049,ok,
00003_frame000920-1581624167_249,ok,
00003_frame000922-1581624167_449,ok,
00003_frame000924-1581624167_649,ok,
00003_frame000926-1581624167_850,ok,
00003_frame000928-1581624168_049,ok,
00003_frame000930-1581624168_249,ok,
00003_frame000932-1581624168_449,ok,
00003_frame000934-1581624168_649,ok,
00003_frame000936-1581624168_849,ok,
00003_frame000938-1581624169_049,ok,
00003_frame000940-1581624169_250,ok,
00003_frame000942-1581624169_449,ok,
00003_frame000944-1581624169_649,ok,
00003_frame000946-1581624169_849,ok,
00003_frame000948-1581624170_049,ok,
00003_frame000950-1581624170_250,ok,
00003_frame000952-1581624170_449,ok,
00003_frame000954-1581624170_649,ok,
00003_frame000956-1581624170_849,ok,
00003_frame000958-1581624171_049,ok,
00003_frame000960-1581624171_249,ok,
00003_frame000962-1581624171_449,ok,
00003_frame000964-1581624171_649,ok,
00003_frame000966-1581624171_849,ok,
00003_frame000968-1581624172_049,ok,
00003_frame000970-1581624172_249,ok,
00003_frame000972-1581624172_449,ok,
00003_frame000974-1581624172_650,ok,
00003_frame000976-1581624172_849,ok,
00003_frame000978-1581624173_049,ok,
00003_frame000980-1581624173_250,ok,
00003_frame000982-1581624173_449,ok,
00003_frame000984-1581624173_649,ok,
00003_frame000986-1581624173_850,ok,
00003_frame000988-1581624174_050,ok,
00003_frame000990-1581624174_249,ok,
00003_frame000992-1581624174_449,ok,
00003_frame000994-1581624174_650,ok,
00003_frame000996-1581624174_850,ok,
00003_frame000998-1581624175_049,ok,
00003_frame001000-1581624175_250,ok,
00003_frame001002-1581624175_449,ok,
00003_frame001004-1581624175_649,ok,
00003_frame001006-1581624175_849,ok,
00003_frame001008-1581624176_049,ok,
00003_frame001010-1581624176_249,ok,
00003_frame001012-1581624176_449,ok,
00003_frame001014-1581624176_649,ok,
00003_frame001016-1581624176_849,ok,
00003_frame001018-1581624177_049,ok,
00003_frame001020-1581624177_249,ok,
00003_frame001022-1581624177_449,ok,
00003_frame001024-1581624177_649,ok,
00003_frame001026-1581624177_849,ok,
00003_frame001028-1581624178_050,ok,
00003_frame001030-1581624178_249,ok,
00003_frame001032-1581624178_449,ok,
00003_frame001034-1581624178_649,ok,
00003_frame001036-1581624178_849,ok,
00003_frame001038-1581624179_050,ok,
00003_frame001040-1581624179_250,ok,
00003_frame001042-1581624179_449,ok,
00003_frame001044-1581624179_649,ok,
00003_frame001046-1581624179_850,ok,
00003_frame001048-1581624180_049,ok,
00003_frame001050-1581624180_249,ok,
00003_frame001052-1581624180_450,ok,
00003_frame001054-1581624180_649,ok,
00003_frame001056-1581624180_849,ok,
00003_frame001058-1581624181_050,ok,
00003_frame001060-1581624181_249,ok,
00003_frame001062-1581624181_449,ok,
00003_frame001064-1581624181_649,ok,
00003_frame001066-1581624181_849,ok,
00003_frame001068-1581624182_050,ok,
00003_frame001070-1581624182_250,ok,
00003_frame001072-1581624182_450,ok,
00003_frame001074-1581624182_649,ok,
00003_frame001076-1581624182_849,ok,
00003_frame001078-1581624183_049,ok,
00003_frame001080-1581624183_249,ok,
00003_frame001082-1581624183_449,ok,
00003_frame001084-1581624183_650,ok,
00003_frame001086-1581624183_849,ok,
00003_frame001088-1581624184_049,ok,
00003_frame001090-1581624184_249,ok,
00003_frame001092-1581624184_449,ok,
00003_frame001094-1581624184_650,ok,
00003_frame001096-1581624184_849,ok,
00003_frame001098-1581624185_049,ok,
00003_frame001100-1581624185_249,ok,
00003_frame001102-1581624185_449,ok,
00003_frame001104-1581624185_649,ok,
00003_frame001106-1581624185_849,ok,
00003_frame001108-1581624186_049,ok,
00003_frame001110-1581624186_249,ok,
00003_frame001112-1581624186_449,ok,
00003_frame001114-1581624186_650,ok,
00003_frame001116-1581624186_849,ok,
00003_frame001118-1581624187_049,ok,
00003_frame001120-1581624187_250,ok,
00003_frame001122-1581624187_449,ok,
00003_frame001124-1581624187_650,ok,
00003_frame001126-1581624187_850,ok,
00003_frame001128-1581624188_049,ok,
00003_frame001130-1581624188_249,ok,
00003_frame001132-1581624188_449,ok,
00003_frame001134-1581624188_649,ok,
00003_frame001136-1581624188_850,ok,
00003_frame001138-1581624189_049,ok,
00003_frame001140-1581624189_249,ok,
00003_frame001142-1581624189_449,ok,
00003_frame001144-1581624189_649,ok,
00003_frame001146-1581624189_849,ok,
00003_frame001148-1581624190_049,ok,
00003_frame001150-1581624190_249,ok,
00003_frame001152-1581624190_449,ok,
00003_frame001154-1581624190_649,ok,
00003_frame001156-1581624190_849,ok,
00003_frame001158-1581624191_049,ok,
00003_frame001160-1581624191_250,ok,
00003_frame001162-1581624191_450,ok,
00003_frame001164-1581624191_649,ok,
00003_frame001166-1581624191_849,ok,
00003_frame001168-1581624192_049,ok,
00003_frame001170-1581624192_249,ok,
00003_frame001172-1581624192_449,ok,
00003_frame001174-1581624192_649,ok,
00003_frame001176-1581624192_849,ok,
00003_frame001178-1581624193_049,ok,
00003_frame001180-1581624193_250,ok,
00003_frame001182-1581624193_450,ok,
00003_frame001184-1581624193_650,ok,
00003_frame001186-1581624193_850,ok,
00003_frame001188-1581624194_050,ok,
00003_frame001190-1581624194_249,ok,
00003_frame001192-1581624194_449,ok,
00003_frame001194-1581624194_649,ok,
00003_frame001196-1581624194_849,ok,
00003_frame001198-1581624195_049,ok,
00003_frame001200-1581624195_249,ok,
00003_frame001202-1581624195_449,ok,
00003_frame001204-1581624195_649,ok,
00003_frame001206-1581624195_850,ok,
00003_frame001208-1581624196_049,ok,
00003_frame001210-1581624196_250,ok,
00003_frame001212-1581624196_449,ok,
00003_frame001214-1581624196_649,ok,
00003_frame001216-1581624196_849,ok,
00003_frame001218-1581624197_050,ok,
00003_frame001220-1581624197_250,ok,
00003_frame001222-1581624197_450,ok,
00003_frame001224-1581624197_649,ok,
00003_frame001226-1581624197_849,ok,
00003_frame001228-1581624198_050,ok,
00003_frame001230-1581624198_249,ok,
00003_frame001232-1581624198_449,ok,
00003_frame001234-1581624198_649,ok,
00003_frame001236-1581624198_849,ok,
00003_frame001238-1581624199_049,ok,
00003_frame001240-1581624199_249,ok,
00003_frame001242-1581624199_449,ok,
00003_frame001244-1581624199_649,ok,
00003_frame001246-1581624199_849,ok,
00003_frame001248-1581624200_049,ok,
00003_frame001250-1581624200_249,ok,
00003_frame001252-1581624200_449,ok,
00003_frame001254-1581624200_649,ok,
00003_frame001256-1581624200_849,ok,
00003_frame001258-1581624201_050,ok,
00003_frame001260-1581624201_250,ok,
00003_frame001262-1581624201_449,ok,
00003_frame001264-1581624201_649,ok,
00003_frame001266-1581624201_849,ok,
00003_frame001268-1581624202_049,ok,
00003_frame001270-1581624202_249,ok,
00003_frame001272-1581624202_449,ok,
00003_frame001274-1581624202_649,ok,
00003_frame001276-1581624202_849,ok,
00003_frame001278-1581624203_049,ok,
00003_frame001280-1581624203_249,ok,
00003_frame001282-1581624203_449,ok,
00003_frame001284-1581624203_650,ok,
00003_frame001286-1581624203_849,ok,
00003_frame001288-1581624204_050,ok,
00003_frame001290-1581624204_250,ok,
00003_frame001292-1581624204_450,ok,
00003_frame001294-1581624204_650,ok,
00003_frame001296-1581624204_849,ok,
00003_frame001298-1581624205_049,ok,
00003_frame001300-1581624205_249,ok,
00003_frame001302-1581624205_449,ok,
00003_frame001304-1581624205_649,ok,
00003_frame001306-1581624205_850,ok,
00003_frame001308-1581624206_049,ok,
00003_frame001310-1581624206_249,ok,
00003_frame001312-1581624206_449,ok,
00003_frame001314-1581624206_649,ok,
00003_frame001316-1581624206_849,ok,
00003_frame001318-1581624207_050,ok,
00003_frame001320-1581624207_249,ok,
00003_frame001322-1581624207_449,ok,
00003_frame001324-1581624207_649,ok,
00003_frame001326-1581624207_849,ok,
00003_frame001328-1581624208_049,ok,
00003_frame001330-1581624208_249,ok,
00003_frame001332-1581624208_449,ok,
00003_frame001334-1581624208_649,ok,
00003_frame001336-1581624208_849,ok,
00003_frame001338-1581624209_049,ok,
00003_frame001340-1581624209_250,ok,
00003_frame001342-1581624209_450,ok,
00003_frame001344-1581624209_649,ok,
00003_frame001346-1581624209_849,ok,
00003_frame001348-1581624210_050,ok,
00003_frame001350-1581624210_249,ok,
00003_frame001352-1581624210_450,ok,
00003_frame001354-1581624210_649,ok,
00003_frame001356-1581624210_849,ok,
00003_frame001358-1581624211_050,ok,
00003_frame001360-1581624211_249,ok,
00003_frame001362-1581624211_449,ok,
00003_frame001364-1581624211_649,ok,
00003_frame001366-1581624211_849,ok,
00003_frame001368-1581624212_049,ok,
00003_frame001370-1581624212_249,ok,
00003_frame001372-1581624212_449,ok,
00003_frame001374-1581624212_649,ok,
00003_frame001376-1581624212_849,ok,
00003_frame001378-1581624213_049,ok,
00003_frame001380-1581624213_250,ok,
00003_frame001382-1581624213_450,ok,
00003_frame001384-1581624213_650,ok,
00003_frame001386-1581624213_849,ok,
00003_frame001388-1581624214_049,ok,
00003_frame001390-1581624214_249,ok,
00003_frame001392-1581624214_449,ok,
00003_frame001394-1581624214_649,ok,
00003_frame001396-1581624214_849,ok,
00003_frame001398-1581624215_050,ok,
00003_frame001400-1581624215_249,ok,
00003_frame001402-1581624215_449,ok,
00003_frame001404-1581624215_649,ok,
00003_frame001406-1581624215_849,ok,
00003_frame001408-1581624216_050,ok,
00003_frame001410-1581624216_250,ok,
00003_frame001412-1581624216_449,ok,
00003_frame001414-1581624216_649,ok,
00003_frame001416-1581624216_849,ok,
00003_frame001418-1581624217_049,ok,
00003_frame001420-1581624217_249,ok,
00003_frame001422-1581624217_449,ok,
00003_frame001424-1581624217_649,ok,
00003_frame001426-1581624217_849,ok,
00003_frame001428-1581624218_049,ok,
00003_frame001430-1581624218_249,ok,
00003_frame001432-1581624218_449,ok,
00003_frame001434-1581624218_649,ok,
00003_frame001436-1581624218_850,ok,
00003_frame001438-1581624219_049,ok,
00003_frame001440-1581624219_249,ok,
00003_frame001442-1581624219_450,ok,
00003_frame001444-1581624219_649,ok,
00003_frame001446-1581624219_849,ok,
00003_frame001448-1581624220_049,ok,
00003_frame001450-1581624220_249,ok,
00003_frame001452-1581624220_449,ok,
00003_frame001454-1581624220_650,ok,
00003_frame001456-1581624220_850,ok,
00003_frame001458-1581624221_049,ok,
00003_frame001460-1581624221_249,ok,
00003_frame001462-1581624221_449,ok,
00003_frame001464-1581624221_649,ok,
00003_frame001466-1581624221_849,ok,
00003_frame001468-1581624222_049,ok,
00003_frame001470-1581624222_250,ok,
00003_frame001472-1581624222_450,ok,
00003_frame001474-1581624222_649,ok,
00003_frame001476-1581624222_850,ok,
00003_frame001478-1581624223_049,ok,
00003_frame001480-1581624223_249,ok,
00003_frame001482-1581624223_449,ok,
00003_frame001484-1581624223_649,ok,
00003_frame001486-1581624223_850,ok,
00003_frame001488-1581624224_049,ok,
00003_frame001490-1581624224_249,ok,
00003_frame001492-1581624224_449,ok,
00003_frame001494-1581624224_650,ok,
00003_frame001496-1581624224_850,ok,
00003_frame001498-1581624225_049,ok,
00003_frame001500-1581624225_250,ok,
00003_frame001502-1581624225_449,ok,
00003_frame001504-1581624225_649,ok,
00003_frame001506-1581624225_849,ok,
00003_frame001508-1581624226_049,ok,
00003_frame001510-1581624226_250,ok,
00003_frame001512-1581624226_449,ok,
00003_frame001514-1581624226_649,ok,
00003_frame001516-1581624226_849,ok,
00003_frame001518-1581624227_050,ok,
00003_frame001520-1581624227_249,ok,
00003_frame001522-1581624227_449,ok,
00003_frame001524-1581624227_649,ok,
00003_frame001526-1581624227_849,ok,
00003_frame001528-1581624228_049,ok,
00003_frame001530-1581624228_249,ok,
00003_frame001532-1581624228_449,ok,
00003_frame001534-1581624228_649,ok,
00003_frame001536-1581624228_850,ok,
00003_frame001538-1581624229_049,ok,
00003_frame001540-1581624229_249,ok,
00003_frame001542-1581624229_449,ok,
00003_frame001544-1581624229_649,ok,
00003_frame001546-1581624229_850,ok,
00003_frame001548-1581624230_049,ok,
00003_frame001550-1581624230_249,ok,
00003_frame001552-1581624230_449,ok,
00003_frame001554-1581624230_649,ok,
00003_frame001556-1581624230_849,ok,
00003_frame001558-1581624231_049,ok,
00003_frame001560-1581624231_249,ok,
00003_frame001562-1581624231_449,ok,
00003_frame001564-1581624231_649,ok,
00003_frame001566-1581624231_850,ok,
00003_frame001568-1581624232_049,ok,
00003_frame001570-1581624232_249,ok,
00003_frame001572-1581624232_450,ok,
00003_frame001574-1581624232_649,ok,
00003_frame001576-1581624232_849,ok,
00003_frame001578-1581624233_049,ok,
00003_frame001580-1581624233_249,ok,
00003_frame001582-1581624233_449,ok,
00003_frame001584-1581624233_649,ok,
00003_frame001586-1581624233_849,ok,
00003_frame001588-1581624234_050,ok,
00003_frame001590-1581624234_249,ok,
00003_frame001592-1581624234_450,ok,
00003_frame001594-1581624234_649,ok,
00003_frame001596-1581624234_849,ok,
00003_frame001598-1581624235_049,ok,
00003_frame001600-1581624235_250,ok,
00003_frame001602-1581624235_449,ok,
00003_frame001604-1581624235_650,ok,
00003_frame001606-1581624235_849,ok,
00003_frame001608-1581624236_049,ok,
00003_frame001610-1581624236_249,ok,
00003_frame001612-1581624236_449,ok,
00003_frame001614-1581624236_649,ok,
00003_frame001616-1581624236_849,ok,
00003_frame001618-1581624237_049,ok,
00003_frame001620-1581624237_250,ok,
00003_frame001622-1581624237_449,ok,
00003_frame001624-1581624237_650,ok,
00003_frame001626-1581624237_849,ok,
00003_frame001628-1581624238_049,ok,
00003_frame001630-1581624238_249,ok,
00003_frame001632-1581624238_449,ok,
00003_frame001634-1581624238_649,ok,
00003_frame001636-1581624238_849,ok,
00003_frame001638-1581624239_049,ok,
00003_frame001640-1581624239_249,ok,
00003_frame001642-1581624239_450,ok,
00003_frame001644-1581624239_649,ok,
00003_frame001646-1581624239_850,ok,
00003_frame001648-1581624240_049,ok,
00003_frame001650-1581624240_249,ok,
00003_frame001652-1581624240_450,ok,
00003_frame001654-1581624240_649,ok,
00003_frame001656-1581624240_849,ok,
00003_frame001658-1581624241_049,ok,
00003_frame001660-1581624241_249,ok,
00003_frame001662-1581624241_449,ok,
00003_frame001664-1581624241_650,ok,
00003_frame001666-1581624241_849,ok,
00003_frame001668-1581624242_049,ok,
00003_frame001670-1581624242_249,ok,
00003_frame001672-1581624242_449,ok,
00003_frame001674-1581624242_649,ok,
00003_frame001676-1581624242_849,ok,
00003_frame001678-1581624243_049,ok,
00003_frame001680-1581624243_249,ok,
00003_frame001682-1581624243_449,ok,
00003_frame001684-1581624243_650,ok,
00003_frame001686-1581624243_849,ok,
00003_frame001688-1581624244_049,ok,
00003_frame001690-1581624244_249,ok,
00003_frame001692-1581624244_449,ok,
00003_frame001694-1581624244_650,ok,
00003_frame001696-1581624244_850,ok,
00003_frame001698-1581624245_050,ok,
00003_frame001700-1581624245_249,ok,
00003_frame001702-1581624245_450,ok,
00003_frame001704-1581624245_649,ok,
00003_frame001706-1581624245_849,ok,
00003_frame001708-1581624246_049,ok,
00003_frame001710-1581624246_249,ok,
00003_frame001712-1581624246_449,ok,
00003_frame001714-1581624246_649,ok,
00003_frame001716-1581624246_849,ok,
00003_frame001718-1581624247_050,ok,
00003_frame001720-1581624247_249,ok,
00003_frame001722-1581624247_449,ok,
00003_frame001724-1581624247_649,ok,
00003_frame001726-1581624247_849,ok,
00003_frame001728-1581624248_049,ok,
00003_frame001730-1581624248_249,ok,
00003_frame001732-1581624248_449,ok,
00003_frame001734-1581624248_649,ok,
00003_frame001736-1581624248_849,ok,
00003_frame001738-1581624249_049,ok,
00003_frame001740-1581624249_249,ok,
00003_frame001742-1581624249_449,ok,
00003_frame001744-1581624249_649,ok,
00003_frame001746-1581624249_850,ok,
00003_frame001748-1581624250_049,ok,
00003_frame001750-1581624250_249,ok,
00003_frame001752-1581624250_449,ok,
00003_frame001754-1581624250_649,ok,
00003_frame001756-1581624250_849,ok,
00003_frame001758-1581624251_049,ok,
00003_frame001760-1581624251_249,ok,
00003_frame001762-1581624251_450,ok,
00003_frame001764-1581624251_649,ok,
00003_frame001766-1581624251_849,ok,
00003_frame001768-1581624252_050,ok,
00003_frame001770-1581624252_249,ok,
00003_frame001772-1581624252_449,ok,
00003_frame001774-1581624252_649,ok,
00003_frame001776-1581624252_849,ok,
00003_frame001778-1581624253_049,ok,
00003_frame001780-1581624253_250,ok,
00003_frame001782-1581624253_449,ok,
00003_frame001784-1581624253_649,ok,
00003_frame001786-1581624253_849,ok,
00003_frame001788-1581624254_049,ok,
00003_frame001790-1581624254_249,ok,
00003_frame001792-1581624254_449,ok,
00003_frame001794-1581624254_650,ok,
00003_frame001796-1581624254_849,ok,
00003_frame001798-1581624255_050,ok,
00004_frame000000-1581791678_408,ok,
00004_frame000002-1581791678_608,ok,
00004_frame000004-1581791678_808,ok,
00004_frame000006-1581791679_008,ok,
00004_frame000008-1581791679_208,ok,
00004_frame000010-1581791679_408,ok,
00004_frame000012-1581791679_608,ok,
00004_frame000014-1581791679_808,ok,
00004_frame000016-1581791680_008,ok,
00004_frame000018-1581791680_208,ok,
00004_frame000020-1581791680_408,ok,
00004_frame000022-1581791680_608,ok,
00004_frame000024-1581791680_808,ok,
00004_frame000026-1581791681_008,ok,
00004_frame000028-1581791681_208,ok,
00004_frame000030-1581791681_408,ok,
00004_frame000032-1581791681_608,ok,
00004_frame000034-1581791681_808,ok,
00004_frame000036-1581791682_008,ok,
00004_frame000038-1581791682_208,ok,
00004_frame000040-1581791682_408,ok,
00004_frame000042-1581791682_608,ok,
00004_frame000044-1581791682_808,ok,
00004_frame000046-1581791683_008,ok,
00004_frame000048-1581791683_208,ok,
00004_frame000050-1581791683_408,ok,
00004_frame000052-1581791683_608,ok,
00004_frame000054-1581791683_808,ok,
00004_frame000056-1581791684_008,ok,
00004_frame000058-1581791684_208,ok,
00004_frame000060-1581791684_408,ok,
00004_frame000062-1581791684_608,ok,
00004_frame000064-1581791684_808,ok,
00004_frame000066-1581791685_008,ok,
00004_frame000068-1581791685_208,ok,
00004_frame000070-1581791685_408,ok,
00004_frame000072-1581791685_608,ok,
00004_frame000074-1581791685_808,ok,
00004_frame000076-1581791686_008,ok,
00004_frame000078-1581791686_208,ok,
00004_frame000080-1581791686_408,ok,
00004_frame000082-1581791686_608,ok,
00004_frame000084-1581791686_808,ok,
00004_frame000086-1581791687_008,ok,
00004_frame000088-1581791687_209,ok,
00004_frame000090-1581791687_408,ok,
00004_frame000092-1581791687_608,ok,
00004_frame000094-1581791687_808,ok,
00004_frame000096-1581791688_008,ok,
00004_frame000098-1581791688_208,ok,
00004_frame000100-1581791688_408,ok,
00004_frame000102-1581791688_608,ok,
00004_frame000104-1581791688_808,ok,
00004_frame000106-1581791689_008,ok,
00004_frame000108-1581791689_208,ok,
00004_frame000110-1581791689_408,ok,
00004_frame000112-1581791689_608,ok,
00004_frame000114-1581791689_808,ok,
00004_frame000116-1581791690_008,ok,
00004_frame000118-1581791690_208,ok,
00004_frame000120-1581791690_408,ok,
00004_frame000122-1581791690_608,ok,
00004_frame000124-1581791690_808,ok,
00004_frame000126-1581791691_008,ok,
00004_frame000128-1581791691_208,ok,
00004_frame000130-1581791691_408,ok,
00004_frame000132-1581791691_608,ok,
00004_frame000134-1581791691_808,ok,
00004_frame000136-1581791692_008,ok,
00004_frame000138-1581791692_209,ok,
00004_frame000140-1581791692_408,ok,
00004_frame000142-1581791692_608,ok,
00004_frame000144-1581791692_808,ok,
00004_frame000146-1581791693_008,ok,
00004_frame000148-1581791693_208,ok,
00004_frame000150-1581791693_408,ok,
00004_frame000152-1581791693_608,ok,
00004_frame000154-1581791693_809,ok,
00004_frame000156-1581791694_008,ok,
00004_frame000158-1581791694_208,ok,
00004_frame000160-1581791694_408,ok,
00004_frame000162-1581791694_608,ok,
00004_frame000164-1581791694_808,ok,
00004_frame000166-1581791695_008,ok,
00004_frame000168-1581791695_208,ok,
00004_frame000170-1581791695_408,ok,
00004_frame000172-1581791695_608,ok,
00004_frame000174-1581791695_808,ok,
00004_frame000176-1581791696_008,ok,
00004_frame000178-1581791696_208,ok,
00004_frame000180-1581791696_408,ok,
00004_frame000182-1581791696_608,ok,
00004_frame000184-1581791696_808,ok,
00004_frame000186-1581791697_008,ok,
00004_frame000188-1581791697_208,ok,
00004_frame000190-1581791697_408,ok,
00004_frame000192-1581791697_608,ok,
00004_frame000194-1581791697_808,ok,
00004_frame000196-1581791698_008,ok,
00004_frame000198-1581791698_208,ok,
00004_frame000200-1581791698_408,ok,
00004_frame000202-1581791698_608,ok,
00004_frame000204-1581791698_808,ok,
00004_frame000206-1581791699_008,ok,
00004_frame000208-1581791699_208,ok,
00004_frame000210-1581791699_408,ok,
00004_frame000212-1581791699_608,ok,
00004_frame000214-1581791699_808,ok,
00004_frame000216-1581791700_008,ok,
00004_frame000218-1581791700_208,ok,
00004_frame000220-1581791700_409,ok,
00004_frame000222-1581791700_608,ok,
00004_frame000224-1581791700_808,ok,
00004_frame000226-1581791701_008,ok,
00004_frame000228-1581791701_208,ok,
00004_frame000230-1581791701_408,ok,
00004_frame000232-1581791701_608,ok,
00004_frame000234-1581791701_808,ok,
00004_frame000236-1581791702_008,ok,
00004_frame000238-1581791702_208,ok,
00004_frame000240-1581791702_408,ok,
00004_frame000242-1581791702_608,ok,
00004_frame000244-1581791702_808,ok,
00004_frame000246-1581791703_008,ok,
00004_frame000248-1581791703_208,ok,
00004_frame000250-1581791703_408,ok,
00004_frame000252-1581791703_608,ok,
00004_frame000254-1581791703_809,ok,
00004_frame000256-1581791704_008,ok,
00004_frame000258-1581791704_208,ok,
00004_frame000260-1581791704_408,ok,
00004_frame000262-1581791704_608,ok,
00004_frame000264-1581791704_808,ok,
00004_frame000266-1581791705_008,ok,
00004_frame000268-1581791705_208,ok,
00004_frame000270-1581791705_408,ok,
00004_frame000272-1581791705_608,ok,
00004_frame000274-1581791705_808,ok,
00004_frame000276-1581791706_008,ok,
00004_frame000278-1581791706_208,ok,
00004_frame000280-1581791706_408,ok,
00004_frame000282-1581791706_608,ok,
00004_frame000284-1581791706_808,ok,
00004_frame000286-1581791707_008,ok,
00004_frame000288-1581791707_209,ok,
00004_frame000290-1581791707_408,ok,
00004_frame000292-1581791707_608,ok,
00004_frame000294-1581791707_808,ok,
00004_frame000296-1581791708_008,ok,
00004_frame000298-1581791708_208,ok,
00004_frame000300-1581791708_408,ok,
00004_frame000302-1581791708_608,ok,
00004_frame000304-1581791708_808,ok,
00004_frame000306-1581791709_008,ok,
00004_frame000308-1581791709_208,ok,
00004_frame000310-1581791709_408,ok,
00004_frame000312-1581791709_608,ok,
00004_frame000314-1581791709_808,ok,
00004_frame000316-1581791710_008,ok,
00004_frame000318-1581791710_208,ok,
00004_frame000320-1581791710_408,ok,
00004_frame000322-1581791710_608,ok,
00004_frame000324-1581791710_808,ok,
00004_frame000326-1581791711_008,ok,
00004_frame000328-1581791711_208,ok,
00004_frame000330-1581791711_408,ok,
00004_frame000332-1581791711_608,ok,
00004_frame000334-1581791711_808,ok,
00004_frame000336-1581791712_008,ok,
00004_frame000338-1581791712_208,ok,
00004_frame000340-1581791712_408,ok,
00004_frame000342-1581791712_608,ok,
00004_frame000344-1581791712_808,ok,
00004_frame000346-1581791713_008,ok,
00004_frame000348-1581791713_208,ok,
00004_frame000350-1581791713_408,ok,
00004_frame000352-1581791713_608,ok,
00004_frame000354-1581791713_808,ok,
00004_frame000356-1581791714_009,ok,
00004_frame000358-1581791714_209,ok,
00004_frame000360-1581791714_408,ok,
00004_frame000362-1581791714_608,ok,
00004_frame000364-1581791714_808,ok,
00004_frame000366-1581791715_009,ok,
00004_frame000368-1581791715_209,ok,
00004_frame000370-1581791715_408,ok,
00004_frame000372-1581791715_608,ok,
00004_frame000374-1581791715_808,ok,
00004_frame000376-1581791716_009,ok,
00004_frame000378-1581791716_208,ok,
00004_frame000380-1581791716_408,ok,
00004_frame000382-1581791716_608,ok,
00004_frame000384-1581791716_808,ok,
00004_frame000386-1581791717_008,ok,
00004_frame000388-1581791717_208,ok,
00004_frame000390-1581791717_408,ok,
00004_frame000392-1581791717_608,ok,
00004_frame000394-1581791717_808,ok,
00004_frame000396-1581791718_008,ok,
00004_frame000398-1581791718_208,ok,
00004_frame000400-1581791718_408,ok,
00004_frame000402-1581791718_609,ok,
00004_frame000404-1581791718_808,ok,
00004_frame000406-1581791719_008,ok,
00004_frame000408-1581791719_208,ok,
00004_frame000410-1581791719_409,ok,
00004_frame000412-1581791719_608,ok,
00004_frame000414-1581791719_808,ok,
00004_frame000416-1581791720_009,ok,
00004_frame000418-1581791720_208,ok,
00004_frame000420-1581791720_408,ok,
00004_frame000422-1581791720_608,ok,
00004_frame000424-1581791720_808,ok,
00004_frame000426-1581791721_008,ok,
00004_frame000428-1581791721_208,ok,
00004_frame000430-1581791721_409,ok,
00004_frame000432-1581791721_608,ok,
00004_frame000434-1581791721_808,ok,
00004_frame000436-1581791722_008,ok,
00004_frame000438-1581791722_208,ok,
00004_frame000440-1581791722_409,ok,
00004_frame000442-1581791722_608,ok,
00004_frame000444-1581791722_808,ok,
00004_frame000446-1581791723_009,ok,
00004_frame000448-1581791723_208,ok,
00004_frame000450-1581791723_408,ok,
00004_frame000452-1581791723_608,ok,
00004_frame000454-1581791723_808,ok,
00004_frame000456-1581791724_009,ok,
00004_frame000458-1581791724_208,ok,
00004_frame000460-1581791724_408,ok,
00004_frame000462-1581791724_608,ok,
00004_frame000464-1581791724_808,ok,
00004_frame000466-1581791725_008,ok,
00004_frame000468-1581791725_208,ok,
00004_frame000470-1581791725_409,ok,
00004_frame000472-1581791725_608,ok,
00004_frame000474-1581791725_808,ok,
00004_frame000476-1581791726_008,ok,
00004_frame000478-1581791726_208,ok,
00004_frame000480-1581791726_408,ok,
00004_frame000482-1581791726_608,ok,
00004_frame000484-1581791726_808,ok,
00004_frame000486-1581791727_008,ok,
00004_frame000488-1581791727_209,ok,
00004_frame000490-1581791727_408,ok,
00004_frame000492-1581791727_609,ok,
00004_frame000494-1581791727_808,ok,
00004_frame000496-1581791728_008,ok,
00004_frame000498-1581791728_208,ok,
00004_frame000500-1581791728_409,ok,
00004_frame000502-1581791728_608,ok,
00004_frame000504-1581791728_808,ok,
00004_frame000506-1581791729_008,ok,
00004_frame000508-1581791729_208,ok,
00004_frame000510-1581791729_408,ok,
00004_frame000512-1581791729_608,ok,
00004_frame000514-1581791729_808,ok,
00004_frame000516-1581791730_008,ok,
00004_frame000518-1581791730_208,ok,
00004_frame000520-1581791730_408,ok,
00004_frame000522-1581791730_608,ok,
00004_frame000524-1581791730_808,ok,
00004_frame000526-1581791731_008,ok,
00004_frame000528-1581791731_208,ok,
00004_frame000530-1581791731_408,ok,
00004_frame000532-1581791731_608,ok,
00004_frame000534-1581791731_809,ok,
00004_frame000536-1581791732_008,ok,
00004_frame000538-1581791732_208,ok,
00004_frame000540-1581791732_408,ok,
00004_frame000542-1581791732_608,ok,
00004_frame000544-1581791732_809,ok,
00004_frame000546-1581791733_008,ok,
00004_frame000548-1581791733_208,ok,
00004_frame000550-1581791733_408,ok,
00004_frame000552-1581791733_608,ok,
00004_frame000554-1581791733_808,ok,
00004_frame000556-1581791734_008,ok,
00004_frame000558-1581791734_208,ok,
00004_frame000560-1581791734_408,ok,
00004_frame000562-1581791734_608,ok,
00004_frame000564-1581791734_808,ok,
00004_frame000566-1581791735_008,ok,
00004_frame000568-1581791735_208,ok,
00004_frame000570-1581791735_408,ok,
00004_frame000572-1581791735_608,ok,
00004_frame000574-1581791735_808,ok,
00004_frame000576-1581791736_008,ok,
00004_frame000578-1581791736_208,ok,
00004_frame000580-1581791736_408,ok,
00004_frame000582-1581791736_608,ok,
00004_frame000584-1581791736_808,ok,
00004_frame000586-1581791737_008,ok,
00004_frame000588-1581791737_208,ok,
00004_frame000590-1581791737_408,ok,
00004_frame000592-1581791737_609,ok,
00004_frame000594-1581791737_808,ok,
00004_frame000596-1581791738_008,ok,
00004_frame000598-1581791738_208,ok,
00004_frame000600-1581791738_408,ok,
00004_frame000602-1581791738_609,ok,
00004_frame000604-1581791738_808,ok,
00004_frame000606-1581791739_008,ok,
00004_frame000608-1581791739_208,ok,
00004_frame000610-1581791739_409,ok,
00004_frame000612-1581791739_608,ok,
00004_frame000614-1581791739_808,ok,
00004_frame000616-1581791740_008,ok,
00004_frame000618-1581791740_208,ok,
00004_frame000620-1581791740_408,ok,
00004_frame000622-1581791740_609,ok,
00004_frame000624-1581791740_809,ok,
00004_frame000626-1581791741_008,ok,
00004_frame000628-1581791741_208,ok,
00004_frame000630-1581791741_408,ok,
00004_frame000632-1581791741_608,ok,
00004_frame000634-1581791741_808,ok,
00004_frame000636-1581791742_008,ok,
00004_frame000638-1581791742_208,ok,
00004_frame000640-1581791742_408,ok,
00004_frame000642-1581791742_609,ok,
00004_frame000644-1581791742_808,ok,
00004_frame000646-1581791743_009,ok,
00004_frame000648-1581791743_208,ok,
00004_frame000650-1581791743_408,ok,
00004_frame000652-1581791743_608,ok,
00004_frame000654-1581791743_808,ok,
00004_frame000656-1581791744_008,ok,
00004_frame000658-1581791744_208,ok,
00004_frame000660-1581791744_408,ok,
00004_frame000662-1581791744_608,ok,
00004_frame000664-1581791744_808,ok,
00004_frame000666-1581791745_008,ok,
00004_frame000668-1581791745_208,ok,
00004_frame000670-1581791745_409,ok,
00004_frame000672-1581791745_609,ok,
00004_frame000674-1581791745_809,ok,
00004_frame000676-1581791746_008,ok,
00004_frame000678-1581791746_208,ok,
00004_frame000680-1581791746_408,ok,
00004_frame000682-1581791746_608,ok,
00004_frame000684-1581791746_808,ok,
00004_frame000686-1581791747_008,ok,
00004_frame000688-1581791747_208,ok,
00004_frame000690-1581791747_408,ok,
00004_frame000692-1581791747_608,ok,
00004_frame000694-1581791747_808,ok,
00004_frame000696-1581791748_009,ok,
00004_frame000698-1581791748_209,ok,
00004_frame000700-1581791748_408,ok,
00004_frame000702-1581791748_609,ok,
00004_frame000704-1581791748_808,ok,
00004_frame000706-1581791749_008,ok,
00004_frame000708-1581791749_208,ok,
00004_frame000710-1581791749_408,ok,
00004_frame000712-1581791749_608,ok,
00004_frame000714-1581791749_808,ok,
00004_frame000716-1581791750_008,ok,
00004_frame000718-1581791750_208,ok,
00004_frame000720-1581791750_408,ok,
00004_frame000722-1581791750_608,ok,
00004_frame000724-1581791750_808,ok,
00004_frame000726-1581791751_008,ok,
00004_frame000728-1581791751_208,ok,
00004_frame000730-1581791751_408,ok,
00004_frame000732-1581791751_608,ok,
00004_frame000734-1581791751_808,ok,
00004_frame000736-1581791752_008,ok,
00004_frame000738-1581791752_209,ok,
00004_frame000740-1581791752_408,ok,
00004_frame000742-1581791752_608,ok,
00004_frame000744-1581791752_808,ok,
00004_frame000746-1581791753_047,ok,
00004_frame000748-1581791753_208,ok,
00004_frame000750-1581791753_408,ok,
00004_frame000752-1581791753_608,ok,
00004_frame000754-1581791753_808,ok,
00004_frame000756-1581791754_008,ok,
00004_frame000758-1581791754_208,ok,
00004_frame000760-1581791754_408,ok,
00004_frame000762-1581791754_608,ok,
00004_frame000764-1581791754_808,ok,
00004_frame000766-1581791755_008,ok,
00004_frame000768-1581791755_208,ok,
00004_frame000770-1581791755_408,ok,
00004_frame000772-1581791755_608,ok,
00004_frame000774-1581791755_808,ok,
00004_frame000776-1581791756_008,ok,
00004_frame000778-1581791756_208,ok,
00004_frame000780-1581791756_408,ok,
00004_frame000782-1581791756_608,ok,
00004_frame000784-1581791756_808,ok,
00004_frame000786-1581791757_008,ok,
00004_frame000788-1581791757_208,ok,
00004_frame000790-1581791757_408,ok,
00004_frame000792-1581791757_608,ok,
00004_frame000794-1581791757_808,ok,
00004_frame000796-1581791758_008,ok,
00004_frame000798-1581791758_208,ok,
00004_frame000800-1581791758_408,ok,
00004_frame000802-1581791758_608,ok,
00004_frame000804-1581791758_808,ok,
00004_frame000806-1581791759_008,ok,
00004_frame000808-1581791759_208,ok,
00004_frame000810-1581791759_408,ok,
00004_frame000812-1581791759_608,ok,
00004_frame000814-1581791759_808,ok,
00004_frame000816-1581791760_008,ok,
00004_frame000818-1581791760_208,ok,
00004_frame000820-1581791760_408,ok,
00004_frame000822-1581791760_608,ok,
00004_frame000824-1581791760_808,ok,
00004_frame000826-1581791761_008,ok,
00004_frame000828-1581791761_208,ok,
00004_frame000830-1581791761_408,ok,
00004_frame000832-1581791761_608,ok,
00004_frame000834-1581791761_808,ok,
00004_frame000836-1581791762_008,ok,
00004_frame000838-1581791762_208,ok,
00004_frame000840-1581791762_408,ok,
00004_frame000842-1581791762_608,ok,
00004_frame000844-1581791762_808,ok,
00004_frame000846-1581791763_008,ok,
00004_frame000848-1581791763_208,ok,
00004_frame000850-1581791763_408,ok,
00004_frame000852-1581791763_608,ok,
00004_frame000854-1581791763_808,ok,
00004_frame000856-1581791764_008,ok,
00004_frame000858-1581791764_208,ok,
00004_frame000860-1581791764_408,ok,
00004_frame000862-1581791764_608,ok,
00004_frame000864-1581791764_808,ok,
00004_frame000866-1581791765_008,ok,
00004_frame000868-1581791765_208,ok,
00004_frame000870-1581791765_408,ok,
00004_frame000872-1581791765_608,ok,
00004_frame000874-1581791765_808,ok,
00004_frame000876-1581791766_008,ok,
00004_frame000878-1581791766_208,ok,
00004_frame000880-1581791766_408,ok,
00004_frame000882-1581791766_608,ok,
00004_frame000884-1581791766_808,ok,
00004_frame000886-1581791767_008,ok,
00004_frame000888-1581791767_208,ok,
00004_frame000890-1581791767_408,ok,
00004_frame000892-1581791767_608,ok,
00004_frame000894-1581791767_808,ok,
00004_frame000896-1581791768_008,ok,
00004_frame000898-1581791768_208,ok,
00004_frame000900-1581791768_408,ok,
00004_frame000902-1581791768_608,ok,
00004_frame000904-1581791768_808,ok,
00004_frame000906-1581791769_008,ok,
00004_frame000908-1581791769_208,ok,
00004_frame000910-1581791769_408,ok,
00004_frame000912-1581791769_608,ok,
00004_frame000914-1581791769_808,ok,
00004_frame000916-1581791770_008,ok,
00004_frame000918-1581791770_208,ok,
00004_frame000920-1581791770_408,ok,
00004_frame000922-1581791770_608,ok,
00004_frame000924-1581791770_808,ok,
00004_frame000926-1581791771_008,ok,
00004_frame000928-1581791771_208,ok,
00004_frame000930-1581791771_408,ok,
00004_frame000932-1581791771_608,ok,
00004_frame000934-1581791771_808,ok,
00004_frame000936-1581791772_008,ok,
00004_frame000938-1581791772_208,ok,
00004_frame000940-1581791772_408,ok,
00004_frame000942-1581791772_608,ok,
00004_frame000944-1581791772_808,ok,
00004_frame000946-1581791773_008,ok,
00004_frame000948-1581791773_208,ok,
00004_frame000950-1581791773_409,ok,
00004_frame000952-1581791773_609,ok,
00004_frame000954-1581791773_808,ok,
00004_frame000956-1581791774_008,ok,
00004_frame000958-1581791774_208,ok,
00004_frame000960-1581791774_408,ok,
00004_frame000962-1581791774_608,ok,
00004_frame000964-1581791774_808,ok,
00004_frame000966-1581791775_008,ok,
00004_frame000968-1581791775_209,ok,
00004_frame000970-1581791775_408,ok,
00004_frame000972-1581791775_608,ok,
00004_frame000974-1581791775_808,ok,
00004_frame000976-1581791776_008,ok,
00004_frame000978-1581791776_208,ok,
00004_frame000980-1581791776_408,ok,
00004_frame000982-1581791776_608,ok,
00004_frame000984-1581791776_808,ok,
00004_frame000986-1581791777_008,ok,
00004_frame000988-1581791777_208,ok,
00004_frame000990-1581791777_408,ok,
00004_frame000992-1581791777_608,ok,
00004_frame000994-1581791777_808,ok,
00004_frame000996-1581791778_009,ok,
00004_frame000998-1581791778_208,ok,
00004_frame001000-1581791778_408,ok,
00004_frame001002-1581791778_608,ok,
00004_frame001004-1581791778_808,ok,
00004_frame001006-1581791779_008,ok,
00004_frame001008-1581791779_208,ok,
00004_frame001010-1581791779_408,ok,
00004_frame001012-1581791779_608,ok,
00004_frame001014-1581791779_808,ok,
00004_frame001016-1581791780_009,ok,
00004_frame001018-1581791780_208,ok,
00004_frame001020-1581791780_408,ok,
00004_frame001022-1581791780_608,ok,
00004_frame001024-1581791780_808,ok,
00004_frame001026-1581791781_009,ok,
00004_frame001028-1581791781_208,ok,
00004_frame001030-1581791781_408,ok,
00004_frame001032-1581791781_608,ok,
00004_frame001034-1581791781_808,ok,
00004_frame001036-1581791782_008,ok,
00004_frame001038-1581791782_208,ok,
00004_frame001040-1581791782_408,ok,
00004_frame001042-1581791782_608,ok,
00004_frame001044-1581791782_808,ok,
00004_frame001046-1581791783_008,ok,
00004_frame001048-1581791783_208,ok,
00004_frame001050-1581791783_408,ok,
00004_frame001052-1581791783_608,ok,
00004_frame001054-1581791783_808,ok,
00004_frame001056-1581791784_008,ok,
00004_frame001058-1581791784_208,ok,
00004_frame001060-1581791784_408,ok,
00004_frame001062-1581791784_608,ok,
00004_frame001064-1581791784_809,ok,
00004_frame001066-1581791785_008,ok,
00004_frame001068-1581791785_208,ok,
00004_frame001070-1581791785_408,ok,
00004_frame001072-1581791785_609,ok,
00004_frame001074-1581791785_808,ok,
00004_frame001076-1581791786_008,ok,
00004_frame001078-1581791786_209,ok,
00004_frame001080-1581791786_409,ok,
00004_frame001082-1581791786_608,ok,
00004_frame001084-1581791786_808,ok,
00004_frame001086-1581791787_009,ok,
00004_frame001088-1581791787_208,ok,
00004_frame001090-1581791787_408,ok,
00004_frame001092-1581791787_609,ok,
00004_frame001094-1581791787_809,ok,
00004_frame001096-1581791788_008,ok,
00004_frame001098-1581791788_209,ok,
00004_frame001100-1581791788_408,ok,
00004_frame001102-1581791788_608,ok,
00004_frame001104-1581791788_808,ok,
00004_frame001106-1581791789_008,ok,
00004_frame001108-1581791789_208,ok,
00004_frame001110-1581791789_408,ok,
00004_frame001112-1581791789_608,ok,
00004_frame001114-1581791789_808,ok,
00004_frame001116-1581791790_009,ok,
00004_frame001118-1581791790_208,ok,
00004_frame001120-1581791790_408,ok,
00004_frame001122-1581791790_608,ok,
00004_frame001124-1581791790_808,ok,
00004_frame001126-1581791791_008,ok,
00004_frame001128-1581791791_208,ok,
00004_frame001130-1581791791_408,ok,
00004_frame001132-1581791791_608,ok,
00004_frame001134-1581791791_808,ok,
00004_frame001136-1581791792_008,ok,
00004_frame001138-1581791792_208,ok,
00004_frame001140-1581791792_408,ok,
00004_frame001142-1581791792_608,ok,
00004_frame001144-1581791792_808,ok,
00004_frame001146-1581791793_008,ok,
00004_frame001148-1581791793_208,ok,
00004_frame001150-1581791793_408,ok,
00004_frame001152-1581791793_608,ok,
00004_frame001154-1581791793_808,ok,
00004_frame001156-1581791794_008,ok,
00004_frame001158-1581791794_208,ok,
00004_frame001160-1581791794_408,ok,
00004_frame001162-1581791794_608,ok,
00004_frame001164-1581791794_808,ok,
00004_frame001166-1581791795_009,ok,
00004_frame001168-1581791795_208,ok,
00004_frame001170-1581791795_408,ok,
00004_frame001172-1581791795_608,ok,
00004_frame001174-1581791795_808,ok,
00004_frame001176-1581791796_008,ok,
00004_frame001178-1581791796_208,ok,
00004_frame001180-1581791796_408,ok,
00004_frame001182-1581791796_608,ok,
00004_frame001184-1581791796_809,ok,
00004_frame001186-1581791797_008,ok,
00004_frame001188-1581791797_208,ok,
00004_frame001190-1581791797_408,ok,
00004_frame001192-1581791797_609,ok,
00004_frame001194-1581791797_808,ok,
00004_frame001196-1581791798_008,ok,
00004_frame001198-1581791798_208,ok,
00004_frame001200-1581791798_408,ok,
00004_frame001202-1581791798_609,ok,
00004_frame001204-1581791798_808,ok,
00004_frame001206-1581791799_009,ok,
00004_frame001208-1581791799_208,ok,
00004_frame001210-1581791799_408,ok,
00004_frame001212-1581791799_608,ok,
00004_frame001214-1581791799_808,ok,
00004_frame001216-1581791800_008,ok,
00004_frame001218-1581791800_208,ok,
00004_frame001220-1581791800_408,ok,
00004_frame001222-1581791800_608,ok,
00004_frame001224-1581791800_809,ok,
00004_frame001226-1581791801_009,ok,
00004_frame001228-1581791801_208,ok,
00004_frame001230-1581791801_408,ok,
00004_frame001232-1581791801_608,ok,
00004_frame001234-1581791801_808,ok,
00004_frame001236-1581791802_008,ok,
00004_frame001238-1581791802_208,ok,
00004_frame001240-1581791802_408,ok,
00004_frame001242-1581791802_608,ok,
00004_frame001244-1581791802_809,ok,
00004_frame001246-1581791803_008,ok,
00004_frame001248-1581791803_209,ok,
00004_frame001250-1581791803_408,ok,
00004_frame001252-1581791803_608,ok,
00004_frame001254-1581791803_808,ok,
00004_frame001256-1581791804_008,ok,
00004_frame001258-1581791804_209,ok,
00004_frame001260-1581791804_408,ok,
00004_frame001262-1581791804_608,ok,
00004_frame001264-1581791804_808,ok,
00004_frame001266-1581791805_008,ok,
00004_frame001268-1581791805_208,ok,
00004_frame001270-1581791805_408,ok,
00004_frame001272-1581791805_608,ok,
00004_frame001274-1581791805_808,ok,
00004_frame001276-1581791806_008,ok,
00004_frame001278-1581791806_208,ok,
00004_frame001280-1581791806_408,ok,
00004_frame001282-1581791806_608,ok,
00004_frame001284-1581791806_808,ok,
00004_frame001286-1581791807_008,ok,
00004_frame001288-1581791807_208,ok,
00004_frame001290-1581791807_408,ok,
00004_frame001292-1581791807_608,ok,
00004_frame001294-1581791807_808,ok,
00004_frame001296-1581791808_008,ok,
00004_frame001298-1581791808_208,ok,
00004_frame001300-1581791808_408,ok,
00004_frame001302-1581791808_608,ok,
00004_frame001304-1581791808_808,ok,
00004_frame001306-1581791809_008,ok,
00004_frame001308-1581791809_208,ok,
00004_frame001310-1581791809_408,ok,
00004_frame001312-1581791809_608,ok,
00004_frame001314-1581791809_808,ok,
00004_frame001316-1581791810_008,ok,
00004_frame001318-1581791810_208,ok,
00004_frame001320-1581791810_408,ok,
00004_frame001322-1581791810_608,ok,
00004_frame001324-1581791810_809,ok,
00004_frame001326-1581791811_008,ok,
00004_frame001328-1581791811_208,ok,
00004_frame001330-1581791811_408,ok,
00004_frame001332-1581791811_608,ok,
00004_frame001334-1581791811_808,ok,
00004_frame001336-1581791812_008,ok,
00004_frame001338-1581791812_208,ok,
00004_frame001340-1581791812_408,ok,
00004_frame001342-1581791812_608,ok,
00004_frame001344-1581791812_808,ok,
00004_frame001346-1581791813_008,ok,
00004_frame001348-1581791813_208,ok,
00004_frame001350-1581791813_408,ok,
00004_frame001352-1581791813_608,ok,
00004_frame001354-1581791813_808,ok,
00004_frame001356-1581791814_008,ok,
00004_frame001358-1581791814_208,ok,
00004_frame001360-1581791814_408,ok,
00004_frame001362-1581791814_608,ok,
00004_frame001364-1581791814_808,ok,
00004_frame001366-1581791815_008,ok,
00004_frame001368-1581791815_208,ok,
00004_frame001370-1581791815_408,ok,
00004_frame001372-1581791815_608,ok,
00004_frame001374-1581791815_808,ok,
00004_frame001376-1581791816_008,ok,
00004_frame001378-1581791816_208,ok,
00004_frame001380-1581791816_408,ok,
00004_frame001382-1581791816_608,ok,
00004_frame001384-1581791816_808,ok,
00004_frame001386-1581791817_008,ok,
00004_frame001388-1581791817_208,ok,
00004_frame001390-1581791817_408,ok,
00004_frame001392-1581791817_608,ok,
00004_frame001394-1581791817_808,ok,
00004_frame001396-1581791818_008,ok,
00004_frame001398-1581791818_208,ok,
00004_frame001400-1581791818_408,ok,
00004_frame001402-1581791818_608,ok,
00004_frame001404-1581791818_808,ok,
00004_frame001406-1581791819_008,ok,
00004_frame001408-1581791819_208,ok,
00004_frame001410-1581791819_408,ok,
00004_frame001412-1581791819_608,ok,
00004_frame001414-1581791819_808,ok,
00004_frame001416-1581791820_008,ok,
00004_frame001418-1581791820_208,ok,
00004_frame001420-1581791820_408,ok,
00004_frame001422-1581791820_608,ok,
00004_frame001424-1581791820_808,ok,
00004_frame001426-1581791821_008,ok,
00004_frame001428-1581791821_208,ok,
00004_frame001430-1581791821_408,ok,
00004_frame001432-1581791821_608,ok,
00004_frame001434-1581791821_808,ok,
00004_frame001436-1581791822_008,ok,
00004_frame001438-1581791822_208,ok,
00004_frame001440-1581791822_408,ok,
00004_frame001442-1581791822_608,ok,
00004_frame001444-1581791822_808,ok,
00004_frame001446-1581791823_008,ok,
00004_frame001448-1581791823_208,ok,
00004_frame001450-1581791823_408,ok,
00004_frame001452-1581791823_608,ok,
00004_frame001454-1581791823_808,ok,
00004_frame001456-1581791824_008,ok,
00004_frame001458-1581791824_208,ok,
00004_frame001460-1581791824_408,ok,
00004_frame001462-1581791824_608,ok,
00004_frame001464-1581791824_808,ok,
00004_frame001466-1581791825_008,ok,
00004_frame001468-1581791825_208,ok,
00004_frame001470-1581791825_408,ok,
00004_frame001472-1581791825_608,ok,
00004_frame001474-1581791825_808,ok,
00004_frame001476-1581791826_008,ok,
00004_frame001478-1581791826_208,ok,
00004_frame001480-1581791826_408,ok,
00004_frame001482-1581791826_608,ok,
00004_frame001484-1581791826_808,ok,
00004_frame001486-1581791827_008,ok,
00004_frame001488-1581791827_208,ok,
00004_frame001490-1581791827_408,ok,
00004_frame001492-1581791827_608,ok,
00004_frame001494-1581791827_808,ok,
00004_frame001496-1581791828_008,ok,
00004_frame001498-1581791828_208,ok,
00004_frame001500-1581791828_408,ok,
00004_frame001502-1581791828_609,ok,
00004_frame001504-1581791828_808,ok,
00004_frame001506-1581791829_008,ok,
00004_frame001508-1581791829_208,ok,
00004_frame001510-1581791829_408,ok,
00004_frame001512-1581791829_608,ok,
00004_frame001514-1581791829_808,ok,
00004_frame001516-1581791830_008,ok,
00004_frame001518-1581791830_208,ok,
00004_frame001520-1581791830_408,ok,
00004_frame001522-1581791830_608,ok,
00004_frame001524-1581791830_808,ok,
00004_frame001526-1581791831_008,ok,
00004_frame001528-1581791831_208,ok,
00004_frame001530-1581791831_408,ok,
00004_frame001532-1581791831_608,ok,
00004_frame001534-1581791831_808,ok,
00004_frame001536-1581791832_008,ok,
00004_frame001538-1581791832_209,ok,
00004_frame001540-1581791832_408,ok,
00004_frame001542-1581791832_608,ok,
00004_frame001544-1581791832_808,ok,
00004_frame001546-1581791833_008,ok,
00004_frame001548-1581791833_208,ok,
00004_frame001550-1581791833_408,ok,
00004_frame001552-1581791833_608,ok,
00004_frame001554-1581791833_808,ok,
00004_frame001556-1581791834_008,ok,
00004_frame001558-1581791834_208,ok,
00004_frame001560-1581791834_408,ok,
00004_frame001562-1581791834_608,ok,
00004_frame001564-1581791834_808,ok,
00004_frame001566-1581791835_008,ok,
00004_frame001568-1581791835_208,ok,
00004_frame001570-1581791835_408,ok,
00004_frame001572-1581791835_609,ok,
00004_frame001574-1581791835_808,ok,
00004_frame001576-1581791836_008,ok,
00004_frame001578-1581791836_208,ok,
00004_frame001580-1581791836_408,ok,
00004_frame001582-1581791836_608,ok,
00004_frame001584-1581791836_809,ok,
00004_frame001586-1581791837_008,ok,
00004_frame001588-1581791837_208,ok,
00004_frame001590-1581791837_408,ok,
00004_frame001592-1581791837_608,ok,
00004_frame001594-1581791837_808,ok,
00004_frame001596-1581791838_008,ok,
00004_frame001598-1581791838_209,ok,
00004_frame001600-1581791838_408,ok,
00004_frame001602-1581791838_608,ok,
00004_frame001604-1581791838_808,ok,
00004_frame001606-1581791839_008,ok,
00004_frame001608-1581791839_208,ok,
00004_frame001610-1581791839_408,ok,
00004_frame001612-1581791839_609,ok,
00004_frame001614-1581791839_808,ok,
00004_frame001616-1581791840_008,ok,
00004_frame001618-1581791840_209,ok,
00004_frame001620-1581791840_408,ok,
00004_frame001622-1581791840_608,ok,
00004_frame001624-1581791840_808,ok,
00004_frame001626-1581791841_008,ok,
00004_frame001628-1581791841_208,ok,
00004_frame001630-1581791841_408,ok,
00004_frame001632-1581791841_609,ok,
00004_frame001634-1581791841_809,ok,
00004_frame001636-1581791842_008,ok,
00004_frame001638-1581791842_208,ok,
00004_frame001640-1581791842_408,ok,
00004_frame001642-1581791842_608,ok,
00004_frame001644-1581791842_808,ok,
00004_frame001646-1581791843_008,ok,
00004_frame001648-1581791843_208,ok,
00004_frame001650-1581791843_408,ok,
00004_frame001652-1581791843_608,ok,
00004_frame001654-1581791843_808,ok,
00004_frame001656-1581791844_008,ok,
00004_frame001658-1581791844_208,ok,
00004_frame001660-1581791844_408,ok,
00004_frame001662-1581791844_608,ok,
00004_frame001664-1581791844_808,ok,
00004_frame001666-1581791845_008,ok,
00004_frame001668-1581791845_208,ok,
00004_frame001670-1581791845_409,ok,
00004_frame001672-1581791845_609,ok,
00004_frame001674-1581791845_808,ok,
00004_frame001676-1581791846_008,ok,
00004_frame001678-1581791846_208,ok,
00004_frame001680-1581791846_408,ok,
00004_frame001682-1581791846_608,ok,
00004_frame001684-1581791846_808,ok,
00004_frame001686-1581791847_009,ok,
00004_frame001688-1581791847_208,ok,
00004_frame001690-1581791847_408,ok,
00004_frame001692-1581791847_608,ok,
00004_frame001694-1581791847_808,ok,
00004_frame001696-1581791848_008,ok,
00004_frame001698-1581791848_208,ok,
00004_frame001700-1581791848_408,ok,
00004_frame001702-1581791848_608,ok,
00004_frame001704-1581791848_808,ok,
00004_frame001706-1581791849_008,ok,
00004_frame001708-1581791849_208,ok,
00004_frame001710-1581791849_409,ok,
00004_frame001712-1581791849_608,ok,
00004_frame001714-1581791849_808,ok,
00004_frame001716-1581791850_008,ok,
00004_frame001718-1581791850_209,ok,
00004_frame001720-1581791850_408,ok,
00004_frame001722-1581791850_608,ok,
00004_frame001724-1581791850_808,ok,
00004_frame001726-1581791851_008,ok,
00004_frame001728-1581791851_209,ok,
00004_frame001730-1581791851_408,ok,
00004_frame001732-1581791851_608,ok,
00004_frame001734-1581791851_808,ok,
00004_frame001736-1581791852_009,ok,
00004_frame001738-1581791852_208,ok,
00004_frame001740-1581791852_408,ok,
00004_frame001742-1581791852_608,ok,
00004_frame001744-1581791852_808,ok,
00004_frame001746-1581791853_008,ok,
00004_frame001748-1581791853_208,ok,
00004_frame001750-1581791853_408,ok,
00004_frame001752-1581791853_608,ok,
00004_frame001754-1581791853_808,ok,
00004_frame001756-1581791854_008,ok,
00004_frame001758-1581791854_208,ok,
00004_frame001760-1581791854_408,ok,
00004_frame001762-1581791854_608,ok,
00004_frame001764-1581791854_808,ok,
00004_frame001766-1581791855_008,ok,
00004_frame001768-1581791855_208,ok,
00004_frame001770-1581791855_408,ok,
00004_frame001772-1581791855_609,ok,
00004_frame001774-1581791855_808,ok,
00004_frame001776-1581791856_008,ok,
00004_frame001778-1581791856_208,ok,
00004_frame001780-1581791856_408,ok,
00004_frame001782-1581791856_608,ok,
00004_frame001784-1581791856_808,ok,
00004_frame001786-1581791857_008,ok,
00004_frame001788-1581791857_208,ok,
00004_frame001790-1581791857_408,ok,
00004_frame001792-1581791857_608,ok,
00004_frame001794-1581791857_808,ok,
00004_frame001796-1581791858_008,ok,
